timestamp,temp_c
1517556206.392,21.6391
1517556207.391,21.6605
1517556208.391,21.6605
1517556209.390,21.6712
1517556210.390,21.6926
1517556211.389,21.6926
1517556212.393,21.6926
1517556213.392,21.6819
1517556214.392,21.6926
1517556215.391,21.7033
1517556216.391,21.7033
1517556217.390,21.7140
1517556218.390,21.7140
1517556219.389,21.7033
1517556220.389,21.7033
1517556221.389,21.7140
1517556222.388,21.7140
1517556223.387,21.7247
1517556224.391,21.7247
1517556225.391,21.7247
1517556226.390,21.7247
1517556227.389,21.7354
1517556228.389,21.7461
1517556229.389,21.7461
1517556230.388,21.7675
1517556231.388,21.7568
1517556232.387,21.7461
1517556233.386,21.7461
1517556234.386,21.7568
1517556235.385,21.7461
1517556236.385,21.7675
1517556237.385,21.7675
1517556238.384,21.7675
1517556239.388,21.7675
1517556240.387,21.7675
1517556241.387,21.7782
1517556242.386,21.7782
1517556243.386,21.7782
1517556244.385,21.7996
1517556245.385,21.7889
1517556246.384,21.7889
1517556247.384,21.7996
1517556248.383,21.8103
1517556249.383,21.7996
1517556250.382,21.7996
1517556251.386,21.7889
1517556252.381,21.7996
1517556253.385,21.8103
1517556254.384,21.7996
1517556255.384,21.8103
1517556256.384,21.8210
1517556257.383,21.8103
1517556258.382,21.8103
1517556259.382,21.8424
1517556260.381,21.7996
1517556261.381,21.7996
1517556262.381,21.8317
1517556263.384,21.7996
1517556264.380,21.8210
1517556265.383,21.8210
1517556266.382,21.8210
1517556267.382,21.8103
1517556268.381,21.8210
1517556269.381,21.8210
1517556270.381,21.8424
1517556271.380,21.8317
1517556272.380,21.8210
1517556273.379,21.8210
1517556274.379,21.8317
1517556275.378,21.8210
1517556276.378,21.8531
1517556277.377,21.8531
1517556278.381,21.8531
1517556279.380,21.8424
1517556280.380,21.8637
1517556281.379,21.8424
1517556282.379,21.8531
1517556283.378,21.8531
1517556284.378,21.8637
1517556285.377,21.8637
1517556286.377,21.8637
1517556287.376,21.8851
1517556288.376,21.8958
1517556289.375,21.8851
1517556290.379,21.8851
1517556291.374,21.8851
1517556292.378,21.8744
1517556293.377,21.8851
1517556294.377,21.8851
1517556295.376,21.8744
1517556296.376,21.8744
1517556297.376,21.8958
1517556298.375,21.8851
1517556299.375,21.9065
1517556300.374,21.8851
1517556301.373,21.8958
1517556302.373,21.9065
1517556303.373,21.8958
1517556304.376,21.9065
1517556305.375,21.9065
1517556306.375,21.8958
1517556307.375,21.8958
1517556308.374,21.9065
1517556309.374,21.9065
1517556310.373,21.9065
1517556311.373,21.8958
1517556312.372,21.8744
1517556313.372,21.8744
1517556314.371,21.9065
1517556315.371,21.8958
1517556316.370,21.8744
1517556317.374,21.8744
1517556318.369,21.8958
1517556319.373,21.9172
1517556320.372,21.9279
1517556321.372,21.9172
1517556322.371,21.9600
1517556323.371,21.9600
1517556324.370,22.0028
1517556325.370,21.9921
1517556326.369,21.9921
1517556327.369,22.0135
1517556328.368,22.0242
1517556329.368,22.0135
1517556330.367,22.0135
1517556331.371,22.0242
1517556332.370,22.0135
1517556333.370,22.0242
1517556334.369,22.0135
1517556335.369,22.0028
1517556336.369,22.0028
1517556337.368,22.0135
1517556338.368,22.0028
1517556339.367,21.9814
1517556340.366,21.9814
1517556341.366,21.9707
1517556342.366,21.9814
1517556343.369,21.9814
1517556344.369,21.9707
1517556345.368,21.9921
1517556346.368,21.9600
1517556347.367,21.9493
1517556348.367,21.9600
1517556349.366,21.9600
1517556350.366,21.9600
1517556351.365,21.9493
1517556352.365,21.9386
1517556353.364,21.9386
1517556354.364,21.9386
1517556355.363,21.9386
1517556356.363,21.9386
1517556357.362,21.9493
1517556358.366,21.9279
1517556359.365,21.9493
1517556360.365,21.9172
1517556361.364,21.9279
1517556362.364,21.9172
1517556363.363,21.9172
1517556364.363,21.9065
1517556365.362,21.9065
1517556366.362,21.9065
1517556367.361,21.9279
1517556368.361,21.8958
1517556369.360,21.9172
1517556370.364,21.9065
1517556371.363,21.9172
1517556372.363,21.9065
1517556373.362,21.9065
1517556374.362,21.9065
1517556375.362,21.9065
1517556376.361,21.9172
1517556377.361,21.9279
1517556378.360,21.9279
1517556379.359,21.9172
1517556380.359,21.9065
1517556381.359,21.9172
1517556382.358,21.8958
1517556383.357,21.9065
1517556384.361,21.9065
1517556385.361,21.9065
1517556386.360,21.9279
1517556387.360,21.9065
1517556388.359,21.8958
1517556389.359,21.8958
1517556390.358,21.9065
1517556391.358,21.9065
1517556392.357,21.9172
1517556393.357,21.9065
1517556394.356,21.8851
1517556395.356,21.8851
1517556396.355,21.8958
1517556397.359,21.8958
1517556398.354,21.8958
1517556399.358,21.8958
1517556400.357,21.8851
1517556401.357,21.8744
1517556402.356,21.8744
1517556403.356,21.8744
1517556404.355,21.8958
1517556405.355,21.8744
1517556406.354,21.9065
1517556407.354,21.8637
1517556408.353,21.8637
1517556409.357,21.8637
1517556410.352,21.8637
1517556411.356,21.8531
1517556412.355,21.8531
1517556413.355,21.8637
1517556414.354,21.8531
1517556415.354,21.8531
1517556416.354,21.8637
1517556417.353,21.8637
1517556418.352,21.8424
1517556419.352,21.8317
1517556420.352,21.8424
1517556421.351,21.8424
1517556422.351,21.8317
1517556423.354,21.8531
1517556424.354,21.8424
1517556425.353,21.8531
1517556426.353,21.8531
1517556427.352,21.8317
1517556428.352,21.8637
1517556429.351,21.8424
1517556430.351,21.8210
1517556431.350,21.8424
1517556432.350,21.8317
1517556433.349,21.8210
1517556434.349,21.8317
1517556435.348,21.8210
1517556436.352,21.8317
1517556437.347,21.8210
1517556438.351,21.8210
1517556439.350,21.8210
1517556440.350,21.8210
1517556441.350,21.8424
1517556442.349,21.8210
1517556443.348,21.8210
1517556444.348,21.8210
1517556445.347,21.8317
1517556446.347,21.8210
1517556447.347,21.8210
1517556448.346,21.8317
1517556449.346,21.8210
1517556450.349,21.8103
1517556451.348,21.8317
1517556452.348,21.8210
1517556453.348,21.8210
1517556454.347,21.8103
1517556455.347,21.8103
1517556456.346,21.8103
1517556457.346,21.7889
1517556458.345,21.8103
1517556459.345,21.8210
1517556460.344,21.7889
1517556461.343,21.7996
1517556462.343,21.7996
1517556463.347,21.7889
1517556464.346,21.7996
1517556465.346,21.7996
1517556466.345,21.8103
1517556467.345,21.7996
1517556468.344,21.7996
1517556469.344,21.7996
1517556470.343,21.7782
1517556471.343,21.7782
1517556472.342,21.7782
1517556473.342,21.7782
1517556474.341,21.7889
1517556475.341,21.7996
1517556476.340,21.7782
1517556477.344,21.7889
1517556478.344,21.7782
1517556479.343,21.7782
1517556480.342,21.7675
1517556481.342,21.7782
1517556482.342,21.7889
1517556483.341,21.7675
1517556484.341,21.7568
1517556485.340,21.7568
1517556486.339,21.7461
1517556487.339,21.7675
1517556488.339,21.7568
1517556489.342,21.7675
1517556490.342,21.7675
1517556491.341,21.7568
1517556492.340,21.7354
1517556493.340,21.7782
1517556494.340,21.7568
1517556495.339,21.7461
1517556496.339,21.7675
1517556497.338,21.7675
1517556498.338,21.7461
1517556499.337,21.7568
1517556500.337,21.7461
1517556501.336,21.7354
1517556502.336,21.7354
1517556503.339,21.7354
1517556504.339,21.7461
1517556505.338,21.7354
1517556506.338,21.7247
1517556507.337,21.7461
1517556508.337,21.7568
1517556509.336,21.7461
1517556510.336,21.7461
1517556511.335,21.7247
1517556512.335,21.7247
1517556513.334,21.7354
1517556514.334,21.7354
1517556515.333,21.7461
1517556516.337,21.7140
1517556517.336,21.7568
1517556518.336,21.7247
1517556519.336,21.7140
1517556520.335,21.7354
1517556521.334,21.7247
1517556522.334,21.7247
1517556523.333,21.7354
1517556524.333,21.7247
1517556525.333,21.7247
1517556526.332,21.7354
1517556527.332,21.7354
1517556528.335,21.6926
1517556529.331,21.7033
1517556530.334,21.7033
1517556531.334,21.7033
1517556532.333,21.7033
1517556533.333,21.7247
1517556534.332,21.6926
1517556535.332,21.7140
1517556536.331,21.7140
1517556537.331,21.7140
1517556538.330,21.7033
1517556539.330,21.7033
1517556540.329,21.7140
1517556541.329,21.6926
1517556542.328,21.7247
1517556543.332,21.7247
1517556544.331,21.7247
1517556545.331,21.7247
1517556546.330,21.7140
1517556547.330,21.7461
1517556548.329,21.7247
1517556549.329,21.7140
1517556550.328,21.7140
1517556551.328,21.7354
1517556552.327,21.7354
1517556553.327,21.7140
1517556554.327,21.7247
1517556555.330,21.7354
1517556556.326,21.7033
1517556557.329,21.7140
1517556558.329,21.7140
1517556559.328,21.7033
1517556560.327,21.7247
1517556561.327,21.7247
1517556562.327,21.7140
1517556563.326,21.6926
1517556564.326,21.6926
1517556565.325,21.7140
1517556566.325,21.6712
1517556567.328,21.7033
1517556568.324,21.6926
1517556569.327,21.6926
1517556570.327,21.6819
1517556571.326,21.6819
1517556572.326,21.6926
1517556573.325,21.6926
1517556574.325,21.6712
1517556575.324,21.6819
1517556576.324,21.6926
1517556577.323,21.7033
1517556578.323,21.6819
1517556579.322,21.6819
1517556580.322,21.6819
1517556581.321,21.6712
1517556582.325,21.6819
1517556583.324,21.6605
1517556584.324,21.6819
1517556585.323,21.6712
1517556586.323,21.6498
1517556587.322,21.6819
1517556588.322,21.6819
1517556589.321,21.6605
1517556590.321,21.6605
1517556591.320,21.6819
1517556592.320,21.6498
1517556593.320,21.6605
1517556594.323,21.6712
1517556595.318,21.6498
1517556596.322,21.6498
1517556597.322,21.6605
1517556598.321,21.6605
1517556599.321,21.6498
1517556600.320,21.6605
1517556601.319,21.6498
1517556602.319,21.6605
1517556603.319,21.6712
1517556604.318,21.6391
1517556605.318,21.6391
1517556606.317,21.6391
1517556607.317,21.6498
1517556608.320,21.6498
1517556609.320,21.6712
1517556610.319,21.6284
1517556611.319,21.6391
1517556612.318,21.6391
1517556613.318,21.6177
1517556614.317,21.6284
1517556615.317,21.6391
1517556616.316,21.6284
1517556617.316,21.6284
1517556618.315,21.6391
1517556619.315,21.6177
1517556620.314,21.6391
1517556621.314,21.6177
1517556622.314,21.6177
1517556623.317,21.6177
1517556624.316,21.6177
1517556625.316,21.6284
1517556626.316,21.6070
1517556627.315,21.6177
1517556628.315,21.6070
1517556629.314,21.6070
1517556630.314,21.6284
1517556631.313,21.6070
1517556632.312,21.5963
1517556633.312,21.6177
1517556634.312,21.6177
1517556635.315,21.6284
1517556636.315,21.6177
1517556637.314,21.5963
1517556638.314,21.5963
1517556639.313,21.5963
1517556640.313,21.5963
1517556641.312,21.5856
1517556642.312,21.5963
1517556643.311,21.5963
1517556644.311,21.5963
1517556645.310,21.5856
1517556646.310,21.5856
1517556647.313,21.5856
1517556648.309,21.5536
1517556649.312,21.5642
1517556650.312,21.5749
1517556651.311,21.5536
1517556652.311,21.5749
1517556653.310,21.5856
1517556654.310,21.5856
1517556655.309,21.5963
1517556656.309,21.5749
1517556657.308,21.5749
1517556658.308,21.5749
1517556659.307,21.5429
1517556660.307,21.5749
1517556661.306,21.5749
1517556662.310,21.5749
1517556663.310,21.5749
1517556664.309,21.5536
1517556665.308,21.5642
1517556666.308,21.5856
1517556667.308,21.5536
1517556668.307,21.5429
1517556669.307,21.5536
1517556670.306,21.5642
1517556671.306,21.5429
1517556672.305,21.5429
1517556673.305,21.5536
1517556674.308,21.5536
1517556675.304,21.5322
1517556676.307,21.5536
1517556677.307,21.5322
1517556678.306,21.5536
1517556679.306,21.5322
1517556680.305,21.5322
1517556681.305,21.5536
1517556682.304,21.5536
1517556683.304,21.5322
1517556684.303,21.5322
1517556685.303,21.5536
1517556686.302,21.5108
1517556687.302,21.5429
1517556688.305,21.5215
1517556689.305,21.5108
1517556690.304,21.5322
1517556691.304,21.5322
1517556692.303,21.5322
1517556693.303,21.5108
1517556694.303,21.5215
1517556695.302,21.5322
1517556696.301,21.5322
1517556697.301,21.5108
1517556698.301,21.5215
1517556699.300,21.5001
1517556700.300,21.5001
1517556701.303,21.4894
1517556702.299,21.5215
1517556703.302,21.5001
1517556704.302,21.5215
1517556705.301,21.5001
1517556706.301,21.5001
1517556707.300,21.5001
1517556708.299,21.5001
1517556709.299,21.4894
1517556710.299,21.5108
1517556711.298,21.4894
1517556712.298,21.5001
1517556713.297,21.4894
1517556714.297,21.4894
1517556715.300,21.4787
1517556716.300,21.4787
1517556717.299,21.5001
1517556718.299,21.4894
1517556719.298,21.4573
1517556720.298,21.4680
1517556721.297,21.4787
1517556722.297,21.4680
1517556723.296,21.4680
1517556724.296,21.4680
1517556725.295,21.4573
1517556726.295,21.4466
1517556727.298,21.4466
1517556728.298,21.4466
1517556729.297,21.4466
1517556730.297,21.4466
1517556731.297,21.4573
1517556732.296,21.4573
1517556733.295,21.4680
1517556734.295,21.4359
1517556735.294,21.4252
1517556736.294,21.4252
1517556737.294,21.4359
1517556738.293,21.4252
1517556739.293,21.4359
1517556740.292,21.4252
1517556741.292,21.4466
1517556742.295,21.4145
1517556743.295,21.4359
1517556744.294,21.4252
1517556745.294,21.4145
1517556746.293,21.4252
1517556747.293,21.4038
1517556748.292,21.4252
1517556749.292,21.4145
1517556750.291,21.4466
1517556751.291,21.4038
1517556752.290,21.4252
1517556753.290,21.4252
1517556754.293,21.4145
1517556755.293,21.4038
1517556756.292,21.3931
1517556757.292,21.3931
1517556758.291,21.3824
1517556759.291,21.3931
1517556760.290,21.3717
1517556761.290,21.3824
1517556762.289,21.3824
1517556763.289,21.3824
1517556764.289,21.3824
1517556765.288,21.3503
1517556766.287,21.3610
1517556767.287,21.3503
1517556768.291,21.3396
1517556769.290,21.3610
1517556770.290,21.3289
1517556771.289,21.3503
1517556772.288,21.3610
1517556773.288,21.3396
1517556774.288,21.3396
1517556775.287,21.3396
1517556776.287,21.3182
1517556777.286,21.3396
1517556778.286,21.3289
1517556779.285,21.3182
1517556780.285,21.3182
1517556781.288,21.3289
1517556782.288,21.3182
1517556783.287,21.3503
1517556784.287,21.3289
1517556785.286,21.3182
1517556786.286,21.3182
1517556787.285,21.2861
1517556788.285,21.2861
1517556789.284,21.3182
1517556790.284,21.2968
1517556791.283,21.2861
1517556792.283,21.2861
1517556793.286,21.2861
1517556794.282,21.2861
1517556795.285,21.2861
1517556796.285,21.2861
1517556797.284,21.2861
1517556798.284,21.2541
1517556799.283,21.2647
1517556800.283,21.2541
1517556801.283,21.2434
1517556802.282,21.2541
1517556803.281,21.2541
1517556804.281,21.2541
1517556805.281,21.2541
1517556806.280,21.2434
1517556807.283,21.2647
1517556808.283,21.2327
1517556809.283,21.2434
1517556810.282,21.2327
1517556811.282,21.2220
1517556812.281,21.2327
1517556813.281,21.2220
1517556814.280,21.2220
1517556815.280,21.2113
1517556816.279,21.2220
1517556817.279,21.2220
1517556818.278,21.1899
1517556819.278,21.2220
1517556820.281,21.2006
1517556821.277,21.2113
1517556822.280,21.2113
1517556823.280,21.1899
1517556824.279,21.1899
1517556825.279,21.1685
1517556826.278,21.1685
1517556827.278,21.1899
1517556828.278,21.1899
1517556829.277,21.2113
1517556830.277,21.2006
1517556831.276,21.1899
1517556832.275,21.1792
1517556833.275,21.1899
1517556834.278,21.1899
1517556835.278,21.2006
1517556836.277,21.1792
1517556837.277,21.1792
1517556838.277,21.1792
1517556839.276,21.1685
1517556840.276,21.1685
1517556841.275,21.1471
1517556842.275,21.1471
1517556843.274,21.1364
1517556844.274,21.1578
1517556845.273,21.1471
1517556846.273,21.1471
1517556847.276,21.1364
1517556848.276,21.1578
1517556849.275,21.1471
1517556850.275,21.1471
1517556851.274,21.1364
1517556852.274,21.1471
1517556853.273,21.1578
1517556854.273,21.1471
1517556855.272,21.1257
1517556856.272,21.1150
1517556857.271,21.1257
1517556858.271,21.1364
1517556859.270,21.1150
1517556860.270,21.1685
1517556861.273,21.1257
1517556862.273,21.1257
1517556863.272,21.1257
1517556864.272,21.1150
1517556865.271,21.1150
1517556866.271,21.1150
1517556867.270,21.1257
1517556868.270,21.1043
1517556869.270,21.1150
1517556870.269,21.1150
1517556871.268,21.1257
1517556872.268,21.1150
1517556873.272,21.1150
1517556874.267,21.1150
1517556875.271,21.1257
1517556876.270,21.1043
1517556877.270,21.1043
1517556878.269,21.0829
1517556879.269,21.1043
1517556880.268,21.1043
1517556881.268,21.0936
1517556882.267,21.1150
1517556883.267,21.0936
1517556884.266,21.0722
1517556885.266,21.0829
1517556886.265,21.0722
1517556887.269,21.0936
1517556888.268,21.0722
1517556889.268,21.0829
1517556890.267,21.0829
1517556891.267,21.0829
1517556892.266,21.0829
1517556893.266,21.0722
1517556894.265,21.0508
1517556895.265,21.0722
1517556896.264,21.0508
1517556897.264,21.0401
1517556898.263,21.0722
1517556899.263,21.0508
1517556900.267,21.0508
1517556901.262,21.0508
1517556902.266,21.0508
1517556903.265,21.0615
1517556904.264,21.0401
1517556905.264,21.0401
1517556906.263,21.0294
1517556907.263,21.0294
1517556908.263,21.0401
1517556909.262,21.0080
1517556910.262,21.0187
1517556911.261,21.0187
1517556912.265,21.0080
1517556913.260,21.0080
1517556914.264,20.9973
1517556915.263,20.9866
1517556916.263,20.9866
1517556917.262,20.9866
1517556918.262,20.9866
1517556919.261,20.9759
1517556920.261,20.9866
1517556921.260,20.9973
1517556922.260,21.0080
1517556923.259,21.0080
1517556924.259,20.9866
1517556925.258,20.9759
1517556926.258,20.9759
1517556927.261,20.9439
1517556928.261,20.9652
1517556929.260,20.9439
1517556930.260,20.9439
1517556931.259,20.9439
1517556932.259,20.9439
1517556933.258,20.9332
1517556934.258,20.9118
1517556935.257,20.9118
1517556936.257,20.9118
1517556937.256,20.9118
1517556938.256,20.9118
1517556939.255,20.9118
1517556940.255,20.9118
1517556941.259,20.9225
1517556942.258,20.9225
1517556943.258,20.9011
1517556944.257,20.9011
1517556945.257,20.9011
1517556946.256,20.8904
1517556947.256,20.8797
1517556948.255,20.8904
1517556949.255,20.9118
1517556950.254,20.9011
1517556951.254,20.9011
1517556952.253,20.8797
1517556953.257,20.8583
1517556954.256,20.8690
1517556955.256,20.8797
1517556956.255,20.8690
1517556957.255,20.8797
1517556958.254,20.8904
1517556959.254,20.8797
1517556960.253,20.8690
1517556961.253,20.8583
1517556962.252,20.8583
1517556963.252,20.8583
1517556964.252,20.8583
1517556965.251,20.8583
1517556966.250,20.8690
1517556967.254,20.8690
1517556968.253,20.8583
1517556969.253,20.8369
1517556970.252,20.8369
1517556971.252,20.8369
1517556972.251,20.8262
1517556973.251,20.8155
1517556974.251,20.8155
1517556975.250,20.8262
1517556976.250,20.8048
1517556977.249,20.8155
1517556978.249,20.7941
1517556979.248,20.7941
1517556980.252,20.7941
1517556981.247,20.7834
1517556982.251,20.7941
1517556983.250,20.7941
1517556984.250,20.7834
1517556985.249,20.7834
1517556986.248,20.7941
1517556987.248,20.7941
1517556988.248,20.7834
1517556989.247,20.7727
1517556990.247,20.7834
1517556991.246,20.7513
1517556992.246,20.7727
1517556993.245,20.7513
1517556994.249,20.7620
1517556995.248,20.7513
1517556996.248,20.7513
1517556997.247,20.7406
1517556998.247,20.7834
1517556999.246,20.7620
1517557000.246,20.7834
1517557001.245,20.7727
1517557002.245,20.7727
1517557003.244,20.7727
1517557004.244,20.7727
1517557005.243,20.7513
1517557006.243,20.7406
1517557007.242,20.7406
1517557008.246,20.7406
1517557009.245,20.7299
1517557010.245,20.7406
1517557011.244,20.7406
1517557012.244,20.7406
1517557013.243,20.7406
1517557014.243,20.7513
1517557015.243,20.7192
1517557016.242,20.7085
1517557017.242,20.7406
1517557018.241,20.7406
1517557019.241,20.7192
1517557020.240,20.7085
1517557021.243,20.7085
1517557022.243,20.7085
1517557023.243,20.6978
1517557024.242,20.6871
1517557025.242,20.7192
1517557026.241,20.7085
1517557027.241,20.7192
1517557028.240,20.7192
1517557029.240,20.6978
1517557030.239,20.6871
1517557031.239,20.7192
1517557032.238,20.7299
1517557033.242,20.7192
1517557034.237,20.7192
1517557035.241,20.7192
1517557036.240,20.7192
1517557037.240,20.7299
1517557038.239,20.7192
1517557039.239,20.7192
1517557040.238,20.7085
1517557041.238,20.7299
1517557042.237,20.7299
1517557043.237,20.7406
1517557044.237,20.7299
1517557045.236,20.7406
1517557046.236,20.7513
1517557047.239,20.7406
1517557048.238,20.7406
1517557049.238,20.7299
1517557050.238,20.7620
1517557051.237,20.7299
1517557052.237,20.7406
1517557053.236,20.7299
1517557054.236,20.7085
1517557055.235,20.7192
1517557056.235,20.7406
1517557057.234,20.7192
1517557058.234,20.7299
1517557059.233,20.7299
1517557060.233,20.7085
1517557061.232,20.7406
1517557062.236,20.7620
1517557063.235,20.7192
1517557064.235,20.7513
1517557065.234,20.7513
1517557066.234,20.7406
1517557067.233,20.7406
1517557068.233,20.7406
1517557069.232,20.7513
1517557070.232,20.7620
1517557071.231,20.7513
1517557072.231,20.7727
1517557073.230,20.7406
1517557074.234,20.7406
1517557075.229,20.7513
1517557076.233,20.7406
1517557077.232,20.7406
1517557078.232,20.7513
1517557079.231,20.7406
1517557080.231,20.7299
1517557081.230,20.7192
1517557082.230,20.6978
1517557083.229,20.7299
1517557084.229,20.7406
1517557085.229,20.7192
1517557086.228,20.7406
1517557087.227,20.7406
1517557088.231,20.7299
1517557089.230,20.7406
1517557090.230,20.7085
1517557091.230,20.7192
1517557092.229,20.7085
1517557093.229,20.7192
1517557094.228,20.7299
1517557095.228,20.7299
1517557096.227,20.7299
1517557097.227,20.7406
1517557098.226,20.7299
1517557099.226,20.7192
1517557100.225,20.7406
1517557101.225,20.7406
1517557102.224,20.7406
1517557103.228,20.7299
1517557104.227,20.7299
1517557105.227,20.7085
1517557106.226,20.7513
1517557107.226,20.7299
1517557108.225,20.7513
1517557109.225,20.7299
1517557110.224,20.7513
1517557111.224,20.7406
1517557112.223,20.7299
1517557113.223,20.7299
1517557114.222,20.7513
1517557115.226,20.7192
1517557116.225,20.7192
1517557117.225,20.7085
1517557118.224,20.7085
1517557119.224,20.7192
1517557120.224,20.7192
1517557121.223,20.7192
1517557122.223,20.7085
1517557123.222,20.7085
1517557124.222,20.7192
1517557125.221,20.7085
1517557126.220,20.6871
1517557127.224,20.6978
1517557128.220,20.7085
1517557129.223,20.6978
1517557130.223,20.6978
1517557131.222,20.6978
1517557132.222,20.6871
1517557133.221,20.6978
1517557134.221,20.6978
1517557135.220,20.6978
1517557136.220,20.6978
1517557137.219,20.6871
1517557138.219,20.6978
1517557139.219,20.6764
1517557140.218,20.6978
1517557141.217,20.7085
1517557142.221,20.6871
1517557143.220,20.7085
1517557144.220,20.6871
1517557145.220,20.7085
1517557146.219,20.6764
1517557147.218,20.6764
1517557148.218,20.6871
1517557149.217,20.6657
1517557150.217,20.6764
1517557151.216,20.6871
1517557152.216,20.6871
1517557153.215,20.6871
1517557154.215,20.6978
1517557155.215,20.6978
1517557156.218,20.6978
1517557157.218,20.6871
1517557158.217,20.6764
1517557159.217,20.6871
1517557160.216,20.6871
1517557161.216,20.6871
1517557162.215,20.7085
1517557163.214,20.6764
1517557164.214,20.7085
1517557165.214,20.6764
1517557166.213,20.6978
1517557167.213,20.7192
1517557168.216,20.6764
1517557169.212,20.6871
1517557170.215,20.7085
1517557171.215,20.6978
1517557172.214,20.6871
1517557173.214,20.6978
1517557174.213,20.6978
1517557175.213,20.6871
1517557176.212,20.6657
1517557177.212,20.6657
1517557178.211,20.6978
1517557179.211,20.6871
1517557180.210,20.6871
1517557181.210,20.6978
1517557182.209,20.6871
1517557183.213,20.6871
1517557184.213,20.6978
1517557185.212,20.7085
1517557186.212,20.6871
1517557187.211,20.6978
1517557188.210,20.6871
1517557189.210,20.6871
1517557190.209,20.7085
1517557191.209,20.6978
1517557192.209,20.6978
1517557193.208,20.6871
1517557194.208,20.6978
1517557195.207,20.6978
1517557196.207,20.7192
1517557197.210,20.6871
1517557198.209,20.6978
1517557199.209,20.6871
1517557200.209,20.7085
1517557201.208,20.6871
1517557202.208,20.6871
1517557203.207,20.6871
1517557204.207,20.6764
1517557205.206,20.6657
1517557206.206,20.6764
1517557207.205,20.6871
1517557208.205,20.6871
1517557209.208,20.6978
1517557210.204,20.7192
1517557211.207,20.7085
1517557212.207,20.7192
1517557213.206,20.7085
1517557214.206,20.7085
1517557215.205,20.7192
1517557216.205,20.7085
1517557217.204,20.7085
1517557218.204,20.7192
1517557219.203,20.7192
1517557220.203,20.7192
1517557221.202,20.7406
1517557222.202,20.7406
1517557223.205,20.7406
1517557224.205,20.7192
1517557225.205,20.7192
1517557226.204,20.6978
1517557227.204,20.6978
1517557228.203,20.7299
1517557229.203,20.7192
1517557230.202,20.7192
1517557231.202,20.6978
1517557232.201,20.7085
1517557233.201,20.7192
1517557234.200,20.7299
1517557235.200,20.7406
1517557236.199,20.7406
1517557237.199,20.7513
1517557238.202,20.7299
1517557239.202,20.6978
1517557240.201,20.7299
1517557241.201,20.7406
1517557242.200,20.7406
1517557243.200,20.7406
1517557244.199,20.7299
1517557245.199,20.7192
1517557246.199,20.7406
1517557247.198,20.7192
1517557248.197,20.7299
1517557249.197,20.7085
1517557250.200,20.7085
1517557251.196,20.7192
1517557252.199,20.7406
1517557253.199,20.7406
1517557254.198,20.7406
1517557255.198,20.7085
1517557256.197,20.7299
1517557257.197,20.7192
1517557258.197,20.7085
1517557259.196,20.7299
1517557260.196,20.7299
1517557261.195,20.7299
1517557262.194,20.7406
1517557263.194,20.7085
1517557264.198,20.7299
1517557265.197,20.7085
1517557266.197,20.7299
1517557267.196,20.7299
1517557268.196,20.7192
1517557269.195,20.7406
1517557270.195,20.7085
1517557271.194,20.7299
1517557272.194,20.7406
1517557273.193,20.7299
1517557274.193,20.7299
1517557275.192,20.7406
1517557276.192,20.7299
1517557277.191,20.7406
1517557278.191,20.7299
1517557279.194,20.7299
1517557280.194,20.7192
1517557281.193,20.7406
1517557282.193,20.7299
1517557283.192,20.7406
1517557284.192,20.7299
1517557285.191,20.7406
1517557286.191,20.7406
1517557287.190,20.7406
1517557288.190,20.7406
1517557289.189,20.7299
1517557290.189,20.7299
1517557291.192,20.7406
1517557292.188,20.7299
1517557293.191,20.7192
1517557294.191,20.7192
1517557295.191,20.7192
1517557296.190,20.7192
1517557297.190,20.7085
1517557298.189,20.7085
1517557299.189,20.7192
1517557300.188,20.6978
1517557301.188,20.7085
1517557302.187,20.7192
1517557303.187,20.6978
1517557304.186,20.7085
1517557305.190,20.7192
1517557306.189,20.7192
1517557307.189,20.6871
1517557308.188,20.7192
1517557309.188,20.7192
1517557310.187,20.6978
1517557311.187,20.6978
1517557312.186,20.7192
1517557313.186,20.6978
1517557314.185,20.7192
1517557315.185,20.7085
1517557316.184,20.7299
1517557317.184,20.7406
1517557318.183,20.7406
1517557319.187,20.7299
1517557320.186,20.7299
1517557321.186,20.7299
1517557322.185,20.7192
1517557323.185,20.7299
1517557324.184,20.7406
1517557325.184,20.7192
1517557326.183,20.7299
1517557327.183,20.7406
1517557328.182,20.7299
1517557329.182,20.7406
1517557330.181,20.7299
1517557331.181,20.7513
1517557332.185,20.7299
1517557333.180,20.7085
1517557334.184,20.7513
1517557335.183,20.7406
1517557336.183,20.7406
1517557337.182,20.7406
1517557338.182,20.7406
1517557339.181,20.7513
1517557340.181,20.7406
1517557341.180,20.7406
1517557342.180,20.7513
1517557343.179,20.7406
1517557344.179,20.7620
1517557345.178,20.7406
1517557346.182,20.7299
1517557347.181,20.7406
1517557348.181,20.7299
1517557349.180,20.7406
1517557350.180,20.7406
1517557351.179,20.7299
1517557352.179,20.7299
1517557353.178,20.7299
1517557354.178,20.7299
1517557355.177,20.7513
1517557356.177,20.7406
1517557357.176,20.7620
1517557358.176,20.7513
1517557359.175,20.7513
1517557360.179,20.7620
1517557361.179,20.7406
1517557362.178,20.7406
1517557363.177,20.7299
1517557364.177,20.7727
1517557365.176,20.7299
1517557366.176,20.7513
1517557367.175,20.7513
1517557368.175,20.7620
1517557369.175,20.7513
1517557370.174,20.7406
1517557371.174,20.7513
1517557372.173,20.7620
1517557373.173,20.7727
1517557374.172,20.7406
1517557375.176,20.7620
1517557376.175,20.7727
1517557377.175,20.7513
1517557378.174,20.7513
1517557379.174,20.7620
1517557380.173,20.7834
1517557381.173,20.7727
1517557382.172,20.7834
1517557383.172,20.7620
1517557384.171,20.7727
1517557385.171,20.7727
1517557386.170,20.7727
1517557387.174,20.7834
1517557388.169,20.7727
1517557389.173,20.7406
1517557390.172,20.7727
1517557391.172,20.7620
1517557392.171,20.7620
1517557393.171,20.7727
1517557394.170,20.7834
1517557395.170,20.7727
1517557396.169,20.7513
1517557397.169,20.7513
1517557398.168,20.7513
1517557399.172,20.7834
1517557400.168,20.7727
1517557401.171,20.7834
1517557402.170,20.7834
1517557403.170,20.7727
1517557404.169,20.7727
1517557405.169,20.7834
1517557406.169,20.7834
1517557407.168,20.7834
1517557408.168,20.7834
1517557409.167,20.7727
1517557410.166,20.7834
1517557411.166,20.7941
1517557412.166,20.7834
1517557413.165,20.8048
1517557414.165,20.7834
1517557415.168,20.7834
1517557416.168,20.8048
1517557417.167,20.7834
1517557418.167,20.7727
1517557419.166,20.7834
1517557420.166,20.8048
1517557421.165,20.7941
1517557422.165,20.8155
1517557423.164,20.7941
1517557424.164,20.8048
1517557425.163,20.7941
1517557426.163,20.8048
1517557427.162,20.8048
1517557428.166,20.8048
1517557429.161,20.8262
1517557430.165,20.8155
1517557431.164,20.8048
1517557432.164,20.8048
1517557433.163,20.8262
1517557434.163,20.8048
1517557435.162,20.8262
1517557436.162,20.8155
1517557437.161,20.8048
1517557438.161,20.8048
1517557439.161,20.8155
1517557440.160,20.7941
1517557441.160,20.8048
1517557442.163,20.8048
1517557443.163,20.8048
1517557444.162,20.8048
1517557445.162,20.8155
1517557446.161,20.8155
1517557447.161,20.8262
1517557448.160,20.8048
1517557449.160,20.8262
1517557450.159,20.8048
1517557451.159,20.8155
1517557452.158,20.8262
1517557453.158,20.8369
1517557454.157,20.8262
1517557455.157,20.8048
1517557456.160,20.8262
1517557457.160,20.8262
1517557458.159,20.8048
1517557459.159,20.8262
1517557460.158,20.8262
1517557461.158,20.8155
1517557462.157,20.8262
1517557463.157,20.8155
1517557464.156,20.8155
1517557465.156,20.8155
1517557466.155,20.8262
1517557467.155,20.8262
1517557468.154,20.8262
1517557469.158,20.8262
1517557470.153,20.8155
1517557471.157,20.8369
1517557472.156,20.8476
1517557473.156,20.8369
1517557474.155,20.8369
1517557475.155,20.8369
1517557476.155,20.8262
1517557477.154,20.8369
1517557478.153,20.8476
1517557479.153,20.8369
1517557480.152,20.8262
1517557481.152,20.8262
1517557482.152,20.8369
1517557483.155,20.8476
1517557484.155,20.8369
1517557485.154,20.8262
1517557486.153,20.8262
1517557487.153,20.8583
1517557488.153,20.8369
1517557489.152,20.8369
1517557490.152,20.8476
1517557491.151,20.8369
1517557492.151,20.8369
1517557493.150,20.8262
1517557494.150,20.8369
1517557495.153,20.8476
1517557496.149,20.8369
1517557497.152,20.8583
1517557498.152,20.8476
1517557499.151,20.8155
1517557500.151,20.8262
1517557501.150,20.8369
1517557502.150,20.8369
1517557503.149,20.8262
1517557504.149,20.8262
1517557505.148,20.8476
1517557506.148,20.8262
1517557507.147,20.8262
1517557508.147,20.8476
1517557509.146,20.8262
1517557510.150,20.8476
1517557511.149,20.8369
1517557512.149,20.8262
1517557513.148,20.8369
1517557514.148,20.8262
1517557515.148,20.8155
1517557516.147,20.8369
1517557517.146,20.8476
1517557518.146,20.8369
1517557519.146,20.8476
1517557520.145,20.8369
1517557521.145,20.8369
1517557522.144,20.8476
1517557523.144,20.8476
1517557524.147,20.8583
1517557525.147,20.8476
1517557526.146,20.8690
1517557527.146,20.8690
1517557528.145,20.8797
1517557529.145,20.8690
1517557530.144,20.8797
1517557531.144,20.8690
1517557532.143,20.8904
1517557533.143,20.9118
1517557534.142,20.9011
1517557535.142,20.8904
1517557536.145,20.8904
1517557537.141,20.9011
1517557538.144,20.8797
1517557539.144,20.8797
1517557540.143,20.8904
1517557541.143,20.8904
1517557542.143,20.9225
1517557543.142,20.8904
1517557544.141,20.9332
1517557545.141,20.9225
1517557546.141,20.9225
1517557547.140,20.9225
1517557548.140,20.9439
1517557549.139,20.9439
1517557550.139,20.9225
1517557551.138,20.9332
1517557552.142,20.9118
1517557553.141,20.9225
1517557554.141,20.9011
1517557555.140,20.9225
1517557556.140,20.9332
1517557557.139,20.9118
1517557558.139,20.9011
1517557559.138,20.9225
1517557560.138,20.9011
1517557561.137,20.9118
1517557562.137,20.9118
1517557563.136,20.9118
1517557564.136,20.9118
1517557565.139,20.9118
1517557566.135,20.9225
1517557567.138,20.9118
1517557568.138,20.8904
1517557569.137,20.9225
1517557570.137,20.9118
1517557571.136,20.8904
1517557572.136,20.9225
1517557573.135,20.8904
1517557574.135,20.9118
1517557575.134,20.9118
1517557576.134,20.9118
1517557577.133,20.9225
1517557578.133,20.9332
1517557579.136,20.9118
1517557580.136,20.9225
1517557581.135,20.9332
1517557582.135,20.9118
1517557583.134,20.9118
1517557584.134,20.9011
1517557585.134,20.9118
1517557586.133,20.9118
1517557587.133,20.9118
1517557588.132,20.9225
1517557589.132,20.9011
1517557590.131,20.9118
1517557591.135,20.9118
1517557592.130,20.9118
1517557593.133,20.9225
1517557594.133,20.9011
1517557595.133,20.9332
1517557596.132,20.9011
1517557597.132,20.9118
1517557598.131,20.9118
1517557599.131,20.9118
1517557600.130,20.9118
1517557601.130,20.9225
1517557602.129,20.9118
1517557603.129,20.9332
1517557604.128,20.9332
1517557605.128,20.9546
1517557606.131,20.9332
1517557607.131,20.9332
1517557608.130,20.9759
1517557609.130,20.9439
1517557610.129,20.9332
1517557611.129,20.9439
1517557612.128,20.9439
1517557613.128,20.9225
1517557614.127,20.9225
1517557615.127,20.9439
1517557616.126,20.9546
1517557617.126,20.9439
1517557618.125,20.9546
1517557619.125,20.9439
1517557620.128,20.9439
1517557621.128,20.9546
1517557622.127,20.9439
1517557623.127,20.9546
1517557624.127,20.9546
1517557625.126,20.9759
1517557626.126,20.9759
1517557627.125,20.9759
1517557628.125,20.9652
1517557629.124,20.9866
1517557630.124,20.9759
1517557631.123,20.9759
1517557632.127,20.9546
1517557633.122,20.9759
1517557634.126,20.9652
1517557635.125,20.9652
1517557636.125,20.9546
1517557637.124,20.9759
1517557638.124,20.9759
1517557639.123,20.9652
1517557640.123,20.9973
1517557641.122,20.9866
1517557642.122,20.9652
1517557643.121,20.9759
1517557644.121,20.9866
1517557645.120,20.9759
1517557646.120,20.9759
1517557647.123,20.9866
1517557648.123,20.9866
1517557649.122,20.9973
1517557650.122,20.9759
1517557651.121,20.9866
1517557652.121,20.9546
1517557653.120,20.9973
1517557654.120,20.9759
1517557655.119,20.9866
1517557656.119,20.9759
1517557657.119,20.9866
1517557658.118,20.9759
1517557659.118,20.9759
1517557660.117,20.9652
1517557661.121,20.9759
1517557662.120,20.9866
1517557663.120,20.9652
1517557664.119,20.9759
1517557665.119,20.9759
1517557666.118,20.9759
1517557667.118,20.9759
1517557668.117,20.9866
1517557669.117,20.9866
1517557670.116,21.0080
1517557671.116,21.0080
1517557672.115,21.0080
1517557673.119,21.0080
1517557674.114,21.0080
1517557675.118,20.9973
1517557676.117,21.0080
1517557677.117,20.9973
1517557678.116,20.9866
1517557679.116,20.9973
1517557680.115,20.9866
1517557681.115,20.9866
1517557682.114,20.9866
1517557683.114,21.0187
1517557684.113,20.9866
1517557685.113,20.9973
1517557686.113,20.9759
1517557687.116,20.9866
1517557688.115,21.0080
1517557689.115,21.0187
1517557690.115,20.9866
1517557691.114,21.0080
1517557692.114,21.0080
1517557693.113,21.0080
1517557694.112,21.0080
1517557695.112,20.9973
1517557696.112,20.9759
1517557697.111,21.0080
1517557698.110,20.9759
1517557699.110,21.0080
1517557700.110,20.9973
1517557701.109,20.9973
1517557702.113,20.9866
1517557703.112,20.9866
1517557704.112,20.9973
1517557705.111,20.9759
1517557706.111,20.9866
1517557707.110,20.9759
1517557708.110,20.9973
1517557709.109,20.9759
1517557710.109,21.0080
1517557711.108,20.9759
1517557712.108,20.9866
1517557713.107,20.9973
1517557714.111,20.9973
1517557715.106,20.9973
1517557716.110,21.0080
1517557717.109,20.9866
1517557718.109,20.9759
1517557719.108,20.9759
1517557720.108,20.9973
1517557721.107,21.0080
1517557722.107,20.9973
1517557723.106,20.9973
1517557724.106,20.9866
1517557725.105,20.9866
1517557726.105,20.9866
1517557727.104,20.9546
1517557728.108,20.9973
1517557729.107,20.9759
1517557730.107,20.9866
1517557731.107,20.9759
1517557732.106,20.9973
1517557733.106,20.9866
1517557734.105,20.9973
1517557735.105,20.9866
1517557736.104,20.9759
1517557737.104,20.9866
1517557738.103,20.9973
1517557739.102,20.9973
1517557740.102,20.9759
1517557741.102,20.9759
1517557742.101,20.9759
1517557743.105,20.9866
1517557744.104,20.9759
1517557745.104,20.9759
1517557746.103,20.9759
1517557747.103,20.9652
1517557748.102,20.9866
1517557749.102,20.9866
1517557750.101,20.9759
1517557751.101,20.9866
1517557752.100,20.9759
1517557753.100,20.9759
1517557754.099,20.9759
1517557755.103,20.9759
1517557756.098,20.9652
1517557757.102,20.9652
1517557758.101,20.9866
1517557759.101,20.9759
1517557760.101,20.9759
1517557761.100,20.9866
1517557762.099,20.9759
1517557763.099,20.9866
1517557764.099,20.9866
1517557765.098,20.9973
1517557766.098,20.9973
1517557767.097,20.9759
1517557768.097,20.9866
1517557769.100,20.9866
1517557770.100,20.9759
1517557771.099,20.9652
1517557772.099,20.9759
1517557773.098,20.9759
1517557774.098,20.9759
1517557775.097,20.9866
1517557776.097,21.0080
1517557777.096,20.9759
1517557778.096,20.9759
1517557779.095,20.9866
1517557780.095,20.9866
1517557781.094,20.9866
1517557782.094,20.9652
1517557783.097,20.9652
1517557784.097,20.9759
1517557785.096,20.9759
1517557786.096,20.9546
1517557787.095,20.9759
1517557788.095,20.9546
1517557789.094,20.9759
1517557790.094,20.9759
1517557791.093,20.9759
1517557792.093,20.9759
1517557793.092,20.9759
1517557794.092,20.9759
1517557795.091,21.0080
1517557796.095,20.9866
1517557797.090,20.9973
1517557798.094,20.9866
1517557799.093,20.9759
1517557800.093,20.9759
1517557801.093,20.9759
1517557802.092,20.9866
1517557803.091,20.9652
1517557804.091,20.9866
1517557805.091,20.9652
1517557806.090,20.9652
1517557807.090,20.9759
1517557808.089,20.9759
1517557809.089,20.9759
1517557810.092,20.9759
1517557811.092,20.9759
1517557812.091,20.9759
1517557813.091,20.9759
1517557814.090,20.9759
1517557815.090,20.9759
1517557816.089,20.9759
1517557817.089,21.0080
1517557818.088,21.0080
1517557819.088,21.0080
1517557820.087,21.0080
1517557821.087,20.9973
1517557822.086,20.9973
1517557823.086,21.0080
1517557824.089,21.0187
1517557825.089,21.0187
1517557826.088,21.0080
1517557827.088,21.0294
1517557828.087,21.0508
1517557829.087,21.0187
1517557830.086,21.0187
1517557831.086,21.0401
1517557832.085,21.0401
1517557833.085,21.0401
1517557834.085,21.0508
1517557835.084,21.0401
1517557836.084,21.0615
1517557837.087,21.0508
1517557838.083,21.0722
1517557839.086,21.0401
1517557840.086,21.0829
1517557841.085,21.0508
1517557842.084,21.0615
1517557843.084,21.0294
1517557844.084,21.0401
1517557845.083,21.0401
1517557846.083,21.0508
1517557847.082,21.0508
1517557848.081,21.0508
1517557849.081,21.0508
1517557850.081,21.0508
1517557851.084,21.0508
1517557852.084,21.0401
1517557853.083,21.0508
1517557854.083,21.0294
1517557855.082,21.0294
1517557856.082,21.0187
1517557857.081,21.0294
1517557858.081,21.0294
1517557859.080,21.0294
1517557860.080,21.0187
1517557861.079,21.0294
1517557862.079,21.0508
1517557863.082,21.0294
1517557864.078,21.0508
1517557865.081,21.0508
1517557866.081,21.0080
1517557867.081,21.0294
1517557868.080,21.0187
1517557869.079,21.0187
1517557870.079,21.0187
1517557871.079,21.0187
1517557872.078,21.0187
1517557873.078,21.0187
1517557874.077,21.0080
1517557875.077,21.0294
1517557876.076,21.0187
1517557877.076,21.0508
1517557878.079,21.0080
1517557879.079,21.0187
1517557880.078,21.0187
1517557881.078,21.0187
1517557882.077,21.0187
1517557883.077,21.0080
1517557884.076,21.0080
1517557885.076,20.9973
1517557886.075,21.0080
1517557887.075,21.0080
1517557888.074,21.0187
1517557889.074,21.0187
1517557890.077,21.0187
1517557891.073,21.0294
1517557892.076,21.0080
1517557893.076,21.0187
1517557894.075,21.0294
1517557895.075,21.0080
1517557896.074,21.0187
1517557897.074,21.0401
1517557898.073,21.0294
1517557899.073,21.0187
1517557900.073,21.0294
1517557901.072,21.0080
1517557902.071,21.0508
1517557903.071,21.0401
1517557904.074,21.0294
1517557905.070,21.0508
1517557906.073,21.0508
1517557907.073,21.0508
1517557908.073,21.0294
1517557909.072,21.0401
1517557910.072,21.0401
1517557911.071,21.0187
1517557912.071,21.0294
1517557913.070,21.0294
1517557914.070,21.0294
1517557915.069,21.0080
1517557916.069,21.0187
1517557917.068,21.0401
1517557918.068,21.0294
1517557919.071,21.0187
1517557920.071,21.0294
1517557921.070,21.0401
1517557922.070,21.0187
1517557923.069,21.0080
1517557924.069,21.0080
1517557925.068,21.0294
1517557926.068,21.0187
1517557927.067,21.0294
1517557928.067,21.0294
1517557929.066,21.0401
1517557930.066,21.0294
1517557931.069,21.0401
1517557932.065,21.0294
1517557933.068,21.0401
1517557934.068,21.0401
1517557935.067,21.0722
1517557936.067,21.0508
1517557937.066,21.0508
1517557938.066,21.0722
1517557939.066,21.0508
1517557940.065,21.0615
1517557941.064,21.0615
1517557942.064,21.0615
1517557943.064,21.0936
1517557944.063,21.0829
1517557945.067,21.0722
1517557946.066,21.0508
1517557947.066,21.0508
1517557948.065,21.0508
1517557949.064,21.0722
1517557950.064,21.0508
1517557951.064,21.0615
1517557952.063,21.0722
1517557953.063,21.0615
1517557954.062,21.0508
1517557955.062,21.0615
1517557956.061,21.0508
1517557957.061,21.0401
1517557958.060,21.0615
1517557959.064,21.0722
1517557960.063,21.0615
1517557961.063,21.0615
1517557962.062,21.0401
1517557963.062,21.0294
1517557964.061,21.0508
1517557965.061,21.0508
1517557966.060,21.0722
1517557967.060,21.0508
1517557968.059,21.0508
1517557969.059,21.0508
1517557970.058,21.0508
1517557971.058,21.0401
1517557972.061,21.0615
1517557973.057,21.0508
1517557974.061,21.0508
1517557975.060,21.0508
1517557976.059,21.0615
1517557977.059,21.0508
1517557978.059,21.0401
1517557979.058,21.0615
1517557980.058,21.0508
1517557981.057,21.0722
1517557982.057,21.0508
1517557983.056,21.0829
1517557984.055,21.1043
1517557985.055,21.0829
1517557986.059,21.0829
1517557987.058,21.0936
1517557988.058,21.0936
1517557989.057,21.0722
1517557990.057,21.0829
1517557991.056,21.0829
1517557992.056,21.0615
1517557993.055,21.0508
1517557994.055,21.0829
1517557995.054,21.0722
1517557996.054,21.0829
1517557997.053,21.0615
1517557998.053,21.1150
1517557999.052,21.0829
1517558000.056,21.0829
1517558001.055,21.0936
1517558002.055,21.0829
1517558003.054,21.0936
1517558004.054,21.0722
1517558005.053,21.0829
1517558006.053,21.0508
1517558007.052,21.0829
1517558008.052,21.0936
1517558009.051,21.0508
1517558010.051,21.0829
1517558011.050,21.0829
1517558012.050,21.0829
1517558013.054,21.0829
1517558014.049,21.1043
1517558015.053,21.0936
1517558016.052,21.1150
1517558017.052,21.1150
1517558018.051,21.1150
1517558019.051,21.0936
1517558020.050,21.1150
1517558021.050,21.0936
1517558022.049,21.0936
1517558023.048,21.0829
1517558024.048,21.0722
1517558025.048,21.0829
1517558026.047,21.1043
1517558027.051,21.0936
1517558028.050,21.0829
1517558029.050,21.0829
1517558030.049,21.0829
1517558031.049,21.0615
1517558032.048,21.0722
1517558033.048,21.0829
1517558034.047,21.0829
1517558035.047,21.0722
1517558036.047,21.0722
1517558037.046,21.0508
1517558038.045,21.0829
1517558039.049,21.0829
1517558040.044,21.0722
1517558041.048,21.0936
1517558042.047,21.0829
1517558043.047,21.0829
1517558044.046,21.0722
1517558045.046,21.0722
1517558046.045,21.1043
1517558047.045,21.0829
1517558048.044,21.0508
1517558049.044,21.0722
1517558050.044,21.0615
1517558051.043,21.0829
1517558052.043,21.0936
1517558053.042,21.0829
1517558054.046,21.0722
1517558055.045,21.0829
1517558056.044,21.0508
1517558057.044,21.0615
1517558058.044,21.0615
1517558059.043,21.0508
1517558060.043,21.0508
1517558061.042,21.0508
1517558062.042,21.0508
1517558063.041,21.0829
1517558064.041,21.0508
1517558065.040,21.0722
1517558066.040,21.0401
1517558067.039,21.0508
1517558068.043,21.0722
1517558069.042,21.0508
1517558070.042,21.0401
1517558071.041,21.0508
1517558072.041,21.0508
1517558073.040,21.0615
1517558074.040,21.0401
1517558075.039,21.0401
1517558076.039,21.0401
1517558077.038,21.0401
1517558078.038,21.0508
1517558079.037,21.0615
1517558080.041,21.0615
1517558081.036,21.0722
1517558082.040,21.0615
1517558083.039,21.0722
1517558084.039,21.0508
1517558085.038,21.0508
1517558086.038,21.0508
1517558087.037,21.0615
1517558088.037,21.0508
1517558089.037,21.0615
1517558090.036,21.0294
1517558091.036,21.0508
1517558092.035,21.0508
1517558093.035,21.0722
1517558094.034,21.0615
1517558095.038,21.0615
1517558096.037,21.0508
1517558097.037,21.0401
1517558098.036,21.0508
1517558099.036,21.0401
1517558100.035,21.0508
1517558101.035,21.0508
1517558102.034,21.0508
1517558103.034,21.0615
1517558104.033,21.0508
1517558105.033,21.0508
1517558106.032,21.0401
1517558107.032,21.0401
1517558108.031,21.0615
1517558109.035,21.0508
1517558110.034,21.0508
1517558111.034,21.0722
1517558112.033,21.0615
1517558113.033,21.0508
1517558114.032,21.0508
1517558115.032,21.0615
1517558116.031,21.0508
1517558117.031,21.0508
1517558118.030,21.0615
1517558119.030,21.0508
1517558120.029,21.0508
1517558121.033,21.0508
1517558122.028,21.0615
1517558123.032,21.0508
1517558124.032,21.0508
1517558125.031,21.0508
1517558126.031,21.0508
1517558127.030,21.0508
1517558128.030,21.0615
1517558129.029,21.0722
1517558130.029,21.0508
1517558131.028,21.0722
1517558132.028,21.0508
1517558133.027,21.0508
1517558134.027,21.0508
1517558135.030,21.0829
1517558136.030,21.0615
1517558137.029,21.0829
1517558138.029,21.0615
1517558139.028,21.0615
1517558140.028,21.0829
1517558141.027,21.0508
1517558142.027,21.0829
1517558143.026,21.0722
1517558144.026,21.0829
1517558145.025,21.0936
1517558146.025,21.0829
1517558147.024,21.1043
1517558148.028,21.0829
1517558149.023,21.0829
1517558150.027,21.0936
1517558151.026,21.0829
1517558152.026,21.0829
1517558153.025,21.0829
1517558154.025,21.0722
1517558155.024,21.0829
1517558156.024,21.0615
1517558157.023,21.0829
1517558158.023,21.0722
1517558159.022,21.0829
1517558160.022,21.0829
1517558161.021,21.0829
1517558162.025,21.0936
1517558163.024,21.0936
1517558164.024,21.0829
1517558165.023,21.0936
1517558166.023,21.1150
1517558167.023,21.0829
1517558168.022,21.0829
1517558169.022,21.0829
1517558170.021,21.0936
1517558171.021,21.1043
1517558172.020,21.0936
1517558173.020,21.1043
1517558174.019,21.0829
1517558175.019,21.1150
1517558176.022,21.0829
1517558177.022,21.0829
1517558178.021,21.1150
1517558179.021,21.0829
1517558180.020,21.0829
1517558181.020,21.0829
1517558182.019,21.1150
1517558183.019,21.1043
1517558184.018,21.1043
1517558185.018,21.0936
1517558186.017,21.1043
1517558187.017,21.0936
1517558188.016,21.0829
1517558189.020,21.0829
1517558190.015,21.0829
1517558191.019,21.0829
1517558192.018,21.0829
1517558193.018,21.0936
1517558194.018,21.1043
1517558195.017,21.0722
1517558196.017,21.0829
1517558197.016,21.0936
1517558198.016,21.0936
1517558199.015,21.0722
1517558200.015,21.0829
1517558201.014,21.1043
1517558202.014,21.0829
1517558203.017,21.0936
1517558204.017,21.1150
1517558205.016,21.1150
1517558206.016,21.1043
1517558207.015,21.0829
1517558208.015,21.0936
1517558209.014,21.0722
1517558210.014,21.0936
1517558211.013,21.1043
1517558212.013,21.1150
1517558213.012,21.0936
1517558214.012,21.0829
1517558215.015,21.0829
1517558216.011,21.0829
1517558217.014,21.0936
1517558218.014,21.0936
1517558219.013,21.0829
1517558220.013,21.1150
1517558221.012,21.1043
1517558222.012,21.1150
1517558223.011,21.1043
1517558224.011,21.1043
1517558225.011,21.0936
1517558226.010,21.1043
1517558227.009,21.1150
1517558228.009,21.0936
1517558229.009,21.0829
1517558230.012,21.1150
1517558231.011,21.1150
1517558232.011,21.0829
1517558233.010,21.0829
1517558234.010,21.1150
1517558235.010,21.1043
1517558236.009,21.1043
1517558237.009,21.1043
1517558238.008,21.1043
1517558239.008,21.1150
1517558240.007,21.1043
1517558241.007,21.1150
1517558242.010,21.1043
1517558243.006,21.0936
1517558244.009,21.1150
1517558245.009,21.0936
1517558246.008,21.0829
1517558247.008,21.0936
1517558248.007,21.1257
1517558249.007,21.0936
1517558250.006,21.1043
1517558251.006,21.1150
1517558252.005,21.1150
1517558253.005,21.0936
1517558254.004,21.1043
1517558255.004,21.0936
1517558256.007,21.0829
1517558257.007,21.0829
1517558258.006,21.1043
1517558259.006,21.0829
1517558260.005,21.0829
1517558261.005,21.0829
1517558262.004,21.0829
1517558263.004,21.0829
1517558264.004,21.1043
1517558265.003,21.0829
1517558266.002,21.0829
1517558267.002,21.1043
1517558268.002,21.0829
1517558269.001,21.0829
1517558270.001,21.0936
1517558271.004,21.0722
1517558272.004,21.0829
1517558273.003,21.0829
1517558274.003,21.0829
1517558275.002,21.1043
1517558276.002,21.1150
1517558277.001,21.1043
1517558278.001,21.1043
1517558279.000,21.1043
1517558280.000,21.1150
1517558280.999,21.0936
1517558281.999,21.0829
1517558283.002,21.0829
1517558283.998,21.1150
1517558285.001,21.0936
1517558286.001,21.0829
1517558287.000,21.1043
1517558288.000,21.0829
1517558288.999,21.0936
1517558289.999,21.1043
1517558290.998,21.1150
1517558291.998,21.1150
1517558292.997,21.0936
1517558293.997,21.0829
1517558294.996,21.0936
1517558295.996,21.0829
1517558296.999,21.0829
1517558297.999,21.1043
1517558298.999,21.0829
1517558299.998,21.0936
1517558300.997,21.1150
1517558301.997,21.1043
1517558302.997,21.1257
1517558303.996,21.1043
1517558304.996,21.1150
1517558305.995,21.1150
1517558306.995,21.1150
1517558307.994,21.0829
1517558308.994,21.1043
1517558309.993,21.1043
1517558310.997,21.0936
1517558311.996,21.1150
1517558312.996,21.1257
1517558313.995,21.1043
1517558314.995,21.0936
1517558315.994,21.1043
1517558316.994,21.1150
1517558317.993,21.1150
1517558318.993,21.0936
1517558319.992,21.1150
1517558320.992,21.1043
1517558321.991,21.0936
1517558322.991,21.0936
1517558323.994,21.0936
1517558324.990,21.0936
1517558325.993,21.0936
1517558326.993,21.1150
1517558327.993,21.1150
1517558328.992,21.1043
1517558329.991,21.1150
1517558330.991,21.1043
1517558331.990,21.1043
1517558332.990,21.1150
1517558333.990,21.1043
1517558334.989,21.1150
1517558335.992,21.1150
1517558336.988,21.1043
1517558337.992,21.1364
1517558338.991,21.1257
1517558339.990,21.1257
1517558340.990,21.1150
1517558341.990,21.1257
1517558342.989,21.1364
1517558343.989,21.1043
1517558344.988,21.1364
1517558345.988,21.1257
1517558346.987,21.1257
1517558347.987,21.1150
1517558348.986,21.1150
1517558349.986,21.1043
1517558350.989,21.1257
1517558351.989,21.1150
1517558352.988,21.1364
1517558353.988,21.1150
1517558354.987,21.1257
1517558355.987,21.1364
1517558356.986,21.1150
1517558357.986,21.1043
1517558358.985,21.1257
1517558359.985,21.1043
1517558360.984,21.1364
1517558361.984,21.1257
1517558362.984,21.1150
1517558363.983,21.1150
1517558364.986,21.1043
1517558365.986,21.1150
1517558366.985,21.1257
1517558367.985,21.1257
1517558368.985,21.1364
1517558369.984,21.1150
1517558370.984,21.1364
1517558371.983,21.1364
1517558372.983,21.1150
1517558373.982,21.1150
1517558374.982,21.1150
1517558375.981,21.1043
1517558376.985,21.1257
1517558377.980,21.1150
1517558378.984,21.0936
1517558379.983,21.1150
1517558380.983,21.1150
1517558381.982,21.1150
1517558382.982,21.1150
1517558383.981,21.1364
1517558384.981,21.1257
1517558385.980,21.1257
1517558386.980,21.1150
1517558387.979,21.1257
1517558388.979,21.1150
1517558389.978,21.1257
1517558390.982,21.1150
1517558391.981,21.1150
1517558392.981,21.1150
1517558393.980,21.1364
1517558394.980,21.1043
1517558395.979,21.1150
1517558396.979,21.1043
1517558397.978,21.1150
1517558398.978,21.1257
1517558399.977,21.1471
1517558400.977,21.1257
1517558401.976,21.1257
1517558402.976,21.1150
1517558403.980,21.1257
1517558404.975,21.1257
1517558405.979,21.1257
1517558406.978,21.1364
1517558407.978,21.1364
1517558408.977,21.1471
1517558409.977,21.1471
1517558410.976,21.1257
1517558411.975,21.1364
1517558412.975,21.1257
1517558413.975,21.1364
1517558414.974,21.1364
1517558415.974,21.1471
1517558416.973,21.1257
1517558417.977,21.1471
1517558418.976,21.1364
1517558419.976,21.1471
1517558420.975,21.1364
1517558421.975,21.1364
1517558422.974,21.1257
1517558423.974,21.1364
1517558424.973,21.1578
1517558425.973,21.1471
1517558426.972,21.1471
1517558427.972,21.1257
1517558428.971,21.1471
1517558429.971,21.1685
1517558430.970,21.1578
1517558431.974,21.1471
1517558432.973,21.1792
1517558433.973,21.1578
1517558434.972,21.1685
1517558435.972,21.1685
1517558436.971,21.1578
1517558437.971,21.1471
1517558438.971,21.1685
1517558439.970,21.1578
1517558440.970,21.1685
1517558441.969,21.1578
1517558442.969,21.1471
1517558443.968,21.1471
1517558444.972,21.1578
1517558445.967,21.1685
1517558446.971,21.1471
1517558447.970,21.1257
1517558448.970,21.1471
1517558449.969,21.1578
1517558450.969,21.1471
1517558451.968,21.1578
1517558452.968,21.1685
1517558453.967,21.1578
1517558454.967,21.1471
1517558455.966,21.1685
1517558456.966,21.1578
1517558457.965,21.1578
1517558458.969,21.1578
1517558459.968,21.1471
1517558460.968,21.1685
1517558461.967,21.1792
1517558462.967,21.1471
1517558463.966,21.1471
1517558464.966,21.1685
1517558465.965,21.1471
1517558466.965,21.1471
1517558467.964,21.1471
1517558468.964,21.1471
1517558469.963,21.1364
1517558470.967,21.1364
1517558471.963,21.1471
1517558472.966,21.1578
1517558473.965,21.1471
1517558474.965,21.1578
1517558475.964,21.1364
1517558476.964,21.1471
1517558477.963,21.1364
1517558478.963,21.1257
1517558479.963,21.1471
1517558480.962,21.1257
1517558481.961,21.1257
1517558482.961,21.1578
1517558483.961,21.1471
1517558484.960,21.1685
1517558485.964,21.1578
1517558486.963,21.1471
1517558487.963,21.1471
1517558488.962,21.1471
1517558489.962,21.1578
1517558490.961,21.1578
1517558491.961,21.1685
1517558492.960,21.1685
1517558493.960,21.1471
1517558494.959,21.1578
1517558495.959,21.1471
1517558496.958,21.1578
1517558497.962,21.1578
1517558498.957,21.1578
1517558499.961,21.1471
1517558500.960,21.1471
1517558501.960,21.1257
