Date,Volts,Farenheit
2017-04-29 10:35:55.875957,1.098,96.43
2017-04-29 10:35:56.226042,1.098,96.43
2017-04-29 10:35:56.576330,1.098,96.43
2017-04-29 10:35:56.926053,1.097,96.34
2017-04-29 10:35:57.275944,1.097,96.34
2017-04-29 10:35:57.626095,1.097,96.34
2017-04-29 10:35:57.975778,1.096,96.25
2017-04-29 10:35:58.326150,1.096,96.25
2017-04-29 10:35:58.675916,1.096,96.25
2017-04-29 10:35:59.026369,1.096,96.25
2017-04-29 10:35:59.375971,1.095,96.15
2017-04-29 10:35:59.725833,1.095,96.15
2017-04-29 10:36:00.075984,1.095,96.15
2017-04-29 10:36:00.425868,1.094,96.06
2017-04-29 10:36:00.776015,1.094,96.06
2017-04-29 10:36:01.125766,1.094,96.06
2017-04-29 10:36:01.476325,1.093,95.97
2017-04-29 10:36:01.826606,1.093,95.97
2017-04-29 10:36:02.176328,1.093,95.97
2017-04-29 10:36:02.526232,1.092,95.88
2017-04-29 10:36:02.875989,1.092,95.88
2017-04-29 10:36:03.226246,1.093,95.97
2017-04-29 10:36:03.576406,1.093,95.97
2017-04-29 10:36:03.925910,1.094,96.06
2017-04-29 10:36:04.275718,1.095,96.15
2017-04-29 10:36:04.625961,1.096,96.25
2017-04-29 10:36:04.975747,1.097,96.34
2017-04-29 10:36:05.325606,1.098,96.43
2017-04-29 10:36:05.675783,1.099,96.52
2017-04-29 10:36:06.026022,1.100,96.62
2017-04-29 10:36:06.375706,1.102,96.80
2017-04-29 10:36:06.725666,1.103,96.89
2017-04-29 10:36:07.076207,1.104,96.98
2017-04-29 10:36:07.425950,1.105,97.08
2017-04-29 10:36:07.775898,1.106,97.17
2017-04-29 10:36:08.126394,1.107,97.26
2017-04-29 10:36:08.475872,1.108,97.35
2017-04-29 10:36:08.826038,1.108,97.35
2017-04-29 10:36:09.175988,1.108,97.35
2017-04-29 10:36:09.526100,1.108,97.35
2017-04-29 10:36:09.876028,1.108,97.35
2017-04-29 10:36:10.226127,1.108,97.35
2017-04-29 10:36:10.575987,1.108,97.35
2017-04-29 10:36:10.926106,1.108,97.35
2017-04-29 10:36:11.276070,1.108,97.35
2017-04-29 10:36:11.626062,1.108,97.35
2017-04-29 10:36:11.975951,1.108,97.35
2017-04-29 10:36:12.325755,1.108,97.35
2017-04-29 10:36:12.676035,1.108,97.35
2017-04-29 10:36:13.026130,1.108,97.35
2017-04-29 10:36:13.376002,1.107,97.26
2017-04-29 10:36:13.725767,1.107,97.26
2017-04-29 10:36:14.076331,1.107,97.26
2017-04-29 10:36:14.426191,1.107,97.26
2017-04-29 10:36:14.776006,1.107,97.26
2017-04-29 10:36:15.126252,1.106,97.17
2017-04-29 10:36:15.475972,1.106,97.17
2017-04-29 10:36:15.825866,1.106,97.17
2017-04-29 10:36:16.176081,1.106,97.17
2017-04-29 10:36:16.525894,1.106,97.17
2017-04-29 10:36:16.875709,1.105,97.08
2017-04-29 10:36:17.225924,1.105,97.08
2017-04-29 10:36:17.575744,1.105,97.08
2017-04-29 10:36:17.925848,1.105,97.08
2017-04-29 10:36:18.276732,1.105,97.08
2017-04-29 10:36:18.625865,1.104,96.98
2017-04-29 10:36:18.976187,1.104,96.98
2017-04-29 10:36:19.325911,1.104,96.98
2017-04-29 10:36:19.675840,1.103,96.89
2017-04-29 10:36:20.025510,1.103,96.89
2017-04-29 10:36:20.375527,1.103,96.89
2017-04-29 10:36:20.725541,1.103,96.89
2017-04-29 10:36:21.076155,1.102,96.80
2017-04-29 10:36:21.425996,1.102,96.80
2017-04-29 10:36:21.776208,1.102,96.80
2017-04-29 10:36:22.126019,1.102,96.80
2017-04-29 10:36:22.475851,1.102,96.80
2017-04-29 10:36:22.825727,1.101,96.71
2017-04-29 10:36:23.175892,1.101,96.71
2017-04-29 10:36:23.525694,1.100,96.62
2017-04-29 10:36:23.875902,1.100,96.62
2017-04-29 10:36:24.225789,1.100,96.62
2017-04-29 10:36:24.575958,1.100,96.62
2017-04-29 10:36:24.925724,1.100,96.62
2017-04-29 10:36:25.275991,1.099,96.52
2017-04-29 10:36:25.625840,1.099,96.52
2017-04-29 10:36:25.975678,1.098,96.43
2017-04-29 10:36:26.326078,1.098,96.43
2017-04-29 10:36:26.675902,1.098,96.43
2017-04-29 10:36:27.025850,1.097,96.34
2017-04-29 10:36:27.375520,1.097,96.34
2017-04-29 10:36:27.725866,1.097,96.34
2017-04-29 10:36:28.075613,1.096,96.25
2017-04-29 10:36:28.425910,1.096,96.25
2017-04-29 10:36:28.775652,1.096,96.25
2017-04-29 10:36:29.125914,1.096,96.25
2017-04-29 10:36:29.475687,1.095,96.15
2017-04-29 10:36:29.825602,1.095,96.15
2017-04-29 10:36:30.175709,1.094,96.06
2017-04-29 10:36:30.525644,1.094,96.06
2017-04-29 10:36:30.875751,1.094,96.06
2017-04-29 10:36:31.225522,1.094,96.06
2017-04-29 10:36:31.576050,1.093,95.97
2017-04-29 10:36:31.925967,1.093,95.97
2017-04-29 10:36:32.276078,1.093,95.97
2017-04-29 10:36:32.625976,1.092,95.88
2017-04-29 10:36:32.976086,1.093,95.97
2017-04-29 10:36:33.325931,1.093,95.97
2017-04-29 10:36:33.675504,1.094,96.06
2017-04-29 10:36:34.025685,1.094,96.06
2017-04-29 10:36:34.375336,1.095,96.15
2017-04-29 10:36:34.725687,1.096,96.25
2017-04-29 10:36:35.075792,1.098,96.43
2017-04-29 10:36:35.425703,1.099,96.52
2017-04-29 10:36:35.775822,1.100,96.62
2017-04-29 10:36:36.125627,1.101,96.71
2017-04-29 10:36:36.475909,1.102,96.80
2017-04-29 10:36:36.825653,1.103,96.89
2017-04-29 10:36:37.175898,1.105,97.08
2017-04-29 10:36:37.525690,1.106,97.17
2017-04-29 10:36:37.875825,1.107,97.26
2017-04-29 10:36:38.225722,1.108,97.35
2017-04-29 10:36:38.575843,1.108,97.35
2017-04-29 10:36:38.925756,1.108,97.35
2017-04-29 10:36:39.275545,1.109,97.45
2017-04-29 10:36:39.625786,1.109,97.45
2017-04-29 10:36:39.975919,1.109,97.45
2017-04-29 10:36:40.325781,1.108,97.35
2017-04-29 10:36:40.675590,1.108,97.35
2017-04-29 10:36:41.025847,1.108,97.35
2017-04-29 10:36:41.375631,1.108,97.35
2017-04-29 10:36:41.725768,1.108,97.35
2017-04-29 10:36:42.075677,1.108,97.35
2017-04-29 10:36:42.425666,1.108,97.35
2017-04-29 10:36:42.775669,1.108,97.35
2017-04-29 10:36:43.125568,1.107,97.26
2017-04-29 10:36:43.475726,1.107,97.26
2017-04-29 10:36:43.825865,1.107,97.26
2017-04-29 10:36:44.175629,1.107,97.26
2017-04-29 10:36:44.525876,1.107,97.26
2017-04-29 10:36:44.875632,1.106,97.17
2017-04-29 10:36:45.225929,1.106,97.17
2017-04-29 10:36:45.576431,1.106,97.17
2017-04-29 10:36:45.925938,1.106,97.17
2017-04-29 10:36:46.275690,1.106,97.17
2017-04-29 10:36:46.625631,1.105,97.08
2017-04-29 10:36:46.975346,1.105,97.08
2017-04-29 10:36:47.325656,1.105,97.08
2017-04-29 10:36:47.675765,1.105,97.08
2017-04-29 10:36:48.025502,1.104,96.98
2017-04-29 10:36:48.375411,1.104,96.98
2017-04-29 10:36:48.725571,1.104,96.98
2017-04-29 10:36:49.075461,1.103,96.89
2017-04-29 10:36:49.425218,1.103,96.89
2017-04-29 10:36:49.775518,1.103,96.89
2017-04-29 10:36:50.125257,1.103,96.89
2017-04-29 10:36:50.475140,1.103,96.89
2017-04-29 10:36:50.825642,1.102,96.80
2017-04-29 10:36:51.175412,1.102,96.80
2017-04-29 10:36:51.525692,1.102,96.80
2017-04-29 10:36:51.875454,1.102,96.80
2017-04-29 10:36:52.225702,1.101,96.71
2017-04-29 10:36:52.575466,1.101,96.71
2017-04-29 10:36:52.925378,1.101,96.71
2017-04-29 10:36:53.275523,1.100,96.62
2017-04-29 10:36:53.626029,1.100,96.62
2017-04-29 10:36:53.975532,1.100,96.62
2017-04-29 10:36:54.325328,1.100,96.62
2017-04-29 10:36:54.675239,1.099,96.52
2017-04-29 10:36:55.025344,1.099,96.52
2017-04-29 10:36:55.375235,1.099,96.52
2017-04-29 10:36:55.725026,1.098,96.43
2017-04-29 10:36:56.075486,1.098,96.43
2017-04-29 10:36:56.425377,1.098,96.43
2017-04-29 10:36:56.775405,1.097,96.34
2017-04-29 10:36:57.125431,1.097,96.34
2017-04-29 10:36:57.475572,1.097,96.34
2017-04-29 10:36:57.825461,1.096,96.25
2017-04-29 10:36:58.175258,1.096,96.25
2017-04-29 10:36:58.525484,1.096,96.25
2017-04-29 10:36:58.875265,1.095,96.15
2017-04-29 10:36:59.225160,1.095,96.15
2017-04-29 10:36:59.575251,1.095,96.15
2017-04-29 10:36:59.925175,1.094,96.06
2017-04-29 10:37:00.274941,1.094,96.06
2017-04-29 10:37:00.625209,1.094,96.06
2017-04-29 10:37:00.975755,1.093,95.97
2017-04-29 10:37:01.325875,1.093,95.97
2017-04-29 10:37:01.675663,1.093,95.97
2017-04-29 10:37:02.025572,1.092,95.88
2017-04-29 10:37:02.375708,1.092,95.88
2017-04-29 10:37:02.725608,1.092,95.88
2017-04-29 10:37:03.075520,1.092,95.88
2017-04-29 10:37:03.425661,1.092,95.88
2017-04-29 10:37:03.775459,1.092,95.88
2017-04-29 10:37:04.125679,1.092,95.88
2017-04-29 10:37:04.475835,1.093,95.97
2017-04-29 10:37:04.824992,1.094,96.06
2017-04-29 10:37:05.175163,1.095,96.15
2017-04-29 10:37:05.525412,1.096,96.25
2017-04-29 10:37:05.875214,1.097,96.34
2017-04-29 10:37:06.225362,1.098,96.43
2017-04-29 10:37:06.575223,1.100,96.62
2017-04-29 10:37:06.925408,1.101,96.71
2017-04-29 10:37:07.275640,1.102,96.80
2017-04-29 10:37:07.625039,1.103,96.89
2017-04-29 10:37:07.975278,1.104,96.98
2017-04-29 10:37:08.325421,1.105,97.08
2017-04-29 10:37:08.675362,1.106,97.17
2017-04-29 10:37:09.025530,1.107,97.26
2017-04-29 10:37:09.375227,1.108,97.35
2017-04-29 10:37:09.725564,1.108,97.35
2017-04-29 10:37:10.075639,1.108,97.35
2017-04-29 10:37:10.425635,1.108,97.35
2017-04-29 10:37:10.775304,1.108,97.35
2017-04-29 10:37:11.125467,1.108,97.35
2017-04-29 10:37:11.475287,1.108,97.35
2017-04-29 10:37:11.825304,1.108,97.35
2017-04-29 10:37:12.175465,1.108,97.35
2017-04-29 10:37:12.525602,1.108,97.35
2017-04-29 10:37:12.876134,1.108,97.35
2017-04-29 10:37:13.225302,1.107,97.26
2017-04-29 10:37:13.575141,1.107,97.26
2017-04-29 10:37:13.925694,1.107,97.26
2017-04-29 10:37:14.275426,1.107,97.26
2017-04-29 10:37:14.625303,1.107,97.26
2017-04-29 10:37:14.975426,1.106,97.17
2017-04-29 10:37:15.325328,1.106,97.17
2017-04-29 10:37:15.675528,1.106,97.17
2017-04-29 10:37:16.025683,1.106,97.17
2017-04-29 10:37:16.375303,1.106,97.17
2017-04-29 10:37:16.725454,1.106,97.17
2017-04-29 10:37:17.075635,1.105,97.08
2017-04-29 10:37:17.425422,1.105,97.08
2017-04-29 10:37:17.775418,1.105,97.08
2017-04-29 10:37:18.125469,1.105,97.08
2017-04-29 10:37:18.475330,1.104,96.98
2017-04-29 10:37:18.825405,1.104,96.98
2017-04-29 10:37:19.175389,1.104,96.98
2017-04-29 10:37:19.525517,1.104,96.98
2017-04-29 10:37:19.875424,1.104,96.98
2017-04-29 10:37:20.225179,1.103,96.89
2017-04-29 10:37:20.575424,1.103,96.89
2017-04-29 10:37:20.925629,1.103,96.89
2017-04-29 10:37:21.275735,1.102,96.80
2017-04-29 10:37:21.625680,1.102,96.80
2017-04-29 10:37:21.975762,1.102,96.80
2017-04-29 10:37:22.325716,1.102,96.80
2017-04-29 10:37:22.675467,1.101,96.71
2017-04-29 10:37:23.025360,1.101,96.71
2017-04-29 10:37:23.375471,1.101,96.71
2017-04-29 10:37:23.725394,1.100,96.62
2017-04-29 10:37:24.075514,1.100,96.62
2017-04-29 10:37:24.425347,1.100,96.62
2017-04-29 10:37:24.775217,1.099,96.52
2017-04-29 10:37:25.125360,1.099,96.52
2017-04-29 10:37:25.475642,1.099,96.52
2017-04-29 10:37:25.825417,1.099,96.52
2017-04-29 10:37:26.175306,1.098,96.43
2017-04-29 10:37:26.525392,1.098,96.43
2017-04-29 10:37:26.875603,1.098,96.43
2017-04-29 10:37:27.225528,1.098,96.43
2017-04-29 10:37:27.575646,1.097,96.34
2017-04-29 10:37:27.925542,1.097,96.34
2017-04-29 10:37:28.275304,1.097,96.34
2017-04-29 10:37:28.625231,1.096,96.25
2017-04-29 10:37:28.975096,1.096,96.25
2017-04-29 10:37:29.325493,1.096,96.25
2017-04-29 10:37:29.675378,1.095,96.15
2017-04-29 10:37:30.025323,1.095,96.15
2017-04-29 10:37:30.375400,1.094,96.06
2017-04-29 10:37:30.725235,1.094,96.06
2017-04-29 10:37:31.075464,1.094,96.06
2017-04-29 10:37:31.425253,1.094,96.06
2017-04-29 10:37:31.775754,1.093,95.97
2017-04-29 10:37:32.126057,1.093,95.97
2017-04-29 10:37:32.475788,1.092,95.88
2017-04-29 10:37:32.825701,1.092,95.88
2017-04-29 10:37:33.175829,1.092,95.88
2017-04-29 10:37:33.525736,1.092,95.88
2017-04-29 10:37:33.875391,1.092,95.88
2017-04-29 10:37:34.225778,1.092,95.88
2017-04-29 10:37:34.575542,1.092,95.88
2017-04-29 10:37:34.925687,1.093,95.97
2017-04-29 10:37:35.275196,1.094,96.06
2017-04-29 10:37:35.625506,1.095,96.15
2017-04-29 10:37:35.975236,1.096,96.25
2017-04-29 10:37:36.325519,1.098,96.43
2017-04-29 10:37:36.675297,1.099,96.52
2017-04-29 10:37:37.025617,1.100,96.62
2017-04-29 10:37:37.375645,1.101,96.71
2017-04-29 10:37:37.725646,1.102,96.80
2017-04-29 10:37:38.075381,1.104,96.98
2017-04-29 10:37:38.425566,1.105,97.08
2017-04-29 10:37:38.775413,1.106,97.17
2017-04-29 10:37:39.125586,1.106,97.17
2017-04-29 10:37:39.475342,1.107,97.26
2017-04-29 10:37:39.825607,1.108,97.35
2017-04-29 10:37:40.176111,1.108,97.35
2017-04-29 10:37:40.525694,1.108,97.35
2017-04-29 10:37:40.875422,1.108,97.35
2017-04-29 10:37:41.225571,1.108,97.35
2017-04-29 10:37:41.575427,1.108,97.35
2017-04-29 10:37:41.925607,1.108,97.35
2017-04-29 10:37:42.275500,1.108,97.35
2017-04-29 10:37:42.625643,1.108,97.35
2017-04-29 10:37:42.975528,1.108,97.35
2017-04-29 10:37:43.325309,1.108,97.35
2017-04-29 10:37:43.675136,1.107,97.26
2017-04-29 10:37:44.025347,1.107,97.26
2017-04-29 10:37:44.375280,1.107,97.26
2017-04-29 10:37:44.725224,1.107,97.26
2017-04-29 10:37:45.075334,1.107,97.26
2017-04-29 10:37:45.425801,1.106,97.17
2017-04-29 10:37:45.775500,1.106,97.17
2017-04-29 10:37:46.125467,1.106,97.17
2017-04-29 10:37:46.475176,1.106,97.17
2017-04-29 10:37:46.825509,1.106,97.17
2017-04-29 10:37:47.175213,1.106,97.17
2017-04-29 10:37:47.525553,1.105,97.08
2017-04-29 10:37:47.875258,1.105,97.08
2017-04-29 10:37:48.225477,1.105,97.08
2017-04-29 10:37:48.575677,1.105,97.08
2017-04-29 10:37:48.925506,1.104,96.98
2017-04-29 10:37:49.275333,1.104,96.98
2017-04-29 10:37:49.625316,1.104,96.98
2017-04-29 10:37:49.975315,1.104,96.98
2017-04-29 10:37:50.325542,1.104,96.98
2017-04-29 10:37:50.675365,1.103,96.89
2017-04-29 10:37:51.025391,1.103,96.89
2017-04-29 10:37:51.375269,1.103,96.89
2017-04-29 10:37:51.725673,1.102,96.80
2017-04-29 10:37:52.075339,1.102,96.80
2017-04-29 10:37:52.425698,1.102,96.80
2017-04-29 10:37:52.775407,1.102,96.80
2017-04-29 10:37:53.125403,1.102,96.80
2017-04-29 10:37:53.475520,1.101,96.71
2017-04-29 10:37:53.825418,1.101,96.71
2017-04-29 10:37:54.175585,1.101,96.71
2017-04-29 10:37:54.525327,1.100,96.62
2017-04-29 10:37:54.875618,1.100,96.62
2017-04-29 10:37:55.225365,1.100,96.62
2017-04-29 10:37:55.575291,1.099,96.52
2017-04-29 10:37:55.925383,1.099,96.52
2017-04-29 10:37:56.275762,1.099,96.52
2017-04-29 10:37:56.625425,1.099,96.52
2017-04-29 10:37:56.975304,1.098,96.43
2017-04-29 10:37:57.325104,1.098,96.43
2017-04-29 10:37:57.675716,1.098,96.43
2017-04-29 10:37:58.025492,1.097,96.34
2017-04-29 10:37:58.375199,1.097,96.34
2017-04-29 10:37:58.725521,1.097,96.34
2017-04-29 10:37:59.075303,1.096,96.25
2017-04-29 10:37:59.425178,1.096,96.25
2017-04-29 10:37:59.775352,1.096,96.25
2017-04-29 10:38:00.125274,1.095,96.15
2017-04-29 10:38:00.475344,1.095,96.15
2017-04-29 10:38:00.825189,1.095,96.15
2017-04-29 10:38:01.175416,1.094,96.06
2017-04-29 10:38:01.525142,1.094,96.06
2017-04-29 10:38:01.875078,1.094,96.06
2017-04-29 10:38:02.225228,1.094,96.06
2017-04-29 10:38:02.575745,1.093,95.97
2017-04-29 10:38:02.925651,1.093,95.97
2017-04-29 10:38:03.275786,1.092,95.88
2017-04-29 10:38:03.625677,1.092,95.88
2017-04-29 10:38:03.975815,1.092,95.88
2017-04-29 10:38:04.325723,1.092,95.88
2017-04-29 10:38:04.675451,1.092,95.88
2017-04-29 10:38:05.025598,1.093,95.97
2017-04-29 10:38:05.375062,1.094,96.06
2017-04-29 10:38:05.725299,1.095,96.15
2017-04-29 10:38:06.075194,1.096,96.25
2017-04-29 10:38:06.425351,1.097,96.34
2017-04-29 10:38:06.775256,1.098,96.43
2017-04-29 10:38:07.125305,1.099,96.52
2017-04-29 10:38:07.475914,1.101,96.71
2017-04-29 10:38:07.825411,1.102,96.80
2017-04-29 10:38:08.175300,1.103,96.89
2017-04-29 10:38:08.525401,1.104,96.98
2017-04-29 10:38:08.875359,1.105,97.08
2017-04-29 10:38:09.225492,1.106,97.17
2017-04-29 10:38:09.575605,1.107,97.26
2017-04-29 10:38:09.925518,1.108,97.35
2017-04-29 10:38:10.275366,1.108,97.35
2017-04-29 10:38:10.625562,1.108,97.35
2017-04-29 10:38:10.975480,1.108,97.35
2017-04-29 10:38:11.325491,1.108,97.35
2017-04-29 10:38:11.675376,1.108,97.35
2017-04-29 10:38:12.025494,1.108,97.35
2017-04-29 10:38:12.375292,1.108,97.35
2017-04-29 10:38:12.725527,1.108,97.35
2017-04-29 10:38:13.075445,1.108,97.35
2017-04-29 10:38:13.424982,1.108,97.35
2017-04-29 10:38:13.775455,1.108,97.35
2017-04-29 10:38:14.125257,1.108,97.35
2017-04-29 10:38:14.475133,1.107,97.26
2017-04-29 10:38:14.825681,1.107,97.26
2017-04-29 10:38:15.175446,1.107,97.26
2017-04-29 10:38:15.525688,1.107,97.26
2017-04-29 10:38:15.875435,1.106,97.17
2017-04-29 10:38:16.225362,1.106,97.17
2017-04-29 10:38:16.575096,1.106,97.17
2017-04-29 10:38:16.925400,1.106,97.17
2017-04-29 10:38:17.275543,1.106,97.17
2017-04-29 10:38:17.625413,1.106,97.17
2017-04-29 10:38:17.975166,1.105,97.08
2017-04-29 10:38:18.325322,1.105,97.08
2017-04-29 10:38:18.675581,1.105,97.08
2017-04-29 10:38:19.025286,1.104,96.98
2017-04-29 10:38:19.375174,1.104,96.98
2017-04-29 10:38:19.725392,1.104,96.98
2017-04-29 10:38:20.075278,1.104,96.98
2017-04-29 10:38:20.425092,1.104,96.98
2017-04-29 10:38:20.775326,1.104,96.98
2017-04-29 10:38:21.125119,1.103,96.89
2017-04-29 10:38:21.475267,1.103,96.89
2017-04-29 10:38:21.825120,1.103,96.89
2017-04-29 10:38:22.175261,1.102,96.80
2017-04-29 10:38:22.525541,1.102,96.80
2017-04-29 10:38:22.875287,1.102,96.80
2017-04-29 10:38:23.225451,1.102,96.80
2017-04-29 10:38:23.575330,1.102,96.80
2017-04-29 10:38:23.925270,1.101,96.71
2017-04-29 10:38:24.275372,1.101,96.71
2017-04-29 10:38:24.625182,1.100,96.62
2017-04-29 10:38:24.975415,1.100,96.62
2017-04-29 10:38:25.325184,1.100,96.62
2017-04-29 10:38:25.675449,1.100,96.62
2017-04-29 10:38:26.025246,1.100,96.62
2017-04-29 10:38:26.375131,1.099,96.52
2017-04-29 10:38:26.725278,1.099,96.52
2017-04-29 10:38:27.075171,1.098,96.43
2017-04-29 10:38:27.424907,1.098,96.43
2017-04-29 10:38:27.775460,1.098,96.43
2017-04-29 10:38:28.125344,1.098,96.43
2017-04-29 10:38:28.475084,1.097,96.34
2017-04-29 10:38:28.825350,1.097,96.34
2017-04-29 10:38:29.175128,1.096,96.25
2017-04-29 10:38:29.525007,1.096,96.25
2017-04-29 10:38:29.875157,1.096,96.25
2017-04-29 10:38:30.225039,1.096,96.25
2017-04-29 10:38:30.575178,1.095,96.15
2017-04-29 10:38:30.925100,1.095,96.15
2017-04-29 10:38:31.275249,1.095,96.15
2017-04-29 10:38:31.624995,1.094,96.06
2017-04-29 10:38:31.974843,1.094,96.06
2017-04-29 10:38:32.324725,1.094,96.06
2017-04-29 10:38:32.675464,1.093,95.97
2017-04-29 10:38:33.025368,1.093,95.97
2017-04-29 10:38:33.375500,1.093,95.97
2017-04-29 10:38:33.725453,1.092,95.88
2017-04-29 10:38:34.075615,1.092,95.88
2017-04-29 10:38:34.425495,1.092,95.88
2017-04-29 10:38:34.776025,1.093,95.97
2017-04-29 10:38:35.125435,1.093,95.97
2017-04-29 10:38:35.474931,1.094,96.06
2017-04-29 10:38:35.825188,1.095,96.15
2017-04-29 10:38:36.174972,1.096,96.25
2017-04-29 10:38:36.525105,1.097,96.34
2017-04-29 10:38:36.874994,1.098,96.43
2017-04-29 10:38:37.225147,1.100,96.62
2017-04-29 10:38:37.575031,1.101,96.71
2017-04-29 10:38:37.925174,1.102,96.80
2017-04-29 10:38:38.275055,1.103,96.89
2017-04-29 10:38:38.625207,1.104,96.98
2017-04-29 10:38:38.975129,1.105,97.08
2017-04-29 10:38:39.325239,1.106,97.17
2017-04-29 10:38:39.675391,1.107,97.26
2017-04-29 10:38:40.025271,1.108,97.35
2017-04-29 10:38:40.374997,1.108,97.35
2017-04-29 10:38:40.725320,1.108,97.35
2017-04-29 10:38:41.075119,1.108,97.35
2017-04-29 10:38:41.425362,1.108,97.35
2017-04-29 10:38:41.775102,1.108,97.35
2017-04-29 10:38:42.125250,1.108,97.35
2017-04-29 10:38:42.475153,1.108,97.35
2017-04-29 10:38:42.825245,1.108,97.35
2017-04-29 10:38:43.175161,1.108,97.35
2017-04-29 10:38:43.525105,1.108,97.35
2017-04-29 10:38:43.874865,1.107,97.26
2017-04-29 10:38:44.225102,1.107,97.26
2017-04-29 10:38:44.575283,1.107,97.26
2017-04-29 10:38:44.925399,1.107,97.26
2017-04-29 10:38:45.275184,1.107,97.26
2017-04-29 10:38:45.625416,1.106,97.17
2017-04-29 10:38:45.975200,1.106,97.17
2017-04-29 10:38:46.325093,1.106,97.17
2017-04-29 10:38:46.674884,1.106,97.17
2017-04-29 10:38:47.025087,1.106,97.17
2017-04-29 10:38:47.375213,1.106,97.17
2017-04-29 10:38:47.725156,1.105,97.08
2017-04-29 10:38:48.074911,1.105,97.08
2017-04-29 10:38:48.425007,1.105,97.08
2017-04-29 10:38:48.775337,1.105,97.08
2017-04-29 10:38:49.125007,1.104,96.98
2017-04-29 10:38:49.474968,1.104,96.98
2017-04-29 10:38:49.825112,1.104,96.98
2017-04-29 10:38:50.175028,1.104,96.98
2017-04-29 10:38:50.525104,1.104,96.98
2017-04-29 10:38:50.875070,1.103,96.89
2017-04-29 10:38:51.224802,1.103,96.89
2017-04-29 10:38:51.574732,1.103,96.89
2017-04-29 10:38:51.925226,1.102,96.80
2017-04-29 10:38:52.274991,1.102,96.80
2017-04-29 10:38:52.625242,1.102,96.80
2017-04-29 10:38:52.975017,1.102,96.80
2017-04-29 10:38:53.324913,1.102,96.80
2017-04-29 10:38:53.675018,1.101,96.71
2017-04-29 10:38:54.024934,1.101,96.71
2017-04-29 10:38:54.375059,1.101,96.71
2017-04-29 10:38:54.724967,1.100,96.62
2017-04-29 10:38:55.075047,1.100,96.62
2017-04-29 10:38:55.424776,1.100,96.62
2017-04-29 10:38:55.774772,1.100,96.62
2017-04-29 10:38:56.124848,1.099,96.52
2017-04-29 10:38:56.474815,1.099,96.52
2017-04-29 10:38:56.824931,1.098,96.43
2017-04-29 10:38:57.174992,1.098,96.43
2017-04-29 10:38:57.524974,1.098,96.43
2017-04-29 10:38:57.874888,1.098,96.43
2017-04-29 10:38:58.224952,1.097,96.34
2017-04-29 10:38:58.574805,1.097,96.34
2017-04-29 10:38:58.925024,1.097,96.34
2017-04-29 10:38:59.274848,1.096,96.25
2017-04-29 10:38:59.624689,1.096,96.25
2017-04-29 10:38:59.974836,1.096,96.25
2017-04-29 10:39:00.324723,1.095,96.15
2017-04-29 10:39:00.674887,1.095,96.15
2017-04-29 10:39:01.024746,1.095,96.15
2017-04-29 10:39:01.374589,1.094,96.06
2017-04-29 10:39:01.724583,1.094,96.06
2017-04-29 10:39:02.075184,1.094,96.06
2017-04-29 10:39:02.425226,1.093,95.97
2017-04-29 10:39:02.775193,1.093,95.97
2017-04-29 10:39:03.125095,1.093,95.97
2017-04-29 10:39:03.475237,1.092,95.88
2017-04-29 10:39:03.825140,1.092,95.88
2017-04-29 10:39:04.175311,1.092,95.88
2017-04-29 10:39:04.525175,1.092,95.88
2017-04-29 10:39:04.875296,1.093,95.97
2017-04-29 10:39:05.225070,1.093,95.97
2017-04-29 10:39:05.574636,1.094,96.06
2017-04-29 10:39:05.924476,1.095,96.15
2017-04-29 10:39:06.274667,1.096,96.25
2017-04-29 10:39:06.624725,1.098,96.43
2017-04-29 10:39:06.974642,1.098,96.43
2017-04-29 10:39:07.324756,1.100,96.62
2017-04-29 10:39:07.674738,1.101,96.71
2017-04-29 10:39:08.024762,1.102,96.80
2017-04-29 10:39:08.374742,1.104,96.98
2017-04-29 10:39:08.724425,1.104,96.98
2017-04-29 10:39:09.074763,1.106,97.17
2017-04-29 10:39:09.424887,1.106,97.17
2017-04-29 10:39:09.775056,1.107,97.26
2017-04-29 10:39:10.124926,1.108,97.35
2017-04-29 10:39:10.474704,1.108,97.35
2017-04-29 10:39:10.824936,1.108,97.35
2017-04-29 10:39:11.174733,1.108,97.35
2017-04-29 10:39:11.524934,1.108,97.35
2017-04-29 10:39:11.874773,1.108,97.35
2017-04-29 10:39:12.224582,1.108,97.35
2017-04-29 10:39:12.574823,1.108,97.35
2017-04-29 10:39:12.924859,1.108,97.35
2017-04-29 10:39:13.274835,1.108,97.35
2017-04-29 10:39:13.624534,1.108,97.35
2017-04-29 10:39:13.974470,1.107,97.26
2017-04-29 10:39:14.324544,1.107,97.26
2017-04-29 10:39:14.674866,1.107,97.26
2017-04-29 10:39:15.024959,1.107,97.26
2017-04-29 10:39:15.374498,1.107,97.26
2017-04-29 10:39:15.724623,1.107,97.26
2017-04-29 10:39:16.074874,1.106,97.17
2017-04-29 10:39:16.424577,1.106,97.17
2017-04-29 10:39:16.774877,1.106,97.17
2017-04-29 10:39:17.124614,1.106,97.17
2017-04-29 10:39:17.474769,1.106,97.17
2017-04-29 10:39:17.824652,1.105,97.08
2017-04-29 10:39:18.174775,1.105,97.08
2017-04-29 10:39:18.524750,1.105,97.08
2017-04-29 10:39:18.874956,1.105,97.08
2017-04-29 10:39:19.224733,1.104,96.98
2017-04-29 10:39:19.574651,1.104,96.98
2017-04-29 10:39:19.924754,1.104,96.98
2017-04-29 10:39:20.274761,1.104,96.98
2017-04-29 10:39:20.624416,1.104,96.98
2017-04-29 10:39:20.974676,1.103,96.89
2017-04-29 10:39:21.324398,1.103,96.89
2017-04-29 10:39:21.674288,1.103,96.89
2017-04-29 10:39:22.024466,1.103,96.89
2017-04-29 10:39:22.374988,1.102,96.80
2017-04-29 10:39:22.724873,1.102,96.80
2017-04-29 10:39:23.074637,1.102,96.80
2017-04-29 10:39:23.424461,1.102,96.80
2017-04-29 10:39:23.774657,1.101,96.71
2017-04-29 10:39:24.124538,1.101,96.71
2017-04-29 10:39:24.474689,1.101,96.71
2017-04-29 10:39:24.824582,1.100,96.62
2017-04-29 10:39:25.174807,1.100,96.62
2017-04-29 10:39:25.524454,1.100,96.62
2017-04-29 10:39:25.874772,1.100,96.62
2017-04-29 10:39:26.224491,1.099,96.52
2017-04-29 10:39:26.574373,1.099,96.52
2017-04-29 10:39:26.924518,1.098,96.43
2017-04-29 10:39:27.274392,1.098,96.43
2017-04-29 10:39:27.624551,1.098,96.43
2017-04-29 10:39:27.974435,1.098,96.43
2017-04-29 10:39:28.324529,1.097,96.34
2017-04-29 10:39:28.674349,1.097,96.34
2017-04-29 10:39:29.024465,1.097,96.34
2017-04-29 10:39:29.374862,1.096,96.25
2017-04-29 10:39:29.724294,1.096,96.25
2017-04-29 10:39:30.074403,1.096,96.25
2017-04-29 10:39:30.424337,1.095,96.15
2017-04-29 10:39:30.774417,1.095,96.15
2017-04-29 10:39:31.124319,1.095,96.15
2017-04-29 10:39:31.474198,1.094,96.06
2017-04-29 10:39:31.824241,1.094,96.06
2017-04-29 10:39:32.174273,1.094,96.06
2017-04-29 10:39:32.524005,1.094,96.06
2017-04-29 10:39:32.874803,1.093,95.97
2017-04-29 10:39:33.224647,1.093,95.97
2017-04-29 10:39:33.574821,1.092,95.88
2017-04-29 10:39:33.924673,1.092,95.88
2017-04-29 10:39:34.274454,1.092,95.88
2017-04-29 10:39:34.624727,1.092,95.88
2017-04-29 10:39:34.974883,1.093,95.97
2017-04-29 10:39:35.324739,1.093,95.97
2017-04-29 10:39:35.674137,1.094,96.06
2017-04-29 10:39:36.024049,1.095,96.15
2017-04-29 10:39:36.374168,1.096,96.25
2017-04-29 10:39:36.724465,1.097,96.34
2017-04-29 10:39:37.074222,1.098,96.43
2017-04-29 10:39:37.424703,1.100,96.62
2017-04-29 10:39:37.774233,1.101,96.71
2017-04-29 10:39:38.124477,1.102,96.80
2017-04-29 10:39:38.474244,1.104,96.98
2017-04-29 10:39:38.824519,1.105,97.08
2017-04-29 10:39:39.174284,1.106,97.17
2017-04-29 10:39:39.524448,1.107,97.26
2017-04-29 10:39:39.874334,1.107,97.26
2017-04-29 10:39:40.223984,1.108,97.35
2017-04-29 10:39:40.574172,1.108,97.35
2017-04-29 10:39:40.924493,1.108,97.35
2017-04-29 10:39:41.274192,1.108,97.35
2017-04-29 10:39:41.624139,1.108,97.35
2017-04-29 10:39:41.974316,1.108,97.35
2017-04-29 10:39:42.324484,1.108,97.35
2017-04-29 10:39:42.674325,1.108,97.35
2017-04-29 10:39:43.024175,1.108,97.35
2017-04-29 10:39:43.374339,1.108,97.35
2017-04-29 10:39:43.724074,1.108,97.35
2017-04-29 10:39:44.074375,1.108,97.35
2017-04-29 10:39:44.424105,1.107,97.26
2017-04-29 10:39:44.774396,1.107,97.26
2017-04-29 10:39:45.124481,1.107,97.26
2017-04-29 10:39:45.474428,1.107,97.26
2017-04-29 10:39:45.824149,1.106,97.17
2017-04-29 10:39:46.174301,1.106,97.17
2017-04-29 10:39:46.524167,1.106,97.17
2017-04-29 10:39:46.874327,1.106,97.17
2017-04-29 10:39:47.224225,1.106,97.17
2017-04-29 10:39:47.574009,1.106,97.17
2017-04-29 10:39:47.924224,1.105,97.08
2017-04-29 10:39:48.274024,1.105,97.08
2017-04-29 10:39:48.623931,1.105,97.08
2017-04-29 10:39:48.974057,1.105,97.08
2017-04-29 10:39:49.324179,1.105,97.08
2017-04-29 10:39:49.674061,1.104,96.98
2017-04-29 10:39:50.024208,1.104,96.98
2017-04-29 10:39:50.374113,1.104,96.98
2017-04-29 10:39:50.724032,1.104,96.98
2017-04-29 10:39:51.074158,1.103,96.89
2017-04-29 10:39:51.424006,1.103,96.89
2017-04-29 10:39:51.773785,1.103,96.89
2017-04-29 10:39:52.124298,1.102,96.80
2017-04-29 10:39:52.474445,1.102,96.80
2017-04-29 10:39:52.824334,1.102,96.80
2017-04-29 10:39:53.174075,1.102,96.80
2017-04-29 10:39:53.524004,1.101,96.71
2017-04-29 10:39:53.873735,1.101,96.71
2017-04-29 10:39:54.224007,1.101,96.71
2017-04-29 10:39:54.574165,1.101,96.71
2017-04-29 10:39:54.924039,1.100,96.62
2017-04-29 10:39:55.274149,1.100,96.62
2017-04-29 10:39:55.623945,1.100,96.62
2017-04-29 10:39:55.973806,1.099,96.52
2017-04-29 10:39:56.323952,1.099,96.52
2017-04-29 10:39:56.674485,1.099,96.52
2017-04-29 10:39:57.024001,1.099,96.52
2017-04-29 10:39:57.373825,1.098,96.43
2017-04-29 10:39:57.724013,1.098,96.43
2017-04-29 10:39:58.073914,1.098,96.43
2017-04-29 10:39:58.424000,1.097,96.34
2017-04-29 10:39:58.773876,1.097,96.34
2017-04-29 10:39:59.124075,1.097,96.34
2017-04-29 10:39:59.473803,1.096,96.25
2017-04-29 10:39:59.823710,1.096,96.25
2017-04-29 10:40:00.173866,1.096,96.25
2017-04-29 10:40:00.523748,1.095,96.15
2017-04-29 10:40:00.873525,1.095,96.15
2017-04-29 10:40:01.223752,1.094,96.06
2017-04-29 10:40:01.573550,1.094,96.06
2017-04-29 10:40:01.923767,1.094,96.06
2017-04-29 10:40:02.273604,1.094,96.06
2017-04-29 10:40:02.624422,1.093,95.97
2017-04-29 10:40:02.974194,1.093,95.97
2017-04-29 10:40:03.324151,1.093,95.97
2017-04-29 10:40:03.674015,1.092,95.88
2017-04-29 10:40:04.024161,1.092,95.88
2017-04-29 10:40:04.374272,1.092,95.88
2017-04-29 10:40:04.724541,1.092,95.88
2017-04-29 10:40:05.074310,1.093,95.97
2017-04-29 10:40:05.424215,1.093,95.97
2017-04-29 10:40:05.773606,1.094,96.06
2017-04-29 10:40:06.123501,1.095,96.15
2017-04-29 10:40:06.473603,1.096,96.25
2017-04-29 10:40:06.823905,1.097,96.34
2017-04-29 10:40:07.173678,1.098,96.43
2017-04-29 10:40:07.523899,1.100,96.62
2017-04-29 10:40:07.873662,1.101,96.71
2017-04-29 10:40:08.223820,1.102,96.80
2017-04-29 10:40:08.573696,1.103,96.89
2017-04-29 10:40:08.923483,1.104,96.98
2017-04-29 10:40:09.273739,1.106,97.17
2017-04-29 10:40:09.623897,1.106,97.17
2017-04-29 10:40:09.973766,1.107,97.26
2017-04-29 10:40:10.323489,1.108,97.35
2017-04-29 10:40:10.673773,1.108,97.35
2017-04-29 10:40:11.023538,1.108,97.35
2017-04-29 10:40:11.373809,1.108,97.35
2017-04-29 10:40:11.723564,1.108,97.35
2017-04-29 10:40:12.073845,1.108,97.35
2017-04-29 10:40:12.423578,1.108,97.35
2017-04-29 10:40:12.773836,1.108,97.35
2017-04-29 10:40:13.123858,1.108,97.35
2017-04-29 10:40:13.473738,1.108,97.35
2017-04-29 10:40:13.823678,1.108,97.35
2017-04-29 10:40:14.173397,1.107,97.26
2017-04-29 10:40:14.523574,1.107,97.26
2017-04-29 10:40:14.873419,1.107,97.26
2017-04-29 10:40:15.223931,1.107,97.26
2017-04-29 10:40:15.573834,1.107,97.26
2017-04-29 10:40:15.923638,1.107,97.26
2017-04-29 10:40:16.273737,1.106,97.17
2017-04-29 10:40:16.623626,1.106,97.17
2017-04-29 10:40:16.973464,1.106,97.17
2017-04-29 10:40:17.323595,1.106,97.17
2017-04-29 10:40:17.673394,1.106,97.17
2017-04-29 10:40:18.023659,1.106,97.17
2017-04-29 10:40:18.373429,1.105,97.08
2017-04-29 10:40:18.723647,1.105,97.08
2017-04-29 10:40:19.073456,1.105,97.08
2017-04-29 10:40:19.423716,1.105,97.08
2017-04-29 10:40:19.773479,1.104,96.98
2017-04-29 10:40:20.123626,1.104,96.98
2017-04-29 10:40:20.473454,1.104,96.98
2017-04-29 10:40:20.823429,1.104,96.98
2017-04-29 10:40:21.173535,1.103,96.89
2017-04-29 10:40:21.523315,1.103,96.89
2017-04-29 10:40:21.873163,1.103,96.89
2017-04-29 10:40:22.223705,1.102,96.80
2017-04-29 10:40:22.573833,1.102,96.80
2017-04-29 10:40:22.923733,1.102,96.80
2017-04-29 10:40:23.273475,1.102,96.80
2017-04-29 10:40:23.623379,1.102,96.80
2017-04-29 10:40:23.974280,1.101,96.71
2017-04-29 10:40:24.323414,1.101,96.71
2017-04-29 10:40:24.673534,1.101,96.71
2017-04-29 10:40:25.023450,1.100,96.62
2017-04-29 10:40:25.373514,1.100,96.62
2017-04-29 10:40:25.723467,1.100,96.62
2017-04-29 10:40:26.073284,1.100,96.62
2017-04-29 10:40:26.423358,1.099,96.52
2017-04-29 10:40:26.773231,1.099,96.52
2017-04-29 10:40:27.123403,1.099,96.52
2017-04-29 10:40:27.473265,1.098,96.43
2017-04-29 10:40:27.823434,1.098,96.43
2017-04-29 10:40:28.173289,1.098,96.43
2017-04-29 10:40:28.523444,1.097,96.34
2017-04-29 10:40:28.873307,1.097,96.34
2017-04-29 10:40:29.223456,1.097,96.34
2017-04-29 10:40:29.573298,1.096,96.25
2017-04-29 10:40:29.923114,1.096,96.25
2017-04-29 10:40:30.273159,1.096,96.25
2017-04-29 10:40:30.623163,1.095,96.15
2017-04-29 10:40:30.973228,1.095,96.15
2017-04-29 10:40:31.323143,1.095,96.15
2017-04-29 10:40:31.672867,1.094,96.06
2017-04-29 10:40:32.023126,1.094,96.06
2017-04-29 10:40:32.372805,1.094,96.06
2017-04-29 10:40:32.722866,1.094,96.06
2017-04-29 10:40:33.073657,1.093,95.97
2017-04-29 10:40:33.423618,1.093,95.97
2017-04-29 10:40:33.773374,1.092,95.88
2017-04-29 10:40:34.123291,1.092,95.88
2017-04-29 10:40:34.473157,1.092,95.88
2017-04-29 10:40:34.823265,1.092,95.88
2017-04-29 10:40:35.173012,1.092,95.88
2017-04-29 10:40:35.523251,1.093,95.97
2017-04-29 10:40:35.872987,1.094,96.06
2017-04-29 10:40:36.222995,1.095,96.15
2017-04-29 10:40:36.573070,1.096,96.25
2017-04-29 10:40:36.923213,1.097,96.34
2017-04-29 10:40:37.272934,1.098,96.43
2017-04-29 10:40:37.623249,1.099,96.52
2017-04-29 10:40:37.973023,1.100,96.62
2017-04-29 10:40:38.323188,1.102,96.80
2017-04-29 10:40:38.673146,1.103,96.89
2017-04-29 10:40:39.023017,1.104,96.98
2017-04-29 10:40:39.373074,1.105,97.08
2017-04-29 10:40:39.723210,1.106,97.17
2017-04-29 10:40:40.073094,1.107,97.26
2017-04-29 10:40:40.422852,1.108,97.35
2017-04-29 10:40:40.773089,1.108,97.35
2017-04-29 10:40:41.123243,1.108,97.35
2017-04-29 10:40:41.473031,1.108,97.35
2017-04-29 10:40:41.822931,1.108,97.35
2017-04-29 10:40:42.173019,1.108,97.35
2017-04-29 10:40:42.522936,1.108,97.35
2017-04-29 10:40:42.873098,1.108,97.35
2017-04-29 10:40:43.223328,1.108,97.35
2017-04-29 10:40:43.573087,1.108,97.35
2017-04-29 10:40:43.922989,1.108,97.35
2017-04-29 10:40:44.273094,1.108,97.35
2017-04-29 10:40:44.622968,1.107,97.26
2017-04-29 10:40:44.972727,1.107,97.26
2017-04-29 10:40:45.323231,1.107,97.26
2017-04-29 10:40:45.673178,1.107,97.26
2017-04-29 10:40:46.023037,1.107,97.26
2017-04-29 10:40:46.373206,1.106,97.17
2017-04-29 10:40:46.723075,1.106,97.17
2017-04-29 10:40:47.072831,1.106,97.17
2017-04-29 10:40:47.423026,1.106,97.17
2017-04-29 10:40:47.773116,1.106,97.17
2017-04-29 10:40:48.122991,1.106,97.17
2017-04-29 10:40:48.472748,1.105,97.08
2017-04-29 10:40:48.823026,1.105,97.08
2017-04-29 10:40:49.172807,1.105,97.08
2017-04-29 10:40:49.523044,1.105,97.08
2017-04-29 10:40:49.872800,1.104,96.98
2017-04-29 10:40:50.222941,1.104,96.98
2017-04-29 10:40:50.572728,1.104,96.98
2017-04-29 10:40:50.922747,1.104,96.98
2017-04-29 10:40:51.273253,1.103,96.89
2017-04-29 10:40:51.622672,1.103,96.89
2017-04-29 10:40:51.972900,1.103,96.89
2017-04-29 10:40:52.322740,1.103,96.89
2017-04-29 10:40:52.672880,1.102,96.80
2017-04-29 10:40:53.022996,1.102,96.80
2017-04-29 10:40:53.372561,1.102,96.80
2017-04-29 10:40:53.722678,1.102,96.80
2017-04-29 10:40:54.072828,1.101,96.71
2017-04-29 10:40:54.422732,1.101,96.71
2017-04-29 10:40:54.772852,1.101,96.71
2017-04-29 10:40:55.122783,1.100,96.62
2017-04-29 10:40:55.472873,1.100,96.62
2017-04-29 10:40:55.822794,1.100,96.62
2017-04-29 10:40:56.172515,1.100,96.62
2017-04-29 10:40:56.522821,1.099,96.52
2017-04-29 10:40:56.872580,1.099,96.52
2017-04-29 10:40:57.222703,1.099,96.52
2017-04-29 10:40:57.572596,1.098,96.43
2017-04-29 10:40:57.922733,1.098,96.43
2017-04-29 10:40:58.272561,1.098,96.43
2017-04-29 10:40:58.622767,1.097,96.34
2017-04-29 10:40:58.972615,1.097,96.34
2017-04-29 10:40:59.322806,1.097,96.34
2017-04-29 10:40:59.672658,1.096,96.25
2017-04-29 10:41:00.022580,1.096,96.25
2017-04-29 10:41:00.372285,1.096,96.25
2017-04-29 10:41:00.722419,1.095,96.15
2017-04-29 10:41:01.072564,1.095,96.15
2017-04-29 10:41:01.422041,1.095,96.15
2017-04-29 10:41:01.772595,1.094,96.06
2017-04-29 10:41:02.122473,1.094,96.06
2017-04-29 10:41:02.472265,1.094,96.06
2017-04-29 10:41:02.823123,1.093,95.97
2017-04-29 10:41:03.172959,1.093,95.97
2017-04-29 10:41:03.522830,1.093,95.97
2017-04-29 10:41:03.872670,1.092,95.88
2017-04-29 10:41:04.222851,1.092,95.88
2017-04-29 10:41:04.572709,1.092,95.88
2017-04-29 10:41:04.922825,1.092,95.88
2017-04-29 10:41:05.272664,1.092,95.88
2017-04-29 10:41:05.622874,1.093,95.97
2017-04-29 10:41:05.971958,1.094,96.06
2017-04-29 10:41:06.322091,1.094,96.06
2017-04-29 10:41:06.672366,1.096,96.25
2017-04-29 10:41:07.022505,1.097,96.34
2017-04-29 10:41:07.372247,1.098,96.43
2017-04-29 10:41:07.722489,1.099,96.52
2017-04-29 10:41:08.072668,1.100,96.62
2017-04-29 10:41:08.422587,1.101,96.71
2017-04-29 10:41:08.771921,1.103,96.89
2017-04-29 10:41:09.122178,1.104,96.98
2017-04-29 10:41:09.472268,1.105,97.08
2017-04-29 10:41:09.822450,1.106,97.17
2017-04-29 10:41:10.172377,1.107,97.26
2017-04-29 10:41:10.522113,1.108,97.35
2017-04-29 10:41:10.872399,1.108,97.35
2017-04-29 10:41:11.222650,1.108,97.35
2017-04-29 10:41:11.572411,1.108,97.35
2017-04-29 10:41:11.922581,1.108,97.35
2017-04-29 10:41:12.272300,1.108,97.35
2017-04-29 10:41:12.622616,1.108,97.35
2017-04-29 10:41:12.972332,1.108,97.35
2017-04-29 10:41:13.322724,1.108,97.35
2017-04-29 10:41:13.672269,1.108,97.35
2017-04-29 10:41:14.022225,1.108,97.35
2017-04-29 10:41:14.372365,1.108,97.35
2017-04-29 10:41:14.722239,1.108,97.35
2017-04-29 10:41:15.072013,1.107,97.26
2017-04-29 10:41:15.422141,1.107,97.26
2017-04-29 10:41:15.772364,1.107,97.26
2017-04-29 10:41:16.122165,1.107,97.26
2017-04-29 10:41:16.472423,1.106,97.17
2017-04-29 10:41:16.822174,1.106,97.17
2017-04-29 10:41:17.172113,1.106,97.17
2017-04-29 10:41:17.522252,1.106,97.17
2017-04-29 10:41:17.872143,1.106,97.17
2017-04-29 10:41:18.222290,1.106,97.17
2017-04-29 10:41:18.572793,1.105,97.08
2017-04-29 10:41:18.921909,1.105,97.08
2017-04-29 10:41:19.272189,1.105,97.08
2017-04-29 10:41:19.622067,1.104,96.98
2017-04-29 10:41:19.972174,1.104,96.98
2017-04-29 10:41:20.322349,1.104,96.98
2017-04-29 10:41:20.672240,1.104,96.98
2017-04-29 10:41:21.021926,1.104,96.98
2017-04-29 10:41:21.372056,1.103,96.89
2017-04-29 10:41:21.722015,1.103,96.89
2017-04-29 10:41:22.071741,1.103,96.89
2017-04-29 10:41:22.422269,1.102,96.80
2017-04-29 10:41:22.772135,1.102,96.80
2017-04-29 10:41:23.122286,1.102,96.80
2017-04-29 10:41:23.472181,1.102,96.80
2017-04-29 10:41:23.821933,1.102,96.80
2017-04-29 10:41:24.172084,1.101,96.71
2017-04-29 10:41:24.521949,1.101,96.71
2017-04-29 10:41:24.872082,1.101,96.71
2017-04-29 10:41:25.221965,1.100,96.62
2017-04-29 10:41:25.572108,1.100,96.62
2017-04-29 10:41:25.921987,1.100,96.62
2017-04-29 10:41:26.271755,1.100,96.62
2017-04-29 10:41:26.622009,1.099,96.52
2017-04-29 10:41:26.971762,1.099,96.52
2017-04-29 10:41:27.322020,1.099,96.52
2017-04-29 10:41:27.671784,1.098,96.43
2017-04-29 10:41:28.021682,1.098,96.43
2017-04-29 10:41:28.371764,1.098,96.43
2017-04-29 10:41:28.721942,1.097,96.34
2017-04-29 10:41:29.071844,1.097,96.34
2017-04-29 10:41:29.421560,1.097,96.34
2017-04-29 10:41:29.771858,1.096,96.25
2017-04-29 10:41:30.121547,1.096,96.25
2017-04-29 10:41:30.471479,1.096,96.25
2017-04-29 10:41:30.821625,1.095,96.15
2017-04-29 10:41:31.171542,1.095,96.15
2017-04-29 10:41:31.521646,1.095,96.15
2017-04-29 10:41:31.871426,1.094,96.06
2017-04-29 10:41:32.221646,1.094,96.06
2017-04-29 10:41:32.571601,1.094,96.06
2017-04-29 10:41:32.921942,1.093,95.97
2017-04-29 10:41:33.272248,1.093,95.97
2017-04-29 10:41:33.621962,1.093,95.97
2017-04-29 10:41:33.972243,1.093,95.97
2017-04-29 10:41:34.322012,1.092,95.88
2017-04-29 10:41:34.671832,1.092,95.88
2017-04-29 10:41:35.022016,1.092,95.88
2017-04-29 10:41:35.371890,1.092,95.88
2017-04-29 10:41:35.721980,1.093,95.97
2017-04-29 10:41:36.072166,1.093,95.97
2017-04-29 10:41:36.421320,1.094,96.06
2017-04-29 10:41:36.771568,1.095,96.15
2017-04-29 10:41:37.121346,1.096,96.25
2017-04-29 10:41:37.471622,1.098,96.43
2017-04-29 10:41:37.821350,1.099,96.52
2017-04-29 10:41:38.171490,1.100,96.62
2017-04-29 10:41:38.521701,1.101,96.71
2017-04-29 10:41:38.871896,1.102,96.80
2017-04-29 10:41:39.221387,1.104,96.98
2017-04-29 10:41:39.571536,1.105,97.08
2017-04-29 10:41:39.921784,1.106,97.17
2017-04-29 10:41:40.271567,1.107,97.26
2017-04-29 10:41:40.621457,1.107,97.26
2017-04-29 10:41:40.971566,1.108,97.35
2017-04-29 10:41:41.321342,1.108,97.35
2017-04-29 10:41:41.671645,1.108,97.35
2017-04-29 10:41:42.021298,1.108,97.35
2017-04-29 10:41:42.371433,1.108,97.35
2017-04-29 10:41:42.721362,1.108,97.35
2017-04-29 10:41:43.071512,1.108,97.35
2017-04-29 10:41:43.421778,1.108,97.35
2017-04-29 10:41:43.771548,1.108,97.35
2017-04-29 10:41:44.121369,1.108,97.35
2017-04-29 10:41:44.471186,1.108,97.35
2017-04-29 10:41:44.821372,1.107,97.26
2017-04-29 10:41:45.171212,1.107,97.26
2017-04-29 10:41:45.521613,1.107,97.26
2017-04-29 10:41:45.872217,1.107,97.26
2017-04-29 10:41:46.221320,1.107,97.26
2017-04-29 10:41:46.571653,1.107,97.26
2017-04-29 10:41:46.921329,1.106,97.17
2017-04-29 10:41:47.271266,1.106,97.17
2017-04-29 10:41:47.621333,1.106,97.17
2017-04-29 10:41:47.971300,1.106,97.17
2017-04-29 10:41:48.321368,1.106,97.17
2017-04-29 10:41:48.671319,1.105,97.08
2017-04-29 10:41:49.021000,1.105,97.08
2017-04-29 10:41:49.371114,1.105,97.08
2017-04-29 10:41:49.721418,1.105,97.08
2017-04-29 10:41:50.071182,1.104,96.98
2017-04-29 10:41:50.421011,1.104,96.98
2017-04-29 10:41:50.771247,1.104,96.98
2017-04-29 10:41:51.121054,1.104,96.98
2017-04-29 10:41:51.471288,1.104,96.98
2017-04-29 10:41:51.821101,1.103,96.89
2017-04-29 10:41:52.170917,1.103,96.89
2017-04-29 10:41:52.520866,1.103,96.89
2017-04-29 10:41:52.871688,1.102,96.80
2017-04-29 10:41:53.221296,1.102,96.80
2017-04-29 10:41:53.571303,1.102,96.80
2017-04-29 10:41:53.921438,1.102,96.80
2017-04-29 10:41:54.271391,1.101,96.71
2017-04-29 10:41:54.621219,1.101,96.71
2017-04-29 10:41:54.970927,1.101,96.71
2017-04-29 10:41:55.320714,1.100,96.62
2017-04-29 10:41:55.671245,1.100,96.62
2017-04-29 10:41:56.021167,1.100,96.62
2017-04-29 10:41:56.370841,1.100,96.62
2017-04-29 10:41:56.720729,1.099,96.52
2017-04-29 10:41:57.070956,1.099,96.52
2017-04-29 10:41:57.421195,1.099,96.52
2017-04-29 10:41:57.771028,1.098,96.43
2017-04-29 10:41:58.120774,1.098,96.43
2017-04-29 10:41:58.471360,1.098,96.43
2017-04-29 10:41:58.821115,1.098,96.43
2017-04-29 10:41:59.171039,1.097,96.34
2017-04-29 10:41:59.520764,1.097,96.34
2017-04-29 10:41:59.871047,1.096,96.25
2017-04-29 10:42:00.220786,1.096,96.25
2017-04-29 10:42:00.570464,1.096,96.25
2017-04-29 10:42:00.920797,1.096,96.25
2017-04-29 10:42:01.270711,1.095,96.15
2017-04-29 10:42:01.620819,1.095,96.15
2017-04-29 10:42:01.970962,1.094,96.06
2017-04-29 10:42:02.320842,1.094,96.06
2017-04-29 10:42:02.670773,1.094,96.06
2017-04-29 10:42:03.020473,1.094,96.06
2017-04-29 10:42:03.371346,1.093,95.97
2017-04-29 10:42:03.721165,1.093,95.97
2017-04-29 10:42:04.071415,1.093,95.97
2017-04-29 10:42:04.421120,1.092,95.88
2017-04-29 10:42:04.771041,1.092,95.88
2017-04-29 10:42:05.121167,1.092,95.88
2017-04-29 10:42:05.471057,1.092,95.88
2017-04-29 10:42:05.820757,1.092,95.88
2017-04-29 10:42:06.171054,1.093,95.97
2017-04-29 10:42:06.520591,1.094,96.06
2017-04-29 10:42:06.870796,1.095,96.15
2017-04-29 10:42:07.220646,1.096,96.25
2017-04-29 10:42:07.570809,1.097,96.34
2017-04-29 10:42:07.920623,1.098,96.43
2017-04-29 10:42:08.270681,1.099,96.52
2017-04-29 10:42:08.620424,1.100,96.62
2017-04-29 10:42:08.970602,1.102,96.80
2017-04-29 10:42:09.320568,1.103,96.89
2017-04-29 10:42:09.670694,1.104,96.98
2017-04-29 10:42:10.020590,1.105,97.08
2017-04-29 10:42:10.370562,1.106,97.17
2017-04-29 10:42:10.720720,1.107,97.26
2017-04-29 10:42:11.070690,1.108,97.35
2017-04-29 10:42:11.420433,1.108,97.35
2017-04-29 10:42:11.770798,1.108,97.35
2017-04-29 10:42:12.120488,1.108,97.35
2017-04-29 10:42:12.470623,1.108,97.35
2017-04-29 10:42:12.820534,1.108,97.35
2017-04-29 10:42:13.171388,1.108,97.35
2017-04-29 10:42:13.520545,1.108,97.35
2017-04-29 10:42:13.870716,1.108,97.35
2017-04-29 10:42:14.220557,1.108,97.35
2017-04-29 10:42:14.570475,1.108,97.35
2017-04-29 10:42:14.920578,1.108,97.35
2017-04-29 10:42:15.270338,1.108,97.35
2017-04-29 10:42:15.620644,1.107,97.26
2017-04-29 10:42:15.970815,1.107,97.26
2017-04-29 10:42:16.320874,1.107,97.26
2017-04-29 10:42:16.670759,1.107,97.26
2017-04-29 10:42:17.020537,1.106,97.17
2017-04-29 10:42:17.370166,1.106,97.17
2017-04-29 10:42:17.720541,1.106,97.17
2017-04-29 10:42:18.070372,1.106,97.17
2017-04-29 10:42:18.420594,1.106,97.17
2017-04-29 10:42:18.770439,1.106,97.17
2017-04-29 10:42:19.120592,1.106,97.17
2017-04-29 10:42:19.470448,1.105,97.08
2017-04-29 10:42:19.820222,1.105,97.08
2017-04-29 10:42:20.170348,1.105,97.08
2017-04-29 10:42:20.520274,1.104,96.98
2017-04-29 10:42:20.870368,1.104,96.98
2017-04-29 10:42:21.220661,1.104,96.98
2017-04-29 10:42:21.570016,1.104,96.98
2017-04-29 10:42:21.920187,1.104,96.98
2017-04-29 10:42:22.269990,1.103,96.89
2017-04-29 10:42:22.620301,1.103,96.89
2017-04-29 10:42:22.970073,1.103,96.89
2017-04-29 10:42:23.320349,1.103,96.89
2017-04-29 10:42:23.670418,1.102,96.80
2017-04-29 10:42:24.020203,1.102,96.80
2017-04-29 10:42:24.370457,1.102,96.80
2017-04-29 10:42:24.720230,1.101,96.71
2017-04-29 10:42:25.070065,1.101,96.71
2017-04-29 10:42:25.420170,1.101,96.71
2017-04-29 10:42:25.770122,1.100,96.62
2017-04-29 10:42:26.120312,1.100,96.62
2017-04-29 10:42:26.470099,1.100,96.62
2017-04-29 10:42:26.820275,1.100,96.62
2017-04-29 10:42:27.170179,1.099,96.52
2017-04-29 10:42:27.520309,1.099,96.52
2017-04-29 10:42:27.870186,1.099,96.52
2017-04-29 10:42:28.219953,1.098,96.43
2017-04-29 10:42:28.569703,1.098,96.43
2017-04-29 10:42:28.920230,1.098,96.43
2017-04-29 10:42:29.270110,1.097,96.34
2017-04-29 10:42:29.619939,1.097,96.34
2017-04-29 10:42:29.970135,1.097,96.34
2017-04-29 10:42:30.319884,1.096,96.25
2017-04-29 10:42:30.670176,1.096,96.25
2017-04-29 10:42:31.019881,1.096,96.25
2017-04-29 10:42:31.369919,1.096,96.25
2017-04-29 10:42:31.719671,1.095,96.15
2017-04-29 10:42:32.069827,1.095,96.15
2017-04-29 10:42:32.454668,1.095,96.15
2017-04-29 10:42:32.769573,1.094,96.06
2017-04-29 10:42:33.119300,1.094,96.06
2017-04-29 10:42:33.469420,1.094,96.06
2017-04-29 10:42:33.820054,1.093,95.97
2017-04-29 10:42:34.170189,1.093,95.97
2017-04-29 10:42:34.520152,1.093,95.97
2017-04-29 10:42:34.870025,1.092,95.88
2017-04-29 10:42:35.220390,1.092,95.88
2017-04-29 10:42:35.570158,1.092,95.88
2017-04-29 10:42:35.920427,1.092,95.88
2017-04-29 10:42:36.270176,1.093,95.97
2017-04-29 10:42:36.619676,1.094,96.06
2017-04-29 10:42:36.969807,1.094,96.06
2017-04-29 10:42:37.319598,1.095,96.15
2017-04-29 10:42:37.669821,1.097,96.34
2017-04-29 10:42:38.020004,1.098,96.43
2017-04-29 10:42:38.369795,1.099,96.52
2017-04-29 10:42:38.719972,1.100,96.62
2017-04-29 10:42:39.069710,1.101,96.71
2017-04-29 10:42:39.419994,1.102,96.80
2017-04-29 10:42:39.769760,1.104,96.98
2017-04-29 10:42:40.120029,1.105,97.08
2017-04-29 10:42:40.470471,1.106,97.17
2017-04-29 10:42:40.819925,1.107,97.26
2017-04-29 10:42:41.169800,1.108,97.35
2017-04-29 10:42:41.519686,1.108,97.35
2017-04-29 10:42:41.869833,1.108,97.35
2017-04-29 10:42:42.219568,1.108,97.35
2017-04-29 10:42:42.569843,1.108,97.35
2017-04-29 10:42:42.919573,1.108,97.35
2017-04-29 10:42:43.269429,1.108,97.35
2017-04-29 10:42:43.619655,1.108,97.35
2017-04-29 10:42:43.969874,1.108,97.35
2017-04-29 10:42:44.319638,1.108,97.35
2017-04-29 10:42:44.669477,1.108,97.35
2017-04-29 10:42:45.019582,1.108,97.35
2017-04-29 10:42:45.369728,1.108,97.35
2017-04-29 10:42:45.719685,1.107,97.26
2017-04-29 10:42:46.069753,1.107,97.26
2017-04-29 10:42:46.419932,1.107,97.26
2017-04-29 10:42:46.769821,1.107,97.26
2017-04-29 10:42:47.119727,1.107,97.26
2017-04-29 10:42:47.469432,1.106,97.17
2017-04-29 10:42:47.819730,1.106,97.17
2017-04-29 10:42:48.169478,1.106,97.17
2017-04-29 10:42:48.519984,1.106,97.17
2017-04-29 10:42:48.869508,1.106,97.17
2017-04-29 10:42:49.219278,1.105,97.08
2017-04-29 10:42:49.569513,1.105,97.08
2017-04-29 10:42:49.919282,1.105,97.08
2017-04-29 10:42:50.269472,1.105,97.08
2017-04-29 10:42:50.619309,1.104,96.98
2017-04-29 10:42:50.969443,1.104,96.98
2017-04-29 10:42:51.319302,1.104,96.98
2017-04-29 10:42:51.669456,1.104,96.98
2017-04-29 10:42:52.019343,1.103,96.89
2017-04-29 10:42:52.369092,1.103,96.89
2017-04-29 10:42:52.719374,1.103,96.89
2017-04-29 10:42:53.069113,1.103,96.89
2017-04-29 10:42:53.419628,1.102,96.80
2017-04-29 10:42:53.769508,1.102,96.80
2017-04-29 10:42:54.119264,1.102,96.80
2017-04-29 10:42:54.469137,1.102,96.80
2017-04-29 10:42:54.819256,1.101,96.71
2017-04-29 10:42:55.169169,1.101,96.71
2017-04-29 10:42:55.519302,1.101,96.71
2017-04-29 10:42:55.869185,1.100,96.62
2017-04-29 10:42:56.219332,1.100,96.62
2017-04-29 10:42:56.569150,1.100,96.62
2017-04-29 10:42:56.919269,1.100,96.62
2017-04-29 10:42:57.269199,1.099,96.52
2017-04-29 10:42:57.619399,1.099,96.52
2017-04-29 10:42:57.969042,1.099,96.52
2017-04-29 10:42:58.318989,1.098,96.43
2017-04-29 10:42:58.669498,1.098,96.43
2017-04-29 10:42:59.019386,1.098,96.43
2017-04-29 10:42:59.369069,1.097,96.34
2017-04-29 10:42:59.719073,1.097,96.34
2017-04-29 10:43:00.069126,1.097,96.34
2017-04-29 10:43:00.419062,1.096,96.25
2017-04-29 10:43:00.769121,1.096,96.25
2017-04-29 10:43:01.119085,1.096,96.25
2017-04-29 10:43:01.468725,1.095,96.15
2017-04-29 10:43:01.819095,1.095,96.15
2017-04-29 10:43:02.168764,1.095,96.15
2017-04-29 10:43:02.519145,1.094,96.06
2017-04-29 10:43:02.868777,1.094,96.06
2017-04-29 10:43:03.218705,1.094,96.06
2017-04-29 10:43:03.568755,1.094,96.06
2017-04-29 10:43:03.919361,1.093,95.97
2017-04-29 10:43:04.269444,1.093,95.97
2017-04-29 10:43:04.619421,1.093,95.97
2017-04-29 10:43:04.969072,1.092,95.88
2017-04-29 10:43:05.319347,1.092,95.88
2017-04-29 10:43:05.669106,1.092,95.88
2017-04-29 10:43:06.019113,1.092,95.88
2017-04-29 10:43:06.369223,1.093,95.97
2017-04-29 10:43:06.718763,1.094,96.06
2017-04-29 10:43:07.068446,1.095,96.15
2017-04-29 10:43:07.418641,1.096,96.25
2017-04-29 10:43:07.769388,1.097,96.34
2017-04-29 10:43:08.118977,1.098,96.43
2017-04-29 10:43:08.468924,1.099,96.52
2017-04-29 10:43:08.818688,1.100,96.62
2017-04-29 10:43:09.168857,1.102,96.80
2017-04-29 10:43:09.518700,1.103,96.89
2017-04-29 10:43:09.868806,1.104,96.98
2017-04-29 10:43:10.218802,1.105,97.08
2017-04-29 10:43:10.568824,1.106,97.17
2017-04-29 10:43:10.919087,1.107,97.26
2017-04-29 10:43:11.268844,1.108,97.35
2017-04-29 10:43:11.618701,1.108,97.35
2017-04-29 10:43:11.968890,1.108,97.35
2017-04-29 10:43:12.318778,1.108,97.35
2017-04-29 10:43:12.668869,1.108,97.35
2017-04-29 10:43:13.018694,1.108,97.35
2017-04-29 10:43:13.368883,1.108,97.35
2017-04-29 10:43:13.718669,1.108,97.35
2017-04-29 10:43:14.068858,1.108,97.35
2017-04-29 10:43:14.418712,1.108,97.35
2017-04-29 10:43:14.768554,1.108,97.35
2017-04-29 10:43:15.118760,1.108,97.35
2017-04-29 10:43:15.468784,1.108,97.35
2017-04-29 10:43:15.818737,1.107,97.26
2017-04-29 10:43:16.168498,1.107,97.26
2017-04-29 10:43:16.519112,1.107,97.26
2017-04-29 10:43:16.868786,1.107,97.26
2017-04-29 10:43:17.218812,1.107,97.26
2017-04-29 10:43:17.568448,1.106,97.17
2017-04-29 10:43:17.918790,1.106,97.17
2017-04-29 10:43:18.268520,1.106,97.17
2017-04-29 10:43:18.618683,1.106,97.17
2017-04-29 10:43:18.968564,1.106,97.17
2017-04-29 10:43:19.318387,1.106,97.17
2017-04-29 10:43:19.668521,1.105,97.08
2017-04-29 10:43:20.018300,1.105,97.08
2017-04-29 10:43:20.368551,1.105,97.08
2017-04-29 10:43:20.718277,1.104,96.98
2017-04-29 10:43:21.068581,1.104,96.98
2017-04-29 10:43:21.418250,1.104,96.98
2017-04-29 10:43:21.768598,1.104,96.98
2017-04-29 10:43:22.118367,1.104,96.98
2017-04-29 10:43:22.468259,1.103,96.89
2017-04-29 10:43:22.818381,1.103,96.89
2017-04-29 10:43:23.168144,1.103,96.89
2017-04-29 10:43:23.518718,1.102,96.80
2017-04-29 10:43:23.868572,1.102,96.80
2017-04-29 10:43:24.218414,1.102,96.80
2017-04-29 10:43:24.568588,1.102,96.80
2017-04-29 10:43:24.918316,1.102,96.80
2017-04-29 10:43:25.268574,1.101,96.71
2017-04-29 10:43:25.618357,1.101,96.71
2017-04-29 10:43:25.968220,1.100,96.62
2017-04-29 10:43:26.318118,1.100,96.62
2017-04-29 10:43:26.668202,1.100,96.62
2017-04-29 10:43:27.018363,1.100,96.62
2017-04-29 10:43:27.368158,1.099,96.52
2017-04-29 10:43:27.718397,1.099,96.52
2017-04-29 10:43:28.068037,1.099,96.52
2017-04-29 10:43:28.418048,1.098,96.43
2017-04-29 10:43:28.767920,1.098,96.43
2017-04-29 10:43:29.118445,1.098,96.43
2017-04-29 10:43:29.468125,1.097,96.34
2017-04-29 10:43:29.818059,1.097,96.34
2017-04-29 10:43:30.168160,1.097,96.34
2017-04-29 10:43:30.518182,1.097,96.34
2017-04-29 10:43:30.867824,1.096,96.25
2017-04-29 10:43:31.218092,1.096,96.25
2017-04-29 10:43:31.568222,1.096,96.25
2017-04-29 10:43:31.917831,1.095,96.15
2017-04-29 10:43:32.267888,1.095,96.15
2017-04-29 10:43:32.617769,1.095,96.15
2017-04-29 10:43:32.967893,1.094,96.06
2017-04-29 10:43:33.317665,1.094,96.06
2017-04-29 10:43:33.667920,1.094,96.06
2017-04-29 10:43:34.018416,1.093,95.97
2017-04-29 10:43:34.368523,1.093,95.97
2017-04-29 10:43:34.718408,1.093,95.97
2017-04-29 10:43:35.068876,1.092,95.88
2017-04-29 10:43:35.418298,1.092,95.88
2017-04-29 10:43:35.768209,1.092,95.88
2017-04-29 10:43:36.118094,1.092,95.88
2017-04-29 10:43:36.468194,1.093,95.97
2017-04-29 10:43:36.817705,1.094,96.06
2017-04-29 10:43:37.167952,1.094,96.06
2017-04-29 10:43:37.517737,1.095,96.15
2017-04-29 10:43:37.867905,1.096,96.25
2017-04-29 10:43:38.217992,1.098,96.43
2017-04-29 10:43:38.567480,1.099,96.52
2017-04-29 10:43:38.917624,1.100,96.62
2017-04-29 10:43:39.267938,1.101,96.71
2017-04-29 10:43:39.618021,1.102,96.80
2017-04-29 10:43:39.967943,1.104,96.98
2017-04-29 10:43:40.318052,1.105,97.08
2017-04-29 10:43:40.667809,1.106,97.17
2017-04-29 10:43:41.018097,1.107,97.26
2017-04-29 10:43:41.367580,1.107,97.26
2017-04-29 10:43:41.717683,1.108,97.35
2017-04-29 10:43:42.067908,1.108,97.35
2017-04-29 10:43:42.418113,1.108,97.35
2017-04-29 10:43:42.767526,1.108,97.35
2017-04-29 10:43:43.118160,1.108,97.35
2017-04-29 10:43:43.467506,1.108,97.35
2017-04-29 10:43:43.817639,1.108,97.35
2017-04-29 10:43:44.167924,1.108,97.35
2017-04-29 10:43:44.517654,1.108,97.35
2017-04-29 10:43:44.867507,1.108,97.35
2017-04-29 10:43:45.217550,1.108,97.35
2017-04-29 10:43:45.567557,1.107,97.26
2017-04-29 10:43:45.917303,1.107,97.26
2017-04-29 10:43:46.267577,1.107,97.26
2017-04-29 10:43:46.617678,1.107,97.26
2017-04-29 10:43:46.967805,1.107,97.26
2017-04-29 10:43:47.317689,1.107,97.26
2017-04-29 10:43:47.667437,1.106,97.17
2017-04-29 10:43:48.017368,1.106,97.17
2017-04-29 10:43:48.367503,1.106,97.17
2017-04-29 10:43:48.717723,1.106,97.17
2017-04-29 10:43:49.067509,1.106,97.17
2017-04-29 10:43:49.417411,1.106,97.17
2017-04-29 10:43:49.767531,1.105,97.08
2017-04-29 10:43:50.117378,1.105,97.08
2017-04-29 10:43:50.467549,1.105,97.08
2017-04-29 10:43:50.817323,1.104,96.98
2017-04-29 10:43:51.167562,1.104,96.98
2017-04-29 10:43:51.517318,1.104,96.98
2017-04-29 10:43:51.867226,1.104,96.98
2017-04-29 10:43:52.217339,1.104,96.98
2017-04-29 10:43:52.567244,1.103,96.89
2017-04-29 10:43:52.917362,1.103,96.89
2017-04-29 10:43:53.267203,1.103,96.89
2017-04-29 10:43:53.617698,1.102,96.80
2017-04-29 10:43:53.967455,1.102,96.80
2017-04-29 10:43:54.317401,1.102,96.80
2017-04-29 10:43:54.667150,1.102,96.80
2017-04-29 10:43:55.017305,1.102,96.80
2017-04-29 10:43:55.367539,1.101,96.71
2017-04-29 10:43:55.717353,1.101,96.71
2017-04-29 10:43:56.067215,1.101,96.71
2017-04-29 10:43:56.417441,1.100,96.62
2017-04-29 10:43:56.767195,1.100,96.62
2017-04-29 10:43:57.117409,1.100,96.62
2017-04-29 10:43:57.467203,1.099,96.52
2017-04-29 10:43:57.816919,1.099,96.52
2017-04-29 10:43:58.167119,1.099,96.52
2017-04-29 10:43:58.516857,1.098,96.43
2017-04-29 10:43:58.866880,1.098,96.43
2017-04-29 10:43:59.217355,1.098,96.43
2017-04-29 10:43:59.567154,1.098,96.43
2017-04-29 10:43:59.917011,1.097,96.34
2017-04-29 10:44:00.267149,1.097,96.34
2017-04-29 10:44:00.617032,1.097,96.34
2017-04-29 10:44:00.966848,1.096,96.25
2017-04-29 10:44:01.317044,1.096,96.25
2017-04-29 10:44:01.667222,1.096,96.25
2017-04-29 10:44:02.017068,1.095,96.15
2017-04-29 10:44:02.367617,1.095,96.15
2017-04-29 10:44:02.716701,1.095,96.15
2017-04-29 10:44:03.066889,1.094,96.06
2017-04-29 10:44:03.416731,1.094,96.06
2017-04-29 10:44:03.766906,1.094,96.06
2017-04-29 10:44:04.117353,1.093,95.97
2017-04-29 10:44:04.467651,1.093,95.97
2017-04-29 10:44:04.817390,1.093,95.97
2017-04-29 10:44:05.167148,1.092,95.88
2017-04-29 10:44:05.517191,1.092,95.88
2017-04-29 10:44:05.867138,1.092,95.88
2017-04-29 10:44:06.217033,1.092,95.88
2017-04-29 10:44:06.567173,1.093,95.97
2017-04-29 10:44:06.916628,1.094,96.06
2017-04-29 10:44:07.266861,1.094,96.06
2017-04-29 10:44:07.616643,1.095,96.15
2017-04-29 10:44:07.966895,1.096,96.25
2017-04-29 10:44:08.316659,1.098,96.43
2017-04-29 10:44:08.666861,1.099,96.52
2017-04-29 10:44:09.016939,1.100,96.62
2017-04-29 10:44:09.366877,1.101,96.71
2017-04-29 10:44:09.716927,1.102,96.80
2017-04-29 10:44:10.066979,1.104,96.98
2017-04-29 10:44:10.416970,1.105,97.08
2017-04-29 10:44:10.766970,1.106,97.17
2017-04-29 10:44:11.116751,1.107,97.26
2017-04-29 10:44:11.466567,1.107,97.26
2017-04-29 10:44:11.816592,1.108,97.35
2017-04-29 10:44:12.166852,1.108,97.35
2017-04-29 10:44:12.516581,1.108,97.35
2017-04-29 10:44:12.866448,1.108,97.35
2017-04-29 10:44:13.216601,1.108,97.35
2017-04-29 10:44:13.567052,1.108,97.35
2017-04-29 10:44:13.916627,1.108,97.35
2017-04-29 10:44:14.266878,1.108,97.35
2017-04-29 10:44:14.616603,1.108,97.35
2017-04-29 10:44:14.966493,1.108,97.35
2017-04-29 10:44:15.316679,1.108,97.35
2017-04-29 10:44:15.666545,1.108,97.35
2017-04-29 10:44:16.016299,1.107,97.26
2017-04-29 10:44:16.366510,1.107,97.26
2017-04-29 10:44:16.716813,1.107,97.26
2017-04-29 10:44:17.066930,1.107,97.26
2017-04-29 10:44:17.416667,1.107,97.26
2017-04-29 10:44:17.766596,1.106,97.17
2017-04-29 10:44:18.116321,1.106,97.17
2017-04-29 10:44:18.466477,1.106,97.17
2017-04-29 10:44:18.816729,1.106,97.17
2017-04-29 10:44:19.166452,1.106,97.17
2017-04-29 10:44:19.516347,1.106,97.17
2017-04-29 10:44:19.866472,1.105,97.08
2017-04-29 10:44:20.216355,1.105,97.08
2017-04-29 10:44:20.566495,1.105,97.08
2017-04-29 10:44:20.916338,1.104,96.98
2017-04-29 10:44:21.266476,1.104,96.98
2017-04-29 10:44:21.616234,1.104,96.98
2017-04-29 10:44:21.966181,1.104,96.98
2017-04-29 10:44:22.316281,1.104,96.98
2017-04-29 10:44:22.666031,1.103,96.89
2017-04-29 10:44:23.016287,1.103,96.89
2017-04-29 10:44:23.366206,1.103,96.89
2017-04-29 10:44:23.716644,1.102,96.80
2017-04-29 10:44:24.066439,1.102,96.80
2017-04-29 10:44:24.416361,1.102,96.80
2017-04-29 10:44:24.766097,1.102,96.80
2017-04-29 10:44:25.116338,1.101,96.71
2017-04-29 10:44:25.466105,1.101,96.71
2017-04-29 10:44:25.816368,1.101,96.71
2017-04-29 10:44:26.166149,1.100,96.62
2017-04-29 10:44:26.516379,1.100,96.62
2017-04-29 10:44:26.866130,1.100,96.62
2017-04-29 10:44:27.216286,1.100,96.62
2017-04-29 10:44:27.566183,1.099,96.52
2017-04-29 10:44:27.916049,1.099,96.52
2017-04-29 10:44:28.266134,1.099,96.52
2017-04-29 10:44:28.615935,1.098,96.43
2017-04-29 10:44:28.965832,1.098,96.43
2017-04-29 10:44:29.316317,1.098,96.43
2017-04-29 10:44:29.666862,1.098,96.43
2017-04-29 10:44:30.015951,1.097,96.34
2017-04-29 10:44:30.366196,1.097,96.34
2017-04-29 10:44:30.715908,1.096,96.25
2017-04-29 10:44:31.065814,1.096,96.25
2017-04-29 10:44:31.415678,1.096,96.25
2017-04-29 10:44:31.765939,1.096,96.25
2017-04-29 10:44:32.115972,1.095,96.15
2017-04-29 10:44:32.465709,1.095,96.15
2017-04-29 10:44:32.815647,1.095,96.15
2017-04-29 10:44:33.165716,1.094,96.06
2017-04-29 10:44:33.515584,1.094,96.06
2017-04-29 10:44:33.865795,1.094,96.06
2017-04-29 10:44:34.216256,1.093,95.97
2017-04-29 10:44:34.566381,1.093,95.97
2017-04-29 10:44:34.915794,1.092,95.88
2017-04-29 10:44:35.265834,1.092,95.88
2017-04-29 10:44:35.615820,1.092,95.88
2017-04-29 10:44:35.966064,1.092,95.88
2017-04-29 10:44:36.315934,1.092,95.88
2017-04-29 10:44:36.666022,1.093,95.97
2017-04-29 10:44:37.015607,1.094,96.06
2017-04-29 10:44:37.365754,1.094,96.06
2017-04-29 10:44:37.716024,1.096,96.25
2017-04-29 10:44:38.065743,1.097,96.34
2017-04-29 10:44:38.416003,1.098,96.43
2017-04-29 10:44:38.765760,1.099,96.52
2017-04-29 10:44:39.115908,1.100,96.62
2017-04-29 10:44:39.465754,1.101,96.71
2017-04-29 10:44:39.815878,1.102,96.80
2017-04-29 10:44:40.165431,1.104,96.98
2017-04-29 10:44:40.515602,1.105,97.08
2017-04-29 10:44:40.865777,1.106,97.17
2017-04-29 10:44:41.215915,1.107,97.26
2017-04-29 10:44:41.565503,1.108,97.35
2017-04-29 10:44:41.915599,1.108,97.35
2017-04-29 10:44:42.265724,1.109,97.45
2017-04-29 10:44:42.615653,1.109,97.45
2017-04-29 10:44:42.965735,1.109,97.45
2017-04-29 10:44:43.315651,1.109,97.45
2017-04-29 10:44:43.665739,1.109,97.45
2017-04-29 10:44:44.015653,1.109,97.45
2017-04-29 10:44:44.365766,1.109,97.45
2017-04-29 10:44:44.715699,1.108,97.35
2017-04-29 10:44:45.065797,1.108,97.35
2017-04-29 10:44:45.415531,1.108,97.35
2017-04-29 10:44:45.765443,1.108,97.35
2017-04-29 10:44:46.115324,1.108,97.35
2017-04-29 10:44:46.465452,1.108,97.35
2017-04-29 10:44:46.815596,1.108,97.35
2017-04-29 10:44:47.165468,1.107,97.26
2017-04-29 10:44:47.515254,1.107,97.26
2017-04-29 10:44:47.865727,1.107,97.26
2017-04-29 10:44:48.215606,1.107,97.26
2017-04-29 10:44:48.565519,1.107,97.26
2017-04-29 10:44:48.915645,1.106,97.17
2017-04-29 10:44:49.265378,1.106,97.17
2017-04-29 10:44:49.615302,1.106,97.17
2017-04-29 10:44:49.965386,1.106,97.17
2017-04-29 10:44:50.315309,1.106,97.17
2017-04-29 10:44:50.665426,1.105,97.08
2017-04-29 10:44:51.015325,1.105,97.08
2017-04-29 10:44:51.365411,1.105,97.08
2017-04-29 10:44:51.715285,1.105,97.08
2017-04-29 10:44:52.065427,1.104,96.98
2017-04-29 10:44:52.415087,1.104,96.98
2017-04-29 10:44:52.765018,1.104,96.98
2017-04-29 10:44:53.115178,1.104,96.98
2017-04-29 10:44:53.464983,1.103,96.89
2017-04-29 10:44:53.815054,1.103,96.89
2017-04-29 10:44:54.164782,1.103,96.89
2017-04-29 10:44:54.515243,1.102,96.80
2017-04-29 10:44:54.865315,1.102,96.80
2017-04-29 10:44:55.215250,1.102,96.80
2017-04-29 10:44:55.565015,1.102,96.80
2017-04-29 10:44:55.915253,1.101,96.71
2017-04-29 10:44:56.264985,1.101,96.71
2017-04-29 10:44:56.615304,1.101,96.71
2017-04-29 10:44:56.965813,1.100,96.62
2017-04-29 10:44:57.315206,1.100,96.62
2017-04-29 10:44:57.665016,1.100,96.62
2017-04-29 10:44:58.014958,1.100,96.62
2017-04-29 10:44:58.365069,1.099,96.52
2017-04-29 10:44:58.715151,1.099,96.52
2017-04-29 10:44:59.065075,1.099,96.52
2017-04-29 10:44:59.414854,1.098,96.43
2017-04-29 10:44:59.764741,1.098,96.43
2017-04-29 10:45:00.115223,1.098,96.43
2017-04-29 10:45:00.465086,1.098,96.43
2017-04-29 10:45:00.814844,1.097,96.34
2017-04-29 10:45:01.164757,1.097,96.34
2017-04-29 10:45:01.514907,1.096,96.25
2017-04-29 10:45:01.864769,1.096,96.25
2017-04-29 10:45:02.214951,1.096,96.25
2017-04-29 10:45:02.565038,1.096,96.25
2017-04-29 10:45:02.914868,1.095,96.15
2017-04-29 10:45:03.264689,1.095,96.15
2017-04-29 10:45:03.614961,1.094,96.06
2017-04-29 10:45:03.964677,1.094,96.06
2017-04-29 10:45:04.314655,1.094,96.06
2017-04-29 10:45:04.664321,1.094,96.06
2017-04-29 10:45:05.015608,1.093,95.97
2017-04-29 10:45:05.365097,1.093,95.97
2017-04-29 10:45:05.714960,1.092,95.88
2017-04-29 10:45:06.064985,1.092,95.88
2017-04-29 10:45:06.415011,1.092,95.88
2017-04-29 10:45:06.765002,1.092,95.88
2017-04-29 10:45:07.114952,1.092,95.88
2017-04-29 10:45:07.465019,1.092,95.88
2017-04-29 10:45:07.815265,1.093,95.97
2017-04-29 10:45:08.164395,1.094,96.06
2017-04-29 10:45:08.514592,1.095,96.15
2017-04-29 10:45:08.864431,1.096,96.25
2017-04-29 10:45:09.214582,1.097,96.34
2017-04-29 10:45:09.564227,1.098,96.43
2017-04-29 10:45:09.914593,1.099,96.52
2017-04-29 10:45:10.264600,1.101,96.71
2017-04-29 10:45:10.614628,1.102,96.80
2017-04-29 10:45:10.964338,1.103,96.89
2017-04-29 10:45:11.314500,1.104,96.98
2017-04-29 10:45:11.664271,1.105,97.08
2017-04-29 10:45:12.014609,1.106,97.17
2017-04-29 10:45:12.364742,1.107,97.26
2017-04-29 10:45:12.714505,1.108,97.35
2017-04-29 10:45:13.064635,1.108,97.35
2017-04-29 10:45:13.414458,1.108,97.35
