26.000, 26.004, 4.87
26.000, 25.996, 6.12
26.000, 25.990, 6.33
26.000, 26.022, 0.63
26.000, 26.000, 6.95
26.000, 26.004, 4.39
26.000, 25.992, 6.79
26.000, 26.003, 3.92
26.000, 26.003, 4.85
26.000, 25.998, 5.54
26.000, 26.003, 4.50
26.000, 25.996, 5.99
26.000, 25.998, 4.95
26.000, 25.998, 5.19
26.000, 26.001, 4.73
26.000, 26.009, 3.60
26.000, 26.008, 4.52
26.000, 25.998, 5.99
26.000, 25.998, 5.18
26.000, 25.998, 5.18
26.000, 26.005, 4.04
26.000, 26.000, 5.53
26.000, 26.001, 4.84
26.000, 26.015, 2.67
26.000, 26.008, 4.97
26.000, 26.005, 4.83
26.000, 26.008, 4.14
26.000, 26.009, 4.14
26.000, 26.004, 5.16
26.000, 25.993, 6.51
26.000, 25.989, 6.26
26.000, 26.011, 2.28
26.000, 26.018, 3.00
26.000, 26.011, 4.71
26.000, 26.001, 5.71
26.000, 26.018, 2.16
26.000, 26.003, 6.05
26.000, 26.001, 4.99
26.000, 25.998, 5.33
26.000, 26.011, 3.05
26.000, 26.014, 3.64
26.000, 26.016, 3.40
26.000, 26.007, 5.22
26.000, 26.005, 4.62
26.000, 25.993, 6.55
26.000, 25.998, 4.59
26.000, 25.997, 5.29
26.000, 26.007, 3.58
26.000, 26.000, 5.53
26.000, 26.004, 4.26
26.000, 26.007, 4.15
26.000, 26.003, 5.07
26.000, 25.993, 6.31
26.000, 26.011, 2.53
26.000, 26.015, 3.36
26.000, 26.008, 4.84
26.000, 26.020, 2.20
26.000, 26.014, 4.37
26.000, 26.008, 4.69
26.000, 26.003, 5.12
26.000, 25.994, 6.02
26.000, 26.001, 4.18
26.000, 26.011, 3.17
26.000, 26.008, 4.44
26.000, 26.005, 4.65
26.000, 25.996, 6.01
26.000, 26.001, 4.28
26.000, 26.004, 4.29
26.000, 25.997, 5.66
26.000, 25.997, 5.08
26.000, 26.004, 3.94
26.000, 26.008, 3.84
26.000, 26.001, 5.33
26.000, 25.997, 5.42
26.000, 26.003, 4.16
26.000, 26.012, 3.03
26.000, 26.003, 5.44
26.000, 26.001, 4.84
26.000, 26.005, 4.04
26.000, 26.020, 1.88
26.000, 26.000, 6.57
26.000, 26.001, 4.59
26.000, 26.007, 3.79
26.000, 25.996, 6.08
26.000, 26.004, 3.78
26.000, 26.003, 4.70
26.000, 25.997, 5.50
26.000, 26.004, 3.89
26.000, 26.001, 4.93
26.000, 26.004, 4.24
26.000, 26.003, 4.70
26.000, 26.008, 3.67
26.000, 25.996, 6.18
26.000, 26.001, 4.22
26.000, 26.008, 3.54
26.000, 26.000, 5.49
26.000, 25.998, 5.01
26.000, 25.992, 6.04
26.000, 26.001, 3.86
26.000, 26.000, 4.91
26.000, 25.998, 5.02
26.000, 25.994, 5.59
26.000, 25.993, 5.47
26.000, 26.005, 3.31
26.000, 26.009, 3.68
26.000, 26.005, 4.70
26.000, 26.019, 2.07
26.000, 26.000, 6.41
26.000, 26.012, 2.72
26.000, 26.011, 4.00
26.000, 25.997, 6.15
26.000, 26.015, 2.02
26.000, 26.018, 3.07
26.000, 25.994, 7.16
26.000, 26.003, 3.81
26.000, 25.996, 5.65
26.000, 25.993, 5.52
26.000, 25.994, 5.07
26.000, 26.001, 4.05
26.000, 25.993, 6.00
26.000, 25.994, 5.08
26.000, 26.003, 3.83
26.000, 26.001, 4.76
26.000, 26.000, 4.87
26.000, 26.000, 4.75
26.000, 26.003, 4.30
26.000, 26.011, 3.16
26.000, 26.014, 3.40
26.000, 26.019, 2.71
26.000, 26.012, 4.31
26.000, 26.003, 5.30
26.000, 25.990, 6.53
26.000, 26.009, 2.30
26.000, 26.012, 3.47
26.000, 25.990, 7.34
26.000, 26.019, 0.69
26.000, 25.996, 7.01
26.000, 26.005, 3.43
26.000, 26.012, 3.10
26.000, 26.008, 4.36
26.000, 25.993, 6.51
26.000, 26.004, 3.40
26.000, 25.987, 7.07
26.000, 25.998, 3.85
26.000, 26.007, 3.42
26.000, 25.994, 6.17
26.000, 25.992, 5.58
26.000, 26.000, 3.98
26.000, 25.998, 4.92
26.000, 26.003, 4.12
26.000, 26.001, 4.69
26.000, 26.014, 2.53
26.000, 26.003, 5.39
26.000, 26.000, 4.91
26.000, 26.015, 2.17
26.000, 26.005, 5.04
26.000, 26.003, 4.67
26.000, 26.005, 3.98
26.000, 25.993, 6.26
26.000, 26.005, 3.16
26.000, 25.993, 6.26
26.000, 26.005, 3.16
26.000, 26.000, 5.12
26.000, 25.994, 5.56
26.000, 26.014, 1.91
26.000, 26.003, 5.36
26.000, 26.004, 4.19
26.000, 26.009, 3.40
26.000, 25.997, 5.91
26.000, 26.018, 1.44
26.000, 25.992, 7.51
26.000, 26.003, 3.47
26.000, 25.996, 5.54
26.000, 25.998, 4.50
26.000, 26.001, 4.28
26.000, 26.003, 4.29
26.000, 26.000, 4.86
26.000, 26.005, 3.71
26.000, 25.990, 6.68
26.000, 26.001, 3.58
26.000, 25.993, 5.88
26.000, 26.009, 2.45
26.000, 25.990, 7.04
26.000, 26.003, 3.36
26.000, 26.007, 3.73
26.000, 25.997, 5.67
26.000, 26.000, 4.40
26.000, 26.022, 0.99
26.000, 26.000, 6.49
26.000, 26.001, 4.38
26.000, 26.003, 4.27
26.000, 26.007, 3.70
26.000, 26.008, 3.82
26.000, 25.985, 7.80
26.000, 25.998, 3.55
26.000, 26.000, 4.49
26.000, 25.990, 6.20
26.000, 26.007, 2.66
26.000, 25.989, 7.02
26.000, 25.979, 7.10
26.000, 25.992, 4.25
26.000, 25.994, 4.86
26.000, 25.994, 5.09
26.000, 26.011, 2.37
26.000, 26.000, 5.59
26.000, 26.004, 3.97
26.000, 26.009, 3.40
26.000, 26.011, 3.64
26.000, 26.005, 4.65
26.000, 26.015, 2.59
26.000, 26.012, 3.85
26.000, 26.012, 3.61
26.000, 25.998, 5.87
26.000, 26.005, 3.56
26.000, 26.004, 4.37
26.000, 26.003, 4.48
26.000, 25.989, 6.64
26.000, 26.004, 2.97
26.000, 25.993, 6.08
26.000, 25.994, 4.92
26.000, 25.987, 6.18
26.000, 25.994, 4.47
26.000, 26.007, 3.01
26.000, 26.007, 4.06
26.000, 25.998, 5.42
26.000, 25.997, 4.94
26.000, 26.001, 4.14
26.000, 26.009, 3.13
26.000, 26.007, 4.28
26.000, 25.989, 7.00
26.000, 26.000, 3.66
26.000, 26.007, 3.46
26.000, 26.005, 4.27
26.000, 26.000, 5.06
26.000, 26.000, 4.59
26.000, 26.009, 3.00
26.000, 26.009, 3.81
26.000, 26.018, 2.44
26.000, 26.015, 3.58
26.000, 26.003, 5.38
26.000, 25.996, 5.46
26.000, 26.004, 3.51
26.000, 25.998, 5.13
26.000, 25.994, 5.34
26.000, 25.986, 6.36
26.000, 25.994, 4.30
26.000, 25.994, 5.01
26.000, 25.985, 6.61
26.000, 25.998, 3.53
26.000, 25.994, 5.38
26.000, 26.007, 2.99
26.000, 26.001, 4.95
26.000, 26.003, 4.25
26.000, 26.012, 2.77
26.000, 26.012, 3.58
26.000, 26.007, 4.48
26.000, 26.005, 4.23
26.000, 25.987, 7.07
26.000, 25.997, 3.96
26.000, 25.993, 5.47
26.000, 26.003, 3.53
26.000, 26.000, 4.80
26.000, 26.000, 4.57
26.000, 26.005, 3.66
26.000, 26.011, 3.21
26.000, 26.007, 4.36
26.000, 26.012, 3.09
26.000, 26.003, 5.14
26.000, 26.016, 2.04
26.000, 25.993, 7.07
26.000, 25.996, 4.63
26.000, 25.997, 4.64
26.000, 25.989, 6.12
26.000, 25.996, 4.29
26.000, 26.007, 3.06
26.000, 26.007, 3.99
26.000, 26.001, 4.90
26.000, 26.004, 3.97
26.000, 26.000, 4.89
26.000, 26.004, 3.85
26.000, 25.989, 6.71
26.000, 25.993, 4.74
26.000, 25.998, 4.19
26.000, 26.004, 3.75
26.000, 25.997, 5.35
26.000, 26.001, 4.09
26.000, 26.005, 3.75
26.000, 25.993, 6.15
26.000, 25.997, 4.42
26.000, 26.019, 1.13
26.000, 25.994, 7.09
26.000, 26.011, 2.25
26.000, 26.003, 5.01
26.000, 26.005, 3.85
26.000, 25.998, 5.22
26.000, 25.996, 5.09
26.000, 26.007, 3.04
26.000, 25.998, 5.34
26.000, 26.007, 3.27
26.000, 25.997, 5.56
26.000, 26.009, 2.69
26.000, 26.009, 3.74
26.000, 26.011, 3.50
26.000, 26.007, 4.29
26.000, 26.003, 4.62
26.000, 25.994, 5.63
26.000, 26.007, 2.89
26.000, 26.001, 4.85
26.000, 26.001, 4.38
26.000, 26.005, 3.69
26.000, 25.997, 5.40
26.000, 25.994, 5.16
26.000, 26.001, 3.79
26.000, 25.996, 5.29
26.000, 26.003, 3.68
26.000, 25.998, 4.95
26.000, 26.007, 3.23
26.000, 25.990, 6.66
26.000, 25.994, 4.58
26.000, 26.000, 4.03
26.000, 25.987, 6.55
26.000, 26.003, 3.00
26.000, 25.987, 6.79
26.000, 25.996, 4.15
26.000, 25.989, 5.99
26.000, 26.014, 1.32
26.000, 26.016, 2.96
26.000, 26.004, 5.23
26.000, 25.998, 5.08
26.000, 26.003, 3.93
26.000, 25.989, 6.56
26.000, 26.007, 2.43
26.000, 25.996, 5.77
26.000, 26.003, 3.70
26.000, 25.997, 5.20
26.000, 26.000, 4.27
26.000, 25.997, 4.96
26.000, 26.003, 3.82
26.000, 25.994, 5.65
26.000, 25.989, 5.87
26.000, 26.003, 3.13
26.000, 26.005, 3.84
26.000, 26.004, 4.30
26.000, 25.994, 5.78
26.000, 25.998, 4.28
26.000, 26.014, 2.13
26.000, 26.007, 4.54
26.000, 26.012, 3.04
26.000, 26.001, 5.32
26.000, 25.996, 5.29
26.000, 26.008, 2.78
26.000, 25.997, 5.65
26.000, 25.985, 6.76
26.000, 25.997, 3.67
26.000, 25.990, 5.87
26.000, 26.016, 0.96
26.000, 26.014, 3.63
26.000, 26.005, 4.75
26.000, 26.003, 4.50
26.000, 26.012, 2.67
27.000, 26.000, 85.58
27.000, 26.000, 85.37
27.000, 25.986, 88.50
27.000, 26.044, 78.62
27.000, 26.077, 78.89
27.000, 26.153, 69.96
27.000, 26.237, 63.23
27.000, 26.347, 52.81
27.000, 26.438, 47.71
27.000, 26.557, 36.33
27.000, 26.652, 31.07
27.000, 26.771, 19.87
27.000, 26.858, 15.79
27.000, 26.950, 8.26
27.000, 27.025, 3.74
27.000, 27.090, 0.00
27.000, 27.155, 0.00
27.000, 27.173, 0.00
27.000, 27.215, 0.00
27.000, 27.211, 0.00
27.000, 27.222, 0.00
27.000, 27.223, 0.00
27.000, 27.202, 0.00
27.000, 27.194, 0.00
27.000, 27.172, 0.00
27.000, 27.158, 0.00
27.000, 27.137, 1.15
27.000, 27.116, 2.69
27.000, 27.100, 3.57
27.000, 27.063, 8.00
27.000, 27.041, 8.55
27.000, 27.011, 11.65
27.000, 26.994, 11.79
27.000, 26.973, 13.81
27.000, 26.962, 13.89
27.000, 26.930, 18.23
27.000, 26.916, 17.87
27.000, 26.915, 16.99
27.000, 26.916, 16.72
27.000, 26.912, 17.59
27.000, 26.908, 18.00
27.000, 26.912, 17.04
27.000, 26.915, 17.01
27.000, 26.918, 16.86
27.000, 26.923, 16.25
27.000, 26.940, 14.05
27.000, 26.952, 13.46
27.000, 26.958, 13.65
27.000, 26.965, 13.01
27.000, 26.984, 10.44
27.000, 26.990, 11.18
27.000, 26.995, 10.75
27.000, 26.998, 10.76
27.000, 27.013, 8.50
27.000, 27.015, 9.54
27.000, 27.015, 9.65
27.000, 27.012, 10.09
27.000, 27.011, 10.08
27.000, 27.008, 10.40
27.000, 27.015, 9.03
27.000, 27.018, 9.14
27.000, 27.020, 8.91
27.000, 26.997, 13.00
27.000, 27.013, 8.27
27.000, 27.000, 11.95
27.000, 26.998, 11.00
27.000, 26.998, 10.89
27.000, 26.990, 12.25
27.000, 27.002, 9.51
27.000, 26.994, 11.93
27.000, 26.995, 11.00
27.000, 26.993, 11.58
27.000, 26.993, 11.35
27.000, 26.993, 11.36
27.000, 26.991, 11.59
27.000, 27.001, 9.89
27.000, 26.995, 11.62
27.000, 27.004, 9.79
27.000, 27.000, 11.17
27.000, 27.007, 9.68
27.000, 27.015, 8.89
27.000, 27.007, 10.95
27.000, 27.013, 9.10
27.000, 27.013, 9.68
27.000, 27.002, 11.49
27.000, 27.002, 10.55
27.000, 26.995, 11.69
27.000, 27.016, 7.69
27.000, 26.997, 12.62
27.000, 27.000, 10.53
27.000, 27.007, 9.62
27.000, 27.011, 9.52
27.000, 27.015, 9.18
27.000, 27.018, 9.06
27.000, 27.012, 10.19
27.000, 27.008, 10.40
27.000, 27.018, 8.44
27.000, 27.009, 10.62
27.000, 27.000, 11.50
27.000, 27.029, 5.90
27.000, 27.008, 11.75
27.000, 27.000, 11.35
27.000, 27.007, 9.51
27.000, 27.016, 8.50
27.000, 27.016, 9.30
27.000, 27.022, 8.38
27.000, 27.009, 10.88
27.000, 27.012, 9.36
27.000, 27.009, 10.04
27.000, 27.011, 9.57
27.000, 27.009, 9.91
27.000, 27.009, 9.78
27.000, 27.011, 9.54
27.000, 27.008, 10.11
27.000, 27.009, 9.64
27.000, 27.016, 8.61
27.000, 27.005, 11.00
27.000, 27.025, 6.87
27.000, 27.008, 11.23
27.000, 27.019, 7.99
27.000, 27.012, 10.05
27.000, 27.015, 9.00
27.000, 27.009, 10.13
27.000, 27.015, 8.75
27.000, 27.020, 8.29
27.000, 27.022, 8.51
27.000, 27.027, 7.70
27.000, 27.025, 8.60
27.000, 27.018, 9.49
27.000, 27.012, 9.80
27.000, 27.019, 8.18
27.000, 27.011, 10.12
27.000, 27.015, 8.72
27.000, 27.015, 9.06
27.000, 27.025, 7.45
27.000, 27.013, 10.07
27.000, 27.018, 8.44
27.000, 27.012, 9.69
27.000, 27.012, 9.21
27.000, 27.015, 8.75
27.000, 27.025, 7.37
27.000, 27.007, 11.13
27.000, 27.022, 7.10
27.000, 27.032, 6.78
27.000, 27.026, 8.48
27.000, 27.041, 5.48
27.000, 27.016, 10.84
27.000, 27.025, 7.35
27.000, 27.013, 9.85
27.000, 27.020, 7.76
27.000, 27.015, 9.24
27.000, 27.009, 9.67
27.000, 27.020, 7.38
27.000, 27.019, 8.52
27.000, 27.034, 5.89
27.000, 27.019, 9.65
27.000, 27.023, 7.66
27.000, 27.033, 6.40
27.000, 27.011, 10.84
27.000, 27.022, 7.13
27.000, 27.008, 10.33
27.000, 27.025, 6.42
27.000, 27.020, 8.48
27.000, 27.030, 6.52
27.000, 27.019, 9.14
27.000, 27.007, 10.23
27.000, 27.019, 7.12
27.000, 27.011, 9.53
27.000, 27.009, 9.04
27.000, 27.013, 8.24
27.000, 27.000, 10.85
27.000, 27.025, 5.58
27.000, 27.020, 8.35
27.000, 27.034, 5.71
27.000, 27.023, 8.67
27.000, 27.016, 8.85
27.000, 27.008, 9.62
27.000, 27.023, 6.41
27.000, 27.020, 8.13
27.000, 27.025, 7.20
27.000, 27.029, 6.84
27.000, 27.023, 8.08
27.000, 27.029, 6.68
27.000, 27.032, 6.67
27.000, 27.018, 9.16
27.000, 27.030, 5.92
27.000, 27.015, 9.46
27.000, 27.016, 7.93
27.000, 27.013, 8.48
27.000, 27.009, 8.92
27.000, 27.013, 7.88
27.000, 27.008, 9.13
27.000, 27.015, 7.52
27.000, 27.012, 8.55
27.000, 27.020, 6.93
27.000, 27.032, 5.80
27.000, 27.015, 9.44
27.000, 27.019, 7.34
27.000, 27.012, 8.81
27.000, 27.008, 8.90
27.000, 27.022, 6.27
27.000, 27.018, 8.10
27.000, 27.011, 8.87
27.000, 27.020, 6.69
27.000, 27.030, 5.89
27.000, 27.013, 9.42
27.000, 27.012, 8.23
27.000, 27.018, 7.19
27.000, 27.005, 9.70
27.000, 27.009, 7.95
27.000, 27.020, 6.48
27.000, 27.016, 8.08
27.000, 27.015, 7.94
27.000, 27.012, 8.27
27.000, 27.018, 7.11
27.000, 27.033, 5.06
27.000, 27.027, 7.23
27.000, 27.020, 7.88
27.000, 27.032, 5.46
27.000, 27.026, 7.28
27.000, 27.023, 7.24
27.000, 27.018, 7.90
27.000, 27.022, 6.73
27.000, 27.027, 6.15
27.000, 27.030, 6.14
27.000, 27.018, 8.40
27.000, 27.025, 6.19
27.000, 27.009, 9.26
27.000, 27.018, 6.60
27.000, 27.019, 7.06
27.000, 27.023, 6.48
27.000, 27.020, 7.27
27.000, 27.023, 6.56
27.000, 27.016, 7.91
27.000, 27.032, 4.81
27.000, 27.020, 7.89
27.000, 27.007, 9.22
27.000, 27.013, 6.90
27.000, 27.025, 5.65
27.000, 27.016, 7.94
27.000, 27.009, 8.36
27.000, 27.012, 7.31
27.000, 27.007, 8.44
27.000, 27.012, 7.06
27.000, 27.009, 7.97
27.000, 27.018, 6.36
27.000, 27.002, 9.56
27.000, 27.020, 5.30
27.000, 27.013, 7.95
27.000, 27.009, 8.04
27.000, 27.022, 5.63
27.000, 27.012, 8.26
27.000, 27.012, 7.43
27.000, 27.015, 6.96
27.000, 27.041, 2.86
27.000, 27.018, 8.92
27.000, 27.019, 6.68
27.000, 27.023, 6.10
27.000, 27.007, 9.17
27.000, 27.025, 4.79
27.000, 27.012, 8.35
27.000, 27.013, 7.05
27.000, 27.005, 8.53
27.000, 27.019, 5.54
27.000, 27.015, 7.38
27.000, 27.032, 4.28
27.000, 27.022, 7.26
27.000, 27.026, 5.74
27.000, 27.013, 8.11
27.000, 27.018, 6.37
27.000, 27.005, 8.75
27.000, 27.018, 5.64
27.000, 27.012, 7.59
27.000, 27.018, 6.20
27.000, 27.008, 8.25
27.000, 27.012, 6.74
27.000, 27.011, 7.31
27.000, 27.007, 7.87
27.000, 27.002, 8.19
27.000, 27.008, 6.93
27.000, 27.002, 8.30
27.000, 27.015, 5.78
27.000, 27.023, 5.46
27.000, 27.004, 9.33
27.000, 27.005, 7.46
27.000, 27.033, 3.02
27.000, 27.029, 6.01
27.000, 27.013, 8.14
27.000, 27.023, 5.25
27.000, 27.018, 6.96
27.000, 27.016, 6.71
27.000, 27.025, 5.21
27.000, 27.015, 7.48
27.000, 27.011, 7.33
27.000, 27.019, 5.61
27.000, 27.020, 6.07
27.000, 27.011, 7.76
27.000, 27.022, 5.11
27.000, 27.005, 8.76
27.000, 27.019, 5.07
27.000, 27.009, 7.82
27.000, 27.015, 6.08
27.000, 27.009, 7.45
27.000, 27.020, 5.15
27.000, 27.012, 7.44
27.000, 27.018, 5.82
27.000, 27.011, 7.41
27.000, 27.004, 7.95
27.000, 27.015, 5.54
27.000, 27.002, 8.52
27.000, 27.011, 6.09
27.000, 27.016, 5.88
27.000, 27.012, 7.01
27.000, 27.012, 6.65
27.000, 27.016, 5.96
27.000, 27.018, 6.07
27.000, 27.019, 5.94
27.000, 27.011, 7.41
27.000, 27.023, 4.65
27.000, 27.013, 7.28
27.000, 27.011, 6.90
27.000, 27.012, 6.43
27.000, 27.009, 6.99
27.000, 27.008, 6.98
27.000, 27.005, 7.31
27.000, 27.002, 7.53
27.000, 27.009, 6.15
27.000, 27.011, 6.50
27.000, 27.004, 7.75
27.000, 27.008, 6.48
27.000, 27.020, 4.77
27.000, 27.008, 7.86
27.000, 27.002, 7.71
27.000, 27.008, 6.33
27.000, 27.027, 3.60
27.000, 27.008, 8.41
27.000, 27.015, 5.62
27.000, 27.012, 6.65
27.000, 27.027, 3.90
27.000, 27.001, 9.49
27.000, 27.009, 5.90
27.000, 27.005, 7.28
27.000, 27.002, 7.38
27.000, 27.020, 4.18
27.000, 27.019, 5.91
27.000, 27.016, 6.24
27.000, 27.015, 6.21
27.000, 27.000, 8.59
27.000, 27.018, 4.34
27.000, 27.002, 8.35
27.000, 27.009, 5.92
27.000, 27.005, 7.19
27.000, 27.016, 5.01
27.000, 27.011, 6.84
27.000, 27.009, 6.59
27.000, 27.012, 6.01
27.000, 27.018, 5.33
27.000, 27.000, 8.74
27.000, 27.016, 4.48
27.000, 27.015, 6.10
28.000, 27.013, 85.56
28.000, 27.011, 86.73
28.000, 27.018, 86.19
28.000, 27.055, 81.45
28.000, 27.095, 78.81
28.000, 27.162, 72.03
28.000, 27.254, 63.33
28.000, 27.334, 58.49
28.000, 27.462, 44.89
28.000, 27.561, 39.95
28.000, 27.657, 32.93
28.000, 27.768, 23.31
28.000, 27.861, 17.51
28.000, 27.938, 12.95
28.000, 28.004, 8.74
28.000, 28.081, 1.72
28.000, 28.117, 2.18
28.000, 28.183, 0.00
28.000, 28.173, 1.37
28.000, 28.209, 0.00
28.000, 28.228, 0.00
28.000, 28.202, 0.06
28.000, 28.192, 0.00
28.000, 28.180, 0.10
28.000, 28.169, 0.83
28.000, 28.152, 2.48
28.000, 28.124, 5.50
28.000, 28.108, 5.79
28.000, 28.078, 9.08
28.000, 28.040, 12.70
28.000, 28.010, 14.51
28.000, 28.000, 13.52
28.000, 27.972, 17.25
28.000, 27.959, 16.98
28.000, 27.949, 17.56
28.000, 27.931, 19.74
28.000, 27.928, 18.73
28.000, 27.930, 18.33
28.000, 27.921, 19.87
28.000, 27.917, 19.91
28.000, 27.928, 17.81
28.000, 27.938, 17.21
28.000, 27.935, 18.54
28.000, 27.947, 16.54
28.000, 27.954, 16.38
28.000, 27.969, 14.50
28.000, 27.973, 15.13
28.000, 27.961, 17.56
28.000, 27.976, 14.03
28.000, 27.991, 12.83
28.000, 27.997, 13.22
28.000, 28.010, 11.64
28.000, 28.010, 12.69
28.000, 28.017, 11.54
28.000, 28.015, 12.34
28.000, 28.005, 13.81
28.000, 28.021, 10.48
28.000, 28.019, 11.98
28.000, 28.025, 10.93
28.000, 28.015, 12.97
28.000, 28.024, 10.77
28.000, 28.029, 10.55
28.000, 28.011, 13.95
28.000, 28.007, 13.10
28.000, 28.005, 12.97
28.000, 28.010, 12.17
28.000, 28.005, 13.19
28.000, 27.987, 15.80
28.000, 28.000, 12.24
28.000, 27.996, 13.97
28.000, 28.019, 9.75
28.000, 27.996, 15.60
28.000, 28.001, 12.70
28.000, 28.003, 12.94
28.000, 28.004, 12.83
28.000, 28.003, 13.17
28.000, 28.010, 11.91
28.000, 28.014, 11.81
28.000, 28.012, 12.38
28.000, 28.001, 14.07
28.000, 28.003, 12.90
28.000, 28.017, 10.74
28.000, 28.004, 13.95
28.000, 28.021, 10.16
28.000, 28.021, 11.55
28.000, 28.014, 12.67
28.000, 28.018, 11.39
28.000, 28.012, 12.64
28.000, 28.010, 12.61
28.000, 28.015, 11.46
28.000, 28.007, 13.28
28.000, 28.021, 10.29
28.000, 28.017, 12.13
28.000, 28.017, 11.77
28.000, 28.017, 11.75
28.000, 28.007, 13.33
28.000, 28.014, 11.37
28.000, 28.008, 12.85
28.000, 28.017, 11.01
28.000, 28.029, 9.65
28.000, 28.029, 10.68
28.000, 28.028, 10.89
28.000, 28.021, 11.88
28.000, 28.017, 11.96
28.000, 28.035, 8.64
28.000, 28.015, 13.32
28.000, 28.015, 11.67
28.000, 28.032, 8.92
28.000, 28.019, 12.35
28.000, 28.022, 10.82
28.000, 28.014, 12.41
28.000, 28.000, 13.97
28.000, 28.017, 10.06
28.000, 28.014, 11.91
28.000, 28.015, 11.44
28.000, 28.012, 12.00
28.000, 28.033, 8.34
28.000, 28.029, 10.75
28.000, 28.032, 9.92
28.000, 28.033, 9.90
28.000, 28.022, 11.81
28.000, 28.026, 10.17
28.000, 28.019, 11.64
28.000, 28.024, 10.35
28.000, 28.022, 10.91
28.000, 28.018, 11.46
28.000, 28.015, 11.55
28.000, 28.017, 11.07
28.000, 28.018, 10.95
28.000, 28.022, 10.37
28.000, 28.029, 9.56
28.000, 28.024, 11.04
28.000, 28.015, 11.91
28.000, 28.017, 10.97
28.000, 28.024, 9.94
28.000, 28.025, 10.27
28.000, 28.032, 9.23
28.000, 28.015, 12.52
28.000, 28.031, 8.60
28.000, 28.031, 9.86
28.000, 28.021, 11.43
28.000, 28.032, 8.77
28.000, 28.008, 13.55
28.000, 28.025, 8.82
28.000, 28.025, 10.21
28.000, 28.029, 9.50
28.000, 28.033, 9.15
28.000, 28.019, 11.75
28.000, 28.029, 8.97
28.000, 28.014, 12.27
28.000, 28.025, 9.14
28.000, 28.021, 10.74
28.000, 28.012, 11.74
28.000, 28.025, 8.98
28.000, 28.022, 10.47
28.000, 28.014, 11.58
28.000, 28.032, 7.91
28.000, 28.032, 9.40
28.000, 28.031, 9.60
28.000, 28.031, 9.46
28.000, 28.036, 8.52
28.000, 28.032, 9.65
28.000, 28.022, 10.86
28.000, 28.015, 11.16
28.000, 28.032, 7.83
28.000, 28.024, 10.58
28.000, 28.028, 9.17
28.000, 28.025, 9.95
28.000, 28.038, 7.65
28.000, 28.022, 11.18
28.000, 28.021, 10.10
28.000, 28.036, 7.46
28.000, 28.024, 10.77
28.000, 28.011, 11.74
28.000, 28.004, 11.82
28.000, 28.029, 7.13
28.000, 28.032, 8.76
28.000, 28.021, 10.79
28.000, 28.018, 10.29
28.000, 28.011, 11.18
28.000, 28.026, 8.08
28.000, 28.026, 9.34
28.000, 28.049, 5.68
28.000, 28.017, 12.75
28.000, 28.032, 7.53
28.000, 28.026, 9.71
28.000, 28.035, 7.85
28.000, 28.029, 9.44
28.000, 28.035, 8.03
28.000, 28.014, 11.89
28.000, 28.018, 9.43
28.000, 28.038, 6.58
28.000, 28.028, 9.79
28.000, 28.029, 8.72
28.000, 28.029, 8.81
28.000, 28.035, 7.87
28.000, 28.024, 10.13
28.000, 28.018, 10.09
28.000, 28.035, 6.87
28.000, 28.017, 11.21
28.000, 28.028, 7.85
28.000, 28.005, 12.41
28.000, 28.017, 8.71
28.000, 28.018, 9.40
28.000, 28.019, 9.28
28.000, 28.032, 7.33
28.000, 28.019, 10.41
28.000, 28.017, 9.79
28.000, 28.029, 7.49
28.000, 28.026, 8.98
28.000, 28.029, 8.27
28.000, 28.035, 7.56
28.000, 28.011, 11.88
28.000, 28.021, 8.28
28.000, 28.024, 8.63
28.000, 28.017, 9.98
28.000, 28.005, 11.20
28.000, 28.029, 6.39
28.000, 28.024, 9.27
28.000, 28.031, 7.64
28.000, 28.033, 7.75
28.000, 28.022, 9.77
28.000, 28.007, 11.32
28.000, 28.012, 9.12
28.000, 28.029, 6.84
28.000, 28.026, 8.68
28.000, 28.018, 9.79
28.000, 28.026, 7.71
28.000, 28.024, 8.84
28.000, 28.031, 7.45
28.000, 28.007, 11.88
28.000, 28.014, 8.75
28.000, 28.021, 8.18
28.000, 28.026, 7.84
28.000, 28.022, 8.97
28.000, 28.028, 7.69
28.000, 28.036, 6.77
28.000, 28.026, 9.03
28.000, 28.010, 10.92
28.000, 28.033, 5.64
28.000, 28.022, 9.42
28.000, 28.024, 8.24
28.000, 28.025, 8.11
28.000, 28.017, 9.57
28.000, 28.018, 8.63
28.000, 28.010, 10.10
28.000, 28.024, 7.11
28.000, 28.021, 8.72
28.000, 28.015, 9.37
28.000, 28.010, 9.80
28.000, 28.008, 9.56
28.000, 28.025, 6.70
28.000, 28.021, 8.77
28.000, 28.017, 9.08
28.000, 28.010, 9.85
28.000, 28.010, 9.26
28.000, 28.033, 5.38
28.000, 28.022, 9.17
28.000, 28.035, 6.16
28.000, 28.022, 9.24
28.000, 28.018, 8.85
28.000, 28.012, 9.39
28.000, 28.017, 8.23
28.000, 28.029, 6.52
28.000, 28.026, 8.00
28.000, 28.021, 8.66
28.000, 28.014, 9.31
28.000, 28.032, 5.75
28.000, 28.035, 6.79
28.000, 28.014, 10.41
28.000, 28.019, 7.73
28.000, 28.014, 9.10
28.000, 28.007, 9.76
28.000, 28.018, 7.34
28.000, 28.021, 7.81
28.000, 28.026, 7.11
28.000, 28.008, 10.52
28.000, 28.019, 7.17
28.000, 28.026, 6.95
28.000, 28.010, 10.25
28.000, 28.019, 7.24
28.000, 28.018, 8.27
28.000, 28.017, 8.37
28.000, 28.025, 6.87
28.000, 28.017, 8.92
28.000, 28.021, 7.52
28.000, 28.007, 10.13
28.000, 28.028, 5.54
28.000, 28.035, 6.13
28.000, 28.015, 9.88
28.000, 28.018, 7.77
28.000, 28.026, 6.62
28.000, 28.007, 10.49
28.000, 28.012, 7.93
28.000, 28.021, 7.03
28.000, 28.011, 9.31
28.000, 28.019, 7.11
28.000, 28.007, 9.85
28.000, 28.011, 8.10
28.000, 28.003, 9.81
28.000, 28.004, 8.88
28.000, 28.018, 6.72
28.000, 28.004, 10.15
28.000, 28.015, 7.15
28.000, 28.011, 8.76
28.000, 28.019, 7.03
28.000, 28.015, 8.40
28.000, 28.019, 7.36
28.000, 28.019, 7.69
28.000, 28.021, 7.45
28.000, 28.019, 7.77
28.000, 28.018, 7.87
28.000, 28.024, 6.83
28.000, 28.019, 7.96
28.000, 28.021, 7.36
28.000, 28.022, 7.23
28.000, 28.021, 7.56
28.000, 28.026, 6.52
28.000, 28.015, 8.78
28.000, 28.024, 6.47
28.000, 28.018, 8.06
28.000, 28.010, 8.94
28.000, 28.004, 9.14
28.000, 28.014, 7.08
28.000, 28.004, 9.48
28.000, 28.018, 6.38
28.000, 28.014, 8.22
28.000, 28.024, 6.26
28.000, 28.003, 10.48
28.000, 28.014, 6.90
28.000, 28.007, 8.96
28.000, 28.005, 8.60
28.000, 28.010, 7.79
28.000, 27.993, 10.87
28.000, 28.012, 6.28
28.000, 28.011, 8.14
28.000, 28.007, 8.70
28.000, 28.012, 7.43
28.000, 28.008, 8.57
28.000, 28.004, 8.89
28.000, 28.012, 7.17
28.000, 28.012, 7.87
28.000, 28.021, 6.49
28.000, 28.015, 8.09
28.000, 28.015, 7.60
28.000, 28.005, 9.19
28.000, 28.008, 7.91
28.000, 28.012, 7.45
28.000, 28.018, 6.88
28.000, 28.038, 4.15
28.000, 28.014, 9.63
28.000, 28.031, 4.89
28.000, 28.017, 8.55
28.000, 28.012, 8.04
28.000, 28.010, 8.14
28.000, 28.024, 5.62
28.000, 28.007, 9.50
28.000, 28.000, 9.23
28.000, 28.008, 7.28
28.000, 28.018, 6.38
29.000, 28.014, 86.47
29.000, 28.010, 87.63
29.000, 28.008, 88.33
29.000, 28.028, 85.85
29.000, 28.101, 76.46
29.000, 28.162, 73.28
29.000, 28.245, 65.70
29.000, 28.354, 55.48
29.000, 28.453, 49.21
29.000, 28.555, 41.24
29.000, 28.647, 35.37
29.000, 28.757, 25.51
29.000, 28.850, 19.82
29.000, 28.933, 14.25
29.000, 29.017, 7.78
29.000, 29.069, 6.25
29.000, 29.109, 4.16
29.000, 29.165, 0.00
29.000, 29.171, 1.88
29.000, 29.202, 0.00
29.000, 29.192, 1.20
29.000, 29.198, 0.00
29.000, 29.202, 0.00
29.000, 29.184, 2.08
29.000, 29.172, 2.22
29.000, 29.134, 7.29
29.000, 29.121, 6.07
29.000, 29.092, 9.69
29.000, 29.068, 11.03
29.000, 29.051, 11.71
29.000, 29.022, 14.82
29.000, 28.994, 17.01
29.000, 28.979, 17.18
29.000, 28.959, 19.09
29.000, 28.942, 20.22
29.000, 28.928, 21.14
29.000, 28.928, 20.03
29.000, 28.922, 21.00
29.000, 28.926, 19.91
29.000, 28.923, 20.78
29.000, 28.943, 17.42
29.000, 28.930, 21.16
29.000, 28.923, 21.30
29.000, 28.939, 18.27
29.000, 28.964, 15.51
29.000, 28.959, 18.56
29.000, 28.973, 15.85
29.000, 28.997, 13.17
29.000, 28.986, 16.99
29.000, 29.011, 11.97
29.000, 29.010, 14.29
29.000, 29.011, 13.94
29.000, 29.020, 12.68
29.000, 29.014, 14.28
29.000, 29.039, 9.70
29.000, 29.018, 15.19
29.000, 29.020, 13.19
29.000, 29.022, 12.84
29.000, 29.011, 14.88
29.000, 29.007, 14.61
29.000, 29.001, 15.17
29.000, 29.008, 13.56
29.000, 29.005, 14.59
29.000, 29.011, 13.44
29.000, 29.004, 15.04
29.000, 29.005, 14.22
29.000, 29.004, 14.56
29.000, 29.005, 14.22
29.000, 29.012, 13.19
29.000, 29.004, 15.13
29.000, 29.022, 11.47
29.000, 29.010, 15.02
29.000, 29.008, 14.19
29.000, 29.012, 13.38
29.000, 29.004, 15.09
29.000, 29.010, 13.47
29.000, 29.014, 13.25
29.000, 29.021, 12.45
29.000, 29.015, 13.93
29.000, 29.008, 14.58
29.000, 29.018, 12.40
29.000, 29.015, 13.66
29.000, 29.011, 14.09
29.000, 29.001, 15.33
29.000, 29.015, 12.23
29.000, 29.025, 11.79
29.000, 29.015, 14.19
29.000, 29.039, 9.48
29.000, 29.020, 14.63
29.000, 29.027, 11.84
29.000, 29.005, 15.82
29.000, 29.010, 13.37
29.000, 29.012, 13.26
29.000, 29.022, 11.89
29.000, 29.012, 14.28
29.000, 29.011, 13.68
29.000, 29.029, 10.59
29.000, 29.000, 16.88
29.000, 29.020, 11.23
29.000, 29.012, 13.99
29.000, 29.011, 13.62
29.000, 29.012, 13.27
29.000, 29.005, 14.51
29.000, 29.031, 9.82
29.000, 29.018, 13.96
29.000, 29.032, 10.61
29.000, 29.017, 14.26
29.000, 29.011, 13.87
29.000, 29.029, 10.43
29.000, 29.036, 10.79
29.000, 29.011, 15.44
29.000, 29.029, 10.37
29.000, 29.025, 12.55
29.000, 29.007, 15.14
29.000, 29.027, 10.42
29.000, 29.017, 13.63
29.000, 29.004, 14.85
29.000, 29.041, 7.87
29.000, 29.015, 14.98
29.000, 29.021, 11.95
29.000, 29.028, 11.26
29.000, 29.017, 13.64
29.000, 29.031, 10.42
29.000, 29.032, 11.33
29.000, 29.028, 12.11
29.000, 29.042, 9.46
29.000, 29.015, 14.92
29.000, 29.008, 13.82
29.000, 29.007, 13.45
29.000, 29.015, 11.97
29.000, 29.010, 13.57
29.000, 29.022, 11.04
29.000, 29.012, 13.67
29.000, 29.028, 10.33
29.000, 29.015, 13.65
29.000, 29.011, 13.27
29.000, 29.017, 11.99
29.000, 29.034, 9.72
29.000, 29.029, 11.78
29.000, 29.022, 12.54
29.000, 29.035, 9.89
29.000, 29.038, 10.46
29.000, 29.042, 9.98
29.000, 29.036, 11.20
29.000, 29.021, 13.21
29.000, 29.031, 10.31
29.000, 29.022, 12.47
29.000, 29.027, 11.07
29.000, 29.021, 12.31
29.000, 29.036, 9.32
29.000, 29.025, 12.40
29.000, 29.020, 12.35
29.000, 29.020, 11.86
29.000, 29.018, 12.08
29.000, 29.025, 10.80
29.000, 29.020, 12.28
29.000, 29.027, 10.66
29.000, 29.028, 10.99
29.000, 29.024, 11.77
29.000, 29.028, 10.72
29.000, 29.034, 10.13
29.000, 29.012, 13.99
29.000, 29.028, 9.72
29.000, 29.018, 12.58
29.000, 29.032, 9.46
29.000, 29.027, 11.52
29.000, 29.028, 10.80
29.000, 29.028, 10.90
29.000, 29.028, 10.87
29.000, 29.028, 10.85
29.000, 29.029, 10.60
29.000, 29.018, 12.51
29.000, 29.025, 10.42
29.000, 29.014, 12.81
29.000, 29.022, 10.49
29.000, 29.014, 12.54
29.000, 29.029, 9.32
29.000, 29.014, 13.09
29.000, 29.029, 9.29
29.000, 29.025, 11.24
29.000, 29.018, 12.00
29.000, 29.008, 13.00
29.000, 29.044, 6.48
29.000, 29.039, 10.05
29.000, 29.022, 12.40
29.000, 29.038, 8.47
29.000, 29.039, 9.50
29.000, 29.018, 13.00
29.000, 29.020, 11.00
29.000, 29.021, 10.87
29.000, 29.022, 10.75
29.000, 29.028, 9.93
29.000, 29.018, 11.97
29.000, 29.034, 8.63
29.000, 29.029, 10.58
29.000, 29.020, 11.80
29.000, 29.025, 10.05
29.000, 29.027, 10.27
29.000, 29.020, 11.50
29.000, 29.008, 12.72
29.000, 29.027, 8.82
29.000, 29.025, 10.55
29.000, 29.025, 10.41
29.000, 29.011, 12.67
29.000, 29.017, 10.57
29.000, 29.024, 9.89
29.000, 29.020, 11.14
29.000, 29.022, 10.32
29.000, 29.027, 9.85
29.000, 29.025, 10.41
29.000, 29.014, 12.09
29.000, 29.007, 12.28
29.000, 29.039, 6.45
29.000, 29.011, 13.67
29.000, 29.020, 9.95
29.000, 29.031, 8.81
29.000, 29.015, 12.23
29.000, 29.031, 8.42
29.000, 29.021, 11.28
29.000, 29.027, 9.53
29.000, 29.032, 9.07
29.000, 29.041, 8.14
29.000, 29.022, 11.77
29.000, 29.029, 9.09
29.000, 29.018, 11.48
29.000, 29.025, 9.39
29.000, 29.020, 10.86
29.000, 29.024, 9.69
29.000, 29.022, 10.25
29.000, 29.020, 10.57
29.000, 29.025, 9.41
29.000, 29.015, 11.45
29.000, 29.027, 8.80
29.000, 29.034, 8.57
29.000, 29.027, 10.27
29.000, 29.028, 9.44
29.000, 29.025, 9.99
29.000, 29.014, 11.55
29.000, 29.029, 8.10
29.000, 29.028, 9.59
29.000, 29.034, 8.54
29.000, 29.022, 10.80
29.000, 29.027, 9.16
29.000, 29.018, 10.86
29.000, 29.015, 10.60
29.000, 29.015, 10.35
29.000, 29.020, 9.65
29.000, 29.024, 9.30
29.000, 29.021, 10.09
29.000, 29.012, 11.21
29.000, 29.015, 10.04
29.000, 29.012, 10.72
29.000, 29.031, 7.51
29.000, 29.024, 10.15
29.000, 29.011, 11.59
29.000, 29.021, 8.93
29.000, 29.032, 7.91
29.000, 29.022, 10.42
29.000, 29.024, 9.35
29.000, 29.036, 7.40
29.000, 29.015, 11.84
29.000, 29.017, 9.84
29.000, 29.008, 11.31
29.000, 29.014, 9.69
29.000, 29.017, 9.69
29.000, 29.020, 9.46
29.000, 29.017, 10.13
29.000, 29.018, 9.66
29.000, 29.020, 9.53
29.000, 29.017, 10.09
29.000, 29.010, 10.98
29.000, 29.011, 10.16
29.000, 29.015, 9.58
29.000, 29.020, 9.24
29.000, 29.015, 10.25
29.000, 29.024, 8.52
29.000, 29.020, 9.89
29.000, 29.025, 8.61
29.000, 29.020, 9.97
29.000, 29.015, 10.17
29.000, 29.025, 8.21
29.000, 29.021, 9.69
29.000, 29.014, 10.46
29.000, 29.029, 7.36
29.000, 29.035, 7.71
29.000, 29.021, 10.43
29.000, 29.012, 10.61
29.000, 29.017, 9.21
29.000, 29.020, 9.09
29.000, 29.018, 9.54
29.000, 29.027, 8.04
29.000, 29.017, 10.32
29.000, 29.015, 9.71
29.000, 29.012, 10.04
29.000, 29.010, 10.25
29.000, 29.027, 7.27
29.000, 29.004, 12.30
29.000, 29.010, 9.51
29.000, 29.011, 9.74
29.000, 29.018, 8.71
29.000, 29.007, 11.11
29.000, 29.005, 10.39
29.000, 29.014, 8.90
29.000, 29.012, 9.82
29.000, 29.015, 9.24
29.000, 29.021, 8.55
29.000, 29.014, 10.14
29.000, 29.017, 9.09
29.000, 29.025, 7.94
29.000, 29.027, 8.39
29.000, 29.017, 10.08
29.000, 29.015, 9.48
29.000, 29.008, 10.49
29.000, 29.017, 8.53
29.000, 29.021, 8.53
29.000, 29.018, 9.32
29.000, 29.018, 9.07
29.000, 29.021, 8.60
29.000, 29.014, 9.96
29.000, 29.015, 9.13
29.000, 29.029, 6.96
29.000, 29.011, 11.07
29.000, 29.018, 8.40
29.000, 29.017, 9.20
29.000, 29.010, 10.20
29.000, 29.018, 8.24
29.000, 29.020, 8.70
29.000, 29.021, 8.58
29.000, 29.027, 7.77
29.000, 29.012, 10.49
29.000, 29.015, 8.85
29.000, 29.020, 8.39
29.000, 29.008, 10.55
29.000, 29.022, 7.33
29.000, 28.998, 12.35
29.000, 29.007, 8.99
29.000, 29.020, 7.64
29.000, 28.995, 12.55
29.000, 29.011, 8.06
29.000, 29.007, 10.02
29.000, 29.017, 8.07
29.000, 29.012, 9.56
29.000, 29.007, 10.11
29.000, 29.021, 7.36
29.000, 29.018, 8.97
29.000, 29.007, 10.54
29.000, 29.012, 8.69
29.000, 29.020, 8.01
29.000, 29.027, 7.44
29.000, 29.020, 9.14
29.000, 29.007, 10.59
29.000, 29.027, 6.34
29.000, 29.001, 12.06
29.000, 29.032, 4.94
29.000, 29.011, 10.90
29.000, 29.022, 7.31
29.000, 29.010, 10.28
29.000, 29.008, 9.45
29.000, 29.015, 8.19
29.000, 29.024, 7.39
30.000, 29.014, 87.45
30.000, 29.005, 88.81
30.000, 29.028, 85.29
30.000, 29.042, 85.69
30.000, 29.077, 81.95
30.000, 29.144, 74.94
30.000, 29.237, 66.12
30.000, 29.324, 60.59
30.000, 29.412, 54.18
30.000, 29.536, 42.12
30.000, 29.637, 36.52
30.000, 29.731, 30.11
30.000, 29.820, 23.72
30.000, 29.897, 18.95
30.000, 29.977, 12.61
30.000, 30.049, 7.81
30.000, 30.095, 6.34
30.000, 30.140, 2.72
30.000, 30.176, 0.66
30.000, 30.191, 1.17
30.000, 30.195, 1.51
30.000, 30.195, 1.70
30.000, 30.193, 1.77
30.000, 30.168, 5.59
30.000, 30.176, 1.98
30.000, 30.153, 6.18
30.000, 30.123, 8.96
30.000, 30.089, 11.86
30.000, 30.059, 13.76
30.000, 30.045, 13.53
30.000, 30.016, 16.88
30.000, 29.995, 17.93
30.000, 29.976, 19.14
30.000, 29.953, 21.28
30.000, 29.927, 23.54
30.000, 29.935, 20.36
30.000, 29.919, 23.50
30.000, 29.929, 20.68
30.000, 29.925, 22.25
30.000, 29.925, 21.96
30.000, 29.925, 22.02
30.000, 29.940, 19.58
30.000, 29.945, 20.23
30.000, 29.947, 20.17
30.000, 29.933, 22.73
30.000, 29.963, 16.83
30.000, 29.973, 17.72
30.000, 29.975, 18.34
30.000, 29.976, 18.25
30.000, 30.007, 13.38
30.000, 30.015, 14.81
30.000, 30.012, 15.84
30.000, 30.016, 14.91
30.000, 30.013, 15.71
30.000, 30.009, 16.14
30.000, 30.032, 12.14
30.000, 30.019, 16.04
30.000, 30.037, 12.01
30.000, 30.025, 15.55
30.000, 30.025, 14.48
30.000, 30.017, 15.60
30.000, 30.013, 15.68
30.000, 30.015, 15.09
30.000, 30.016, 14.97
30.000, 29.997, 18.03
30.000, 30.012, 14.23
30.000, 29.995, 18.13
30.000, 30.013, 13.76
30.000, 30.009, 15.96
30.000, 30.005, 16.28
30.000, 30.009, 15.25
30.000, 30.005, 16.27
30.000, 30.009, 15.24
30.000, 29.996, 17.63
30.000, 30.009, 14.53
30.000, 30.005, 16.26
30.000, 30.020, 13.40
30.000, 30.005, 17.18
30.000, 30.010, 14.97
30.000, 30.016, 14.52
30.000, 30.017, 14.75
30.000, 30.016, 15.08
30.000, 30.017, 14.72
30.000, 30.013, 15.51
30.000, 30.017, 14.46
30.000, 30.025, 13.66
30.000, 30.030, 13.32
30.000, 30.010, 16.95
30.000, 30.009, 15.53
30.000, 30.023, 13.13
30.000, 30.026, 13.82
30.000, 30.025, 14.26
30.000, 30.023, 14.35
30.000, 30.013, 15.81
30.000, 30.016, 14.53
30.000, 30.029, 12.70
30.000, 30.023, 14.64
30.000, 30.032, 12.79
30.000, 30.012, 16.65
30.000, 30.025, 12.95
30.000, 30.006, 16.95
30.000, 30.017, 13.60
30.000, 30.019, 14.29
30.000, 30.029, 12.80
30.000, 30.025, 14.28
30.000, 30.000, 17.78
30.000, 30.020, 12.60
30.000, 30.020, 14.22
30.000, 30.003, 16.94
30.000, 30.020, 12.80
30.000, 30.020, 14.19
30.000, 30.016, 14.85
30.000, 30.012, 15.17
30.000, 30.019, 13.67
30.000, 30.025, 13.33
30.000, 30.020, 14.46
30.000, 30.017, 14.55
30.000, 30.035, 11.57
30.000, 30.032, 13.40
30.000, 30.020, 14.96
30.000, 30.012, 15.38
30.000, 30.036, 10.79
30.000, 30.016, 15.94
30.000, 30.030, 12.01
30.000, 30.032, 12.93
30.000, 30.029, 13.48
30.000, 30.035, 12.31
30.000, 30.017, 15.48
30.000, 30.019, 13.83
30.000, 30.030, 12.11
30.000, 30.036, 12.12
30.000, 30.026, 14.15
30.000, 30.022, 13.99
30.000, 30.022, 13.62
30.000, 30.013, 14.97
30.000, 30.027, 11.98
30.000, 30.036, 11.76
30.000, 30.012, 16.31
30.000, 30.037, 10.21
30.000, 30.030, 13.42
30.000, 30.032, 12.58
30.000, 30.026, 13.59
30.000, 30.019, 14.24
30.000, 30.037, 10.67
30.000, 30.025, 14.22
30.000, 30.025, 13.14
30.000, 30.049, 9.25
30.000, 30.029, 14.39
30.000, 30.026, 13.18
30.000, 30.022, 13.61
30.000, 30.030, 11.87
30.000, 30.026, 13.23
30.000, 30.025, 13.09
30.000, 30.026, 12.72
30.000, 30.030, 12.14
30.000, 30.033, 12.01
30.000, 30.017, 14.72
30.000, 30.020, 12.96
30.000, 30.016, 13.86
30.000, 30.023, 12.36
30.000, 30.033, 11.33
30.000, 30.029, 12.81
30.000, 30.029, 12.43
30.000, 30.042, 10.36
30.000, 30.027, 13.66
30.000, 30.025, 12.92
30.000, 30.025, 12.66
30.000, 30.043, 9.68
30.000, 30.030, 13.22
30.000, 30.030, 12.14
30.000, 30.020, 13.71
30.000, 30.015, 13.79
30.000, 30.023, 11.94
30.000, 30.033, 11.03
30.000, 30.026, 12.96
30.000, 30.013, 14.40
30.000, 30.012, 13.56
30.000, 30.020, 12.07
30.000, 30.027, 11.62
30.000, 30.007, 15.37
30.000, 30.040, 8.49
30.000, 30.026, 13.43
30.000, 30.026, 12.23
30.000, 30.030, 11.53
30.000, 30.027, 12.31
30.000, 30.020, 13.19
30.000, 30.046, 8.49
30.000, 30.020, 14.66
30.000, 30.030, 10.94
30.000, 30.027, 12.19
30.000, 30.010, 14.67
30.000, 30.025, 10.98
30.000, 30.029, 11.45
30.000, 30.010, 14.73
30.000, 30.039, 8.65
30.000, 30.035, 11.64
30.000, 30.017, 14.00
30.000, 30.025, 11.44
30.000, 30.027, 11.55
30.000, 30.023, 12.44
30.000, 30.030, 10.93
30.000, 30.019, 13.32
30.000, 30.029, 10.77
30.000, 30.026, 12.02
30.000, 30.033, 10.63
30.000, 30.025, 12.55
30.000, 30.012, 13.88
30.000, 30.026, 10.54
30.000, 30.027, 11.46
30.000, 30.025, 12.01
30.000, 30.023, 11.98
30.000, 30.017, 12.76
30.000, 30.023, 11.36
30.000, 30.007, 14.32
30.000, 30.010, 12.57
30.000, 30.016, 11.88
30.000, 30.023, 11.20
30.000, 30.030, 10.63
30.000, 30.053, 7.55
30.000, 30.025, 13.93
30.000, 30.029, 10.88
30.000, 30.029, 11.21
30.000, 30.017, 13.01
30.000, 30.007, 13.65
30.000, 30.025, 10.09
30.000, 30.027, 11.02
30.000, 30.022, 12.15
30.000, 30.027, 10.75
30.000, 30.026, 11.42
30.000, 30.025, 11.51
30.000, 30.005, 14.56
30.000, 30.015, 11.33
30.000, 30.030, 9.63
30.000, 30.027, 11.35
30.000, 30.037, 9.50
30.000, 30.032, 11.20
30.000, 30.027, 11.39
30.000, 30.045, 8.28
30.000, 30.039, 10.56
30.000, 30.015, 13.93
30.000, 30.009, 12.84
30.000, 30.029, 9.17
30.000, 30.017, 12.61
30.000, 30.017, 11.66
30.000, 30.027, 10.05
30.000, 30.019, 12.22
30.000, 30.032, 9.45
30.000, 30.013, 13.44
30.000, 30.032, 8.94
30.000, 30.022, 12.03
30.000, 30.027, 10.29
30.000, 30.025, 11.19
30.000, 30.027, 10.48
30.000, 30.026, 10.92
30.000, 30.026, 10.78
30.000, 30.016, 12.35
30.000, 30.032, 9.01
30.000, 30.020, 12.10
30.000, 30.027, 10.01
30.000, 30.020, 11.71
30.000, 30.010, 12.70
30.000, 30.030, 8.68
30.000, 30.016, 12.57
30.000, 30.023, 10.25
30.000, 30.025, 10.59
30.000, 30.020, 11.37
30.000, 30.020, 11.00
30.000, 30.007, 13.04
30.000, 30.023, 9.47
30.000, 30.013, 12.33
30.000, 30.025, 9.68
30.000, 30.025, 10.60
30.000, 30.012, 12.63
30.000, 30.029, 8.83
30.000, 30.019, 11.81
30.000, 30.017, 11.20
30.000, 30.035, 8.34
30.000, 30.020, 11.99
30.000, 30.016, 11.49
30.000, 30.009, 12.26
30.000, 30.020, 9.84
30.000, 30.010, 12.36
30.000, 30.035, 7.66
30.000, 30.007, 13.95
30.000, 30.022, 9.44
30.000, 30.010, 12.42
30.000, 30.017, 10.33
30.000, 30.005, 12.95
30.000, 30.015, 10.30
30.000, 30.017, 10.65
30.000, 30.020, 10.42
30.000, 30.002, 13.60
30.000, 30.016, 9.79
30.000, 30.012, 11.64
30.000, 30.022, 9.68
30.000, 30.007, 12.76
30.000, 29.999, 12.95
30.000, 30.023, 8.38
30.000, 30.022, 10.58
30.000, 30.010, 12.26
30.000, 30.016, 10.41
30.000, 30.025, 9.50
30.000, 30.023, 10.41
30.000, 30.015, 11.64
30.000, 30.019, 10.24
30.000, 30.005, 12.85
30.000, 30.025, 8.49
30.000, 30.025, 10.11
30.000, 30.027, 9.63
30.000, 30.025, 10.30
30.000, 30.016, 11.41
30.000, 30.030, 8.42
30.000, 30.019, 11.39
30.000, 30.026, 9.30
30.000, 30.005, 13.28
30.000, 30.025, 8.33
30.000, 30.013, 11.77
30.000, 30.025, 9.00
30.000, 30.015, 11.51
30.000, 30.017, 10.22
30.000, 30.007, 12.04
30.000, 30.017, 9.62
30.000, 30.006, 12.24
30.000, 30.015, 9.94
30.000, 30.013, 10.85
30.000, 30.009, 11.41
30.000, 30.009, 11.05
30.000, 30.017, 9.68
30.000, 30.022, 9.68
30.000, 30.016, 10.93
30.000, 30.007, 11.81
30.000, 30.026, 8.14
30.000, 30.016, 11.24
30.000, 30.013, 10.86
30.000, 30.010, 11.07
30.000, 30.005, 11.74
30.000, 30.026, 7.85
30.000, 30.019, 10.73
30.000, 30.012, 11.26
30.000, 30.023, 8.85
30.000, 30.016, 10.90
30.000, 30.016, 10.30
30.000, 30.007, 11.66
30.000, 30.002, 11.86
30.000, 30.003, 11.16
30.000, 30.013, 9.68
30.000, 30.010, 10.95
30.000, 30.017, 9.57
30.000, 30.006, 11.96
30.000, 30.020, 8.74
30.000, 30.017, 10.35
30.000, 30.013, 10.78
30.000, 29.986, 14.75
30.000, 30.009, 8.89
30.000, 30.016, 9.62
30.000, 30.012, 10.88
30.000, 29.997, 12.79
30.000, 30.013, 9.12
30.000, 30.017, 9.71
30.000, 30.000, 12.78
26.000, 30.012, 0.00
26.000, 30.016, 0.00
26.000, 30.006, 0.00
26.000, 30.025, 0.00
26.000, 30.002, 0.00
26.000, 29.996, 0.00
26.000, 29.979, 0.00
26.000, 29.976, 0.00
26.000, 29.943, 0.00
26.000, 29.933, 0.00
26.000, 29.912, 0.00
26.000, 29.889, 0.00
26.000, 29.883, 0.00
26.000, 29.857, 0.00
26.000, 29.833, 0.00
26.000, 29.815, 0.00
26.000, 29.789, 0.00
26.000, 29.770, 0.00
26.000, 29.758, 0.00
26.000, 29.733, 0.00
26.000, 29.726, 0.00
26.000, 29.706, 0.00
26.000, 29.671, 0.00
26.000, 29.666, 0.00
26.000, 29.639, 0.00
26.000, 29.631, 0.00
26.000, 29.612, 0.00
26.000, 29.601, 0.00
26.000, 29.582, 0.00
26.000, 29.571, 0.00
26.000, 29.548, 0.00
26.000, 29.526, 0.00
26.000, 29.521, 0.00
26.000, 29.492, 0.00
26.000, 29.479, 0.00
26.000, 29.457, 0.00
26.000, 29.436, 0.00
26.000, 29.429, 0.00
26.000, 29.416, 0.00
26.000, 29.401, 0.00
26.000, 29.413, 0.00
26.000, 29.376, 0.00
26.000, 29.375, 0.00
26.000, 29.352, 0.00
26.000, 29.335, 0.00
26.000, 29.338, 0.00
26.000, 29.310, 0.00
26.000, 29.297, 0.00
26.000, 29.300, 0.00
26.000, 29.277, 0.00
26.000, 29.277, 0.00
26.000, 29.273, 0.00
26.000, 29.257, 0.00
26.000, 29.240, 0.00
26.000, 29.237, 0.00
26.000, 29.223, 0.00
26.000, 29.228, 0.00
26.000, 29.222, 0.00
26.000, 29.195, 0.00
26.000, 29.198, 0.00
26.000, 29.186, 0.00
26.000, 29.172, 0.00
26.000, 29.175, 0.00
26.000, 29.155, 0.00
26.000, 29.155, 0.00
26.000, 29.134, 0.00
26.000, 29.133, 0.00
26.000, 29.143, 0.00
26.000, 29.113, 0.00
26.000, 29.102, 0.00
26.000, 29.109, 0.00
26.000, 29.094, 0.00
26.000, 29.086, 0.00
26.000, 29.083, 0.00
26.000, 29.070, 0.00
26.000, 29.065, 0.00
26.000, 29.058, 0.00
26.000, 29.041, 0.00
26.000, 29.032, 0.00
26.000, 29.041, 0.00
26.000, 29.022, 0.00
26.000, 29.018, 0.00
26.000, 29.005, 0.00
26.000, 29.014, 0.00
26.000, 29.004, 0.00
26.000, 28.979, 0.00
26.000, 28.991, 0.00
26.000, 28.969, 0.00
26.000, 28.983, 0.00
26.000, 28.974, 0.00
26.000, 28.956, 0.00
26.000, 28.959, 0.00
26.000, 28.942, 0.00
26.000, 28.943, 0.00
26.000, 28.932, 0.00
26.000, 28.936, 0.00
26.000, 28.926, 0.00
26.000, 28.932, 0.00
26.000, 28.919, 0.00
26.000, 28.897, 0.00
26.000, 28.901, 0.00
26.000, 28.899, 0.00
26.000, 28.891, 0.00
26.000, 28.873, 0.00
26.000, 28.881, 0.00
26.000, 28.854, 0.00
26.000, 28.858, 0.00
26.000, 28.866, 0.00
26.000, 28.864, 0.00
26.000, 28.853, 0.00
26.000, 28.854, 0.00
26.000, 28.830, 0.00
26.000, 28.840, 0.00
26.000, 28.829, 0.00
26.000, 28.809, 0.00
26.000, 28.818, 0.00
26.000, 28.791, 0.00
26.000, 28.794, 0.00
26.000, 28.784, 0.00
26.000, 28.784, 0.00
26.000, 28.778, 0.00
26.000, 28.795, 0.00
26.000, 28.784, 0.00
26.000, 28.765, 0.00
26.000, 28.747, 0.00
26.000, 28.751, 0.00
26.000, 28.750, 0.00
26.000, 28.743, 0.00
26.000, 28.715, 0.00
26.000, 28.744, 0.00
26.000, 28.747, 0.00
26.000, 28.727, 0.00
26.000, 28.727, 0.00
26.000, 28.705, 0.00
26.000, 28.720, 0.00
26.000, 28.698, 0.00
26.000, 28.691, 0.00
26.000, 28.695, 0.00
26.000, 28.689, 0.00
26.000, 28.698, 0.00
26.000, 28.672, 0.00
26.000, 28.682, 0.00
26.000, 28.674, 0.00
26.000, 28.667, 0.00
26.000, 28.658, 0.00
26.000, 28.665, 0.00
26.000, 28.658, 0.00
26.000, 28.648, 0.00
26.000, 28.646, 0.00
26.000, 28.636, 0.00
26.000, 28.633, 0.00
26.000, 28.626, 0.00
26.000, 28.629, 0.00
26.000, 28.622, 0.00
26.000, 28.599, 0.00
26.000, 28.603, 0.00
26.000, 28.588, 0.00
26.000, 28.593, 0.00
26.000, 28.588, 0.00
26.000, 28.596, 0.00
26.000, 28.584, 0.00
26.000, 28.572, 0.00
26.000, 28.577, 0.00
26.000, 28.586, 0.00
26.000, 28.555, 0.00
26.000, 28.567, 0.00
26.000, 28.553, 0.00
26.000, 28.532, 0.00
26.000, 28.539, 0.00
26.000, 28.536, 0.00
26.000, 28.529, 0.00
26.000, 28.534, 0.00
26.000, 28.516, 0.00
26.000, 28.530, 0.00
26.000, 28.517, 0.00
26.000, 28.505, 0.00
26.000, 28.498, 0.00
26.000, 28.492, 0.00
26.000, 28.496, 0.00
26.000, 28.480, 0.00
26.000, 28.495, 0.00
26.000, 28.487, 0.00
26.000, 28.488, 0.00
26.000, 28.482, 0.00
26.000, 28.456, 0.00
26.000, 28.456, 0.00
26.000, 28.464, 0.00
26.000, 28.454, 0.00
26.000, 28.449, 0.00
26.000, 28.444, 0.00
26.000, 28.439, 0.00
26.000, 28.428, 0.00
26.000, 28.428, 0.00
26.000, 28.422, 0.00
26.000, 28.401, 0.00
26.000, 28.420, 0.00
26.000, 28.411, 0.00
26.000, 28.408, 0.00
26.000, 28.402, 0.00
26.000, 28.397, 0.00
26.000, 28.405, 0.00
26.000, 28.378, 0.00
26.000, 28.388, 0.00
26.000, 28.385, 0.00
26.000, 28.390, 0.00
26.000, 28.370, 0.00
26.000, 28.363, 0.00
26.000, 28.357, 0.00
26.000, 28.367, 0.00
26.000, 28.340, 0.00
26.000, 28.346, 0.00
26.000, 28.353, 0.00
26.000, 28.350, 0.00
26.000, 28.340, 0.00
26.000, 28.335, 0.00
26.000, 28.325, 0.00
26.000, 28.321, 0.00
26.000, 28.332, 0.00
26.000, 28.310, 0.00
26.000, 28.318, 0.00
26.000, 28.298, 0.00
26.000, 28.314, 0.00
26.000, 28.301, 0.00
26.000, 28.303, 0.00
26.000, 28.283, 0.00
26.000, 28.284, 0.00
26.000, 28.280, 0.00
26.000, 28.283, 0.00
26.000, 28.270, 0.00
26.000, 28.277, 0.00
26.000, 28.266, 0.00
26.000, 28.255, 0.00
26.000, 28.252, 0.00
26.000, 28.255, 0.00
26.000, 28.245, 0.00
26.000, 28.234, 0.00
26.000, 28.251, 0.00
26.000, 28.241, 0.00
26.000, 28.227, 0.00
26.000, 28.211, 0.00
26.000, 28.211, 0.00
26.000, 28.199, 0.00
26.000, 28.209, 0.00
26.000, 28.206, 0.00
26.000, 28.202, 0.00
26.000, 28.196, 0.00
26.000, 28.203, 0.00
26.000, 28.193, 0.00
26.000, 28.187, 0.00
26.000, 28.185, 0.00
26.000, 28.173, 0.00
26.000, 28.185, 0.00
26.000, 28.172, 0.00
26.000, 28.157, 0.00
26.000, 28.175, 0.00
26.000, 28.155, 0.00
26.000, 28.154, 0.00
26.000, 28.147, 0.00
26.000, 28.150, 0.00
26.000, 28.133, 0.00
26.000, 28.136, 0.00
26.000, 28.136, 0.00
26.000, 28.126, 0.00
26.000, 28.131, 0.00
26.000, 28.123, 0.00
26.000, 28.123, 0.00
26.000, 28.105, 0.00
26.000, 28.112, 0.00
26.000, 28.099, 0.00
26.000, 28.105, 0.00
26.000, 28.092, 0.00
26.000, 28.089, 0.00
26.000, 28.101, 0.00
26.000, 28.092, 0.00
26.000, 28.073, 0.00
26.000, 28.068, 0.00
26.000, 28.077, 0.00
26.000, 28.063, 0.00
26.000, 28.060, 0.00
26.000, 28.046, 0.00
26.000, 28.068, 0.00
26.000, 28.057, 0.00
26.000, 28.040, 0.00
26.000, 28.047, 0.00
26.000, 28.033, 0.00
26.000, 28.031, 0.00
26.000, 28.032, 0.00
26.000, 28.029, 0.00
26.000, 28.029, 0.00
26.000, 28.015, 0.00
26.000, 28.029, 0.00
26.000, 28.008, 0.00
26.000, 28.008, 0.00
26.000, 28.004, 0.00
26.000, 27.994, 0.00
26.000, 28.001, 0.00
26.000, 27.994, 0.00
26.000, 27.986, 0.00
26.000, 27.979, 0.00
26.000, 27.982, 0.00
26.000, 27.970, 0.00
26.000, 27.977, 0.00
26.000, 27.965, 0.00
26.000, 27.969, 0.00
26.000, 27.954, 0.00
26.000, 27.958, 0.00
26.000, 27.973, 0.00
26.000, 27.949, 0.00
26.000, 27.949, 0.00
26.000, 27.949, 0.00
26.000, 27.944, 0.00
26.000, 27.940, 0.00
26.000, 27.926, 0.00
26.000, 27.930, 0.00
26.000, 27.914, 0.00
26.000, 27.921, 0.00
26.000, 27.924, 0.00
26.000, 27.916, 0.00
26.000, 27.905, 0.00
26.000, 27.909, 0.00
26.000, 27.909, 0.00
26.000, 27.892, 0.00
26.000, 27.877, 0.00
26.000, 27.878, 0.00
26.000, 27.889, 0.00
26.000, 27.878, 0.00
26.000, 27.872, 0.00
26.000, 27.874, 0.00
26.000, 27.871, 0.00
26.000, 27.867, 0.00
26.000, 27.867, 0.00
26.000, 27.859, 0.00
26.000, 27.857, 0.00
26.000, 27.860, 0.00
26.000, 27.845, 0.00
26.000, 27.849, 0.00
26.000, 27.856, 0.00
26.000, 27.838, 0.00
26.000, 27.847, 0.00
26.000, 27.833, 0.00
26.000, 27.842, 0.00
26.000, 27.824, 0.00
26.000, 27.819, 0.00
26.000, 27.815, 0.00
26.000, 27.814, 0.00
26.000, 27.811, 0.00
26.000, 27.804, 0.00
26.000, 27.810, 0.00
26.000, 27.798, 0.00
26.000, 27.793, 0.00
26.000, 27.794, 0.00
26.000, 27.782, 0.00
26.000, 27.782, 0.00
26.000, 27.773, 0.00
26.000, 27.773, 0.00
26.000, 27.777, 0.00
26.000, 27.757, 0.00
26.000, 27.772, 0.00
26.000, 27.776, 0.00
26.000, 27.754, 0.00
26.000, 27.765, 0.00
26.000, 27.752, 0.00
26.000, 27.748, 0.00
26.000, 27.745, 0.00
26.000, 27.751, 0.00
26.000, 27.734, 0.00
26.000, 27.733, 0.00
26.000, 27.719, 0.00
26.000, 27.726, 0.00
26.000, 27.708, 0.00
26.000, 27.708, 0.00
26.000, 27.717, 0.00
26.000, 27.709, 0.00
26.000, 27.698, 0.00
26.000, 27.698, 0.00
26.000, 27.699, 0.00
26.000, 27.694, 0.00
26.000, 27.688, 0.00
26.000, 27.674, 0.00
26.000, 27.684, 0.00
26.000, 27.683, 0.00
26.000, 27.684, 0.00
26.000, 27.673, 0.00
26.000, 27.659, 0.00
26.000, 27.670, 0.00
26.000, 27.671, 0.00
26.000, 27.667, 0.00
26.000, 27.659, 0.00
26.000, 27.652, 0.00
26.000, 27.657, 0.00
26.000, 27.639, 0.00
26.000, 27.644, 0.00
26.000, 27.642, 0.00
26.000, 27.634, 0.00
26.000, 27.635, 0.00
26.000, 27.624, 0.00
26.000, 27.623, 0.00
26.000, 27.628, 0.00
26.000, 27.613, 0.00
26.000, 27.618, 0.00
26.000, 27.596, 0.00
26.000, 27.604, 0.00
26.000, 27.595, 0.00
26.000, 27.595, 0.00
26.000, 27.591, 0.00
26.000, 27.596, 0.00
26.000, 27.589, 0.00
26.000, 27.588, 0.00
26.000, 27.588, 0.00
26.000, 27.586, 0.00
26.000, 27.571, 0.00
26.000, 27.568, 0.00
26.000, 27.574, 0.00
26.000, 27.564, 0.00
26.000, 27.557, 0.00
26.000, 27.550, 0.00
26.000, 27.549, 0.00
26.000, 27.556, 0.00
26.000, 27.542, 0.00
26.000, 27.546, 0.00
26.000, 27.540, 0.00
26.000, 27.540, 0.00
26.000, 27.539, 0.00
26.000, 27.528, 0.00
26.000, 27.526, 0.00
26.000, 27.517, 0.00
26.000, 27.514, 0.00
26.000, 27.510, 0.00
26.000, 27.517, 0.00
26.000, 27.508, 0.00
26.000, 27.499, 0.00
26.000, 27.492, 0.00
26.000, 27.504, 0.00
26.000, 27.497, 0.00
26.000, 27.489, 0.00
26.000, 27.486, 0.00
26.000, 27.482, 0.00
26.000, 27.476, 0.00
26.000, 27.471, 0.00
26.000, 27.478, 0.00
26.000, 27.469, 0.00
26.000, 27.462, 0.00
26.000, 27.460, 0.00
26.000, 27.448, 0.00
26.000, 27.454, 0.00
26.000, 27.444, 0.00
26.000, 27.453, 0.00
26.000, 27.462, 0.00
26.000, 27.453, 0.00
26.000, 27.441, 0.00
26.000, 27.439, 0.00
26.000, 27.435, 0.00
26.000, 27.426, 0.00
26.000, 27.422, 0.00
26.000, 27.411, 0.00
26.000, 27.426, 0.00
26.000, 27.414, 0.00
26.000, 27.409, 0.00
26.000, 27.409, 0.00
26.000, 27.411, 0.00
26.000, 27.394, 0.00
26.000, 27.397, 0.00
26.000, 27.407, 0.00
26.000, 27.393, 0.00
26.000, 27.390, 0.00
26.000, 27.391, 0.00
26.000, 27.379, 0.00
26.000, 27.372, 0.00
26.000, 27.364, 0.00
26.000, 27.369, 0.00
26.000, 27.368, 0.00
26.000, 27.364, 0.00
26.000, 27.362, 0.00
26.000, 27.355, 0.00
26.000, 27.340, 0.00
26.000, 27.354, 0.00
26.000, 27.341, 0.00
26.000, 27.345, 0.00
26.000, 27.348, 0.00
26.000, 27.347, 0.00
26.000, 27.339, 0.00
26.000, 27.332, 0.00
26.000, 27.330, 0.00
26.000, 27.322, 0.00
26.000, 27.330, 0.00
26.000, 27.323, 0.00
26.000, 27.312, 0.00
26.000, 27.313, 0.00
26.000, 27.315, 0.00
26.000, 27.302, 0.00
26.000, 27.298, 0.00
26.000, 27.291, 0.00
26.000, 27.295, 0.00
26.000, 27.293, 0.00
26.000, 27.295, 0.00
26.000, 27.281, 0.00
26.000, 27.280, 0.00
26.000, 27.288, 0.00
26.000, 27.272, 0.00
26.000, 27.272, 0.00
26.000, 27.266, 0.00
26.000, 27.262, 0.00
26.000, 27.256, 0.00
26.000, 27.254, 0.00
26.000, 27.247, 0.00
26.000, 27.231, 0.00
26.000, 27.258, 0.00
26.000, 27.241, 0.00
26.000, 27.231, 0.00
26.000, 27.229, 0.00
26.000, 27.237, 0.00
26.000, 27.233, 0.00
26.000, 27.234, 0.00
26.000, 27.236, 0.00
26.000, 27.222, 0.00
26.000, 27.209, 0.00
26.000, 27.219, 0.00
26.000, 27.216, 0.00
26.000, 27.204, 0.00
26.000, 27.198, 0.00
26.000, 27.197, 0.00
26.000, 27.195, 0.00
26.000, 27.194, 0.00
26.000, 27.197, 0.00
26.000, 27.173, 0.00
26.000, 27.186, 0.00
26.000, 27.176, 0.00
26.000, 27.177, 0.00
26.000, 27.180, 0.00
26.000, 27.180, 0.00
26.000, 27.165, 0.00
26.000, 27.169, 0.00
26.000, 27.168, 0.00
26.000, 27.149, 0.00
26.000, 27.148, 0.00
26.000, 27.155, 0.00
26.000, 27.144, 0.00
26.000, 27.155, 0.00
26.000, 27.144, 0.00
26.000, 27.151, 0.00
26.000, 27.131, 0.00
26.000, 27.140, 0.00
26.000, 27.138, 0.00
26.000, 27.133, 0.00
26.000, 27.125, 0.00
26.000, 27.118, 0.00
26.000, 27.116, 0.00
26.000, 27.116, 0.00
26.000, 27.098, 0.00
26.000, 27.116, 0.00
26.000, 27.097, 0.00
26.000, 27.111, 0.00
26.000, 27.102, 0.00
26.000, 27.090, 0.00
26.000, 27.084, 0.00
26.000, 27.081, 0.00
26.000, 27.087, 0.00
26.000, 27.086, 0.00
26.000, 27.086, 0.00
26.000, 27.069, 0.00
26.000, 27.075, 0.00
26.000, 27.059, 0.00
26.000, 27.069, 0.00
26.000, 27.063, 0.00
26.000, 27.066, 0.00
26.000, 27.063, 0.00
26.000, 27.057, 0.00
26.000, 27.065, 0.00
26.000, 27.059, 0.00
26.000, 27.050, 0.00
26.000, 27.043, 0.00
26.000, 27.043, 0.00
26.000, 27.026, 0.00
26.000, 27.023, 0.00
26.000, 27.030, 0.00
26.000, 27.038, 0.00
26.000, 27.027, 0.00
26.000, 27.019, 0.00
26.000, 27.013, 0.00
26.000, 27.015, 0.00
26.000, 27.020, 0.00
26.000, 27.011, 0.00
26.000, 27.005, 0.00
26.000, 27.004, 0.00
26.000, 27.001, 0.00
26.000, 26.980, 0.00
26.000, 26.984, 0.00
26.000, 26.989, 0.00
26.000, 26.983, 0.00
26.000, 26.982, 0.00
26.000, 26.980, 0.00
26.000, 26.975, 0.00
26.000, 26.964, 0.00
26.000, 26.982, 0.00
26.000, 26.957, 0.00
26.000, 26.968, 0.00
26.000, 26.959, 0.00
26.000, 26.961, 0.00
26.000, 26.958, 0.00
26.000, 26.946, 0.00
26.000, 26.936, 0.00
26.000, 26.958, 0.00
26.000, 26.947, 0.00
26.000, 26.941, 0.00
26.000, 26.939, 0.00
26.000, 26.930, 0.00
26.000, 26.930, 0.00
26.000, 26.914, 0.00
26.000, 26.926, 0.00
26.000, 26.918, 0.00
26.000, 26.915, 0.00
26.000, 26.921, 0.00
26.000, 26.911, 0.00
26.000, 26.907, 0.00
26.000, 26.914, 0.00
26.000, 26.904, 0.00
26.000, 26.911, 0.00
26.000, 26.900, 0.00
26.000, 26.893, 0.00
26.000, 26.893, 0.00
26.000, 26.894, 0.00
26.000, 26.904, 0.00
26.000, 26.871, 0.00
26.000, 26.880, 0.00
26.000, 26.887, 0.00
26.000, 26.868, 0.00
26.000, 26.868, 0.00
26.000, 26.869, 0.00
26.000, 26.858, 0.00
26.000, 26.857, 0.00
26.000, 26.864, 0.00
26.000, 26.860, 0.00
26.000, 26.855, 0.00
26.000, 26.840, 0.00
26.000, 26.860, 0.00
26.000, 26.842, 0.00
26.000, 26.833, 0.00
26.000, 26.846, 0.00
26.000, 26.833, 0.00
26.000, 26.837, 0.00
26.000, 26.832, 0.00
26.000, 26.829, 0.00
26.000, 26.821, 0.00
26.000, 26.813, 0.00
26.000, 26.807, 0.00
26.000, 26.810, 0.00
26.000, 26.814, 0.00
26.000, 26.804, 0.00
26.000, 26.801, 0.00
26.000, 26.788, 0.00
26.000, 26.796, 0.00
26.000, 26.789, 0.00
26.000, 26.789, 0.00
26.000, 26.786, 0.00
26.000, 26.764, 0.00
26.000, 26.782, 0.00
26.000, 26.782, 0.00
26.000, 26.778, 0.00
26.000, 26.768, 0.00
26.000, 26.768, 0.00
26.000, 26.772, 0.00
26.000, 26.759, 0.00
26.000, 26.756, 0.00
26.000, 26.761, 0.00
26.000, 26.750, 0.00
26.000, 26.760, 0.00
26.000, 26.749, 0.00
26.000, 26.747, 0.00
26.000, 26.743, 0.00
26.000, 26.738, 0.00
26.000, 26.732, 0.00
26.000, 26.735, 0.00
26.000, 26.734, 0.00
26.000, 26.728, 0.00
26.000, 26.730, 0.00
26.000, 26.738, 0.00
26.000, 26.725, 0.00
26.000, 26.720, 0.00
26.000, 26.709, 0.00
26.000, 26.707, 0.00
26.000, 26.709, 0.00
26.000, 26.710, 0.00
26.000, 26.706, 0.00
26.000, 26.716, 0.00
26.000, 26.698, 0.00
26.000, 26.709, 0.00
26.000, 26.696, 0.00
26.000, 26.688, 0.00
26.000, 26.688, 0.00
26.000, 26.688, 0.00
26.000, 26.682, 0.00
26.000, 26.670, 0.00
26.000, 26.681, 0.00
26.000, 26.667, 0.00
26.000, 26.667, 0.00
26.000, 26.670, 0.00
26.000, 26.663, 0.00
26.000, 26.666, 0.00
26.000, 26.665, 0.00
26.000, 26.665, 0.00
26.000, 26.658, 0.00
26.000, 26.655, 0.00
26.000, 26.637, 0.00
26.000, 26.638, 0.00
26.000, 26.649, 0.00
26.000, 26.640, 0.00
26.000, 26.635, 0.00
26.000, 26.634, 0.00
26.000, 26.622, 0.00
26.000, 26.633, 0.00
26.000, 26.617, 0.00
26.000, 26.623, 0.00
26.000, 26.615, 0.00
26.000, 26.616, 0.00
26.000, 26.619, 0.00
26.000, 26.613, 0.00
26.000, 26.604, 0.00
26.000, 26.630, 0.00
26.000, 26.608, 0.00
26.000, 26.605, 0.00
26.000, 26.612, 0.00
26.000, 26.580, 0.00
26.000, 26.604, 0.00
26.000, 26.604, 0.00
26.000, 26.602, 0.00
26.000, 26.595, 0.00
26.000, 26.580, 0.00
26.000, 26.587, 0.00
26.000, 26.576, 0.00
26.000, 26.576, 0.00
26.000, 26.571, 0.00
26.000, 26.576, 0.00
26.000, 26.573, 0.00
26.000, 26.554, 0.00
26.000, 26.557, 0.00
26.000, 26.553, 0.00
26.000, 26.562, 0.00
26.000, 26.564, 0.00
26.000, 26.542, 0.00
26.000, 26.544, 0.00
26.000, 26.548, 0.00
26.000, 26.540, 0.00
26.000, 26.528, 0.00
26.000, 26.544, 0.00
26.000, 26.530, 0.00
26.000, 26.528, 0.00
26.000, 26.524, 0.00
26.000, 26.525, 0.00
26.000, 26.528, 0.00
26.000, 26.525, 0.00
26.000, 26.510, 0.00
26.000, 26.513, 0.00
26.000, 26.507, 0.00
26.000, 26.517, 0.00
26.000, 26.507, 0.00
26.000, 26.497, 0.00
26.000, 26.495, 0.00
26.000, 26.503, 0.00
26.000, 26.497, 0.00
26.000, 26.496, 0.00
26.000, 26.490, 0.00
26.000, 26.489, 0.00
26.000, 26.474, 0.00
26.000, 26.477, 0.00
26.000, 26.490, 0.00
26.000, 26.488, 0.00
26.000, 26.471, 0.00
26.000, 26.472, 0.00
26.000, 26.482, 0.00
26.000, 26.463, 0.00
26.000, 26.470, 0.00
26.000, 26.461, 0.00
26.000, 26.448, 0.00
26.000, 26.456, 0.00
26.000, 26.448, 0.00
26.000, 26.446, 0.00
26.000, 26.454, 0.00
26.000, 26.437, 0.00
26.000, 26.434, 0.00
26.000, 26.434, 0.00
26.000, 26.441, 0.00
26.000, 26.442, 0.00
26.000, 26.442, 0.00
26.000, 26.438, 0.00
26.000, 26.428, 0.00
26.000, 26.430, 0.00
26.000, 26.421, 0.00
26.000, 26.419, 0.00
26.000, 26.419, 0.00
26.000, 26.408, 0.00
26.000, 26.403, 0.00
26.000, 26.399, 0.00
26.000, 26.405, 0.00
26.000, 26.410, 0.00
26.000, 26.401, 0.00
26.000, 26.399, 0.00
26.000, 26.402, 0.00
26.000, 26.394, 0.00
26.000, 26.391, 0.00
26.000, 26.387, 0.00
26.000, 26.391, 0.00
26.000, 26.388, 0.00
26.000, 26.376, 0.00
26.000, 26.380, 0.00
26.000, 26.385, 0.00
26.000, 26.370, 0.00
26.000, 26.368, 0.00
26.000, 26.374, 0.00
26.000, 26.372, 0.00
26.000, 26.363, 0.00
26.000, 26.369, 0.00
26.000, 26.355, 0.00
26.000, 26.357, 0.00
26.000, 26.358, 0.00
26.000, 26.348, 0.00
26.000, 26.352, 0.00
26.000, 26.368, 0.00
26.000, 26.343, 0.00
26.000, 26.348, 0.00
26.000, 26.344, 0.00
26.000, 26.341, 0.00
26.000, 26.348, 0.00
26.000, 26.332, 0.00
26.000, 26.332, 0.00
26.000, 26.319, 0.00
26.000, 26.323, 0.00
26.000, 26.317, 0.00
26.000, 26.322, 0.00
26.000, 26.317, 0.00
26.000, 26.321, 0.00
26.000, 26.303, 0.00
26.000, 26.312, 0.00
26.000, 26.300, 0.00
26.000, 26.310, 0.00
26.000, 26.310, 0.00
26.000, 26.318, 0.00
26.000, 26.289, 0.00
26.000, 26.303, 0.00
26.000, 26.293, 0.00
26.000, 26.297, 0.00
26.000, 26.288, 0.00
26.000, 26.275, 0.00
26.000, 26.288, 0.00
26.000, 26.288, 0.00
26.000, 26.281, 0.00
26.000, 26.272, 0.00
26.000, 26.289, 0.00
26.000, 26.267, 0.00
26.000, 26.268, 0.00
26.000, 26.263, 0.00
26.000, 26.261, 0.00
26.000, 26.261, 0.00
26.000, 26.241, 0.00
26.000, 26.267, 0.00
26.000, 26.257, 0.00
26.000, 26.249, 0.00
26.000, 26.246, 0.00
26.000, 26.256, 0.00
26.000, 26.237, 0.00
26.000, 26.243, 0.00
26.000, 26.252, 0.00
26.000, 26.238, 0.00
26.000, 26.241, 0.00
26.000, 26.239, 0.00
26.000, 26.232, 0.00
26.000, 26.220, 0.00
26.000, 26.227, 0.00
26.000, 26.230, 0.00
26.000, 26.227, 0.00
26.000, 26.217, 0.00
26.000, 26.209, 0.00
26.000, 26.213, 0.00
26.000, 26.219, 0.00
26.000, 26.213, 0.00
26.000, 26.204, 0.00
26.000, 26.208, 0.00
26.000, 26.191, 0.00
26.000, 26.184, 0.00
26.000, 26.197, 0.00
26.000, 26.188, 0.00
26.000, 26.190, 0.00
26.000, 26.195, 0.00
26.000, 26.180, 0.00
26.000, 26.193, 0.00
26.000, 26.184, 0.00
26.000, 26.184, 0.00
26.000, 26.181, 0.00
26.000, 26.170, 0.00
26.000, 26.176, 0.00
26.000, 26.170, 0.00
26.000, 26.165, 0.00
26.000, 26.170, 0.00
26.000, 26.161, 0.00
26.000, 26.157, 0.00
26.000, 26.162, 0.00
26.000, 26.157, 0.00
26.000, 26.162, 0.00
26.000, 26.158, 0.00
26.000, 26.137, 0.00
26.000, 26.146, 0.00
26.000, 26.155, 0.00
26.000, 26.148, 0.00
26.000, 26.139, 0.00
26.000, 26.128, 0.00
26.000, 26.125, 0.00
26.000, 26.133, 0.00
26.000, 26.126, 0.00
26.000, 26.142, 0.00
26.000, 26.113, 0.00
26.000, 26.113, 0.00
26.000, 26.124, 0.00
26.000, 26.117, 0.00
26.000, 26.108, 0.00
26.000, 26.104, 0.00
26.000, 26.106, 0.00
26.000, 26.113, 0.00
26.000, 26.100, 0.00
26.000, 26.120, 0.00
26.000, 26.092, 0.00
26.000, 26.104, 0.00
26.000, 26.103, 0.00
26.000, 26.082, 0.00
26.000, 26.095, 0.00
26.000, 26.091, 0.00
26.000, 26.070, 0.00
26.000, 26.086, 0.00
26.000, 26.100, 0.00
26.000, 26.077, 0.00
26.000, 26.088, 0.00
26.000, 26.088, 0.00
26.000, 26.073, 0.00
26.000, 26.086, 0.00
26.000, 26.069, 0.00
26.000, 26.070, 0.00
26.000, 26.060, 0.00
26.000, 26.064, 0.00
26.000, 26.055, 0.00
26.000, 26.056, 0.00
26.000, 26.051, 0.00
26.000, 26.055, 0.00
26.000, 26.044, 0.00
26.000, 26.048, 0.00
26.000, 26.034, 0.00
26.000, 26.036, 0.00
26.000, 26.040, 0.00
26.000, 26.045, 0.00
26.000, 26.033, 0.00
26.000, 26.026, 0.00
26.000, 26.029, 0.00
26.000, 26.030, 0.00
26.000, 26.034, 0.00
26.000, 26.019, 0.00
26.000, 26.020, 0.00
26.000, 26.012, 0.00
26.000, 26.018, 0.00
26.000, 26.011, 0.00
26.000, 26.012, 0.00
26.000, 26.007, 0.00
26.000, 26.009, 0.00
26.000, 26.008, 0.00
26.000, 25.993, 1.86
26.000, 25.987, 1.49
26.000, 25.985, 1.48
26.000, 25.992, 0.12
26.000, 26.003, 0.00
26.000, 26.005, 0.00
26.000, 25.976, 4.39
26.000, 25.987, 0.12
26.000, 25.989, 0.85
26.000, 25.987, 1.20
26.000, 25.990, 0.64
26.000, 25.996, 0.00
26.000, 25.986, 2.04
26.000, 25.983, 1.68
26.000, 25.971, 3.51
26.000, 25.987, 0.00
26.000, 25.978, 2.76
26.000, 25.990, 0.00
26.000, 25.981, 2.57
26.000, 25.976, 2.45
26.000, 25.979, 1.66
26.000, 25.979, 1.91
26.000, 25.971, 3.30
26.000, 25.982, 0.80
26.000, 25.989, 0.61
26.000, 25.996, 0.07
26.000, 25.993, 1.11
26.000, 25.998, 0.00
26.000, 25.994, 1.13
26.000, 25.985, 2.37
26.000, 25.990, 0.66
26.000, 25.990, 1.13
26.000, 25.986, 1.82
26.000, 25.979, 2.62
26.000, 25.987, 0.69
26.000, 25.982, 2.31
26.000, 25.976, 2.77
26.000, 25.992, 0.00
26.000, 25.982, 2.71
26.000, 25.970, 3.95
26.000, 25.981, 1.10
26.000, 25.975, 2.97
26.000, 25.972, 2.97
26.000, 25.987, 0.26
26.000, 25.981, 2.70
26.000, 25.985, 1.44
26.000, 25.979, 2.72
26.000, 25.975, 2.95
26.000, 25.974, 2.85
26.000, 25.978, 2.07
26.000, 25.978, 2.44
26.000, 25.979, 2.23
26.000, 25.990, 0.55
26.000, 25.989, 1.72
26.000, 25.978, 3.43
26.000, 25.976, 2.74
26.000, 25.978, 2.42
26.000, 25.971, 3.69
26.000, 25.993, 0.00
26.000, 25.981, 3.42
26.000, 25.971, 3.98
26.000, 25.992, 0.00
26.000, 25.992, 1.53
26.000, 25.970, 5.18
26.000, 25.975, 2.42
26.000, 25.979, 2.23
26.000, 25.981, 2.37
26.000, 25.978, 2.96
26.000, 25.985, 1.60
26.000, 25.979, 3.11
26.000, 25.986, 1.52
26.000, 25.989, 1.67
26.000, 25.981, 3.28
26.000, 25.990, 1.00
26.000, 25.986, 2.51
26.000, 25.976, 3.76
26.000, 25.990, 0.68
26.000, 25.992, 1.64
26.000, 25.979, 3.81
26.000, 25.989, 1.18
26.000, 25.985, 2.69
26.000, 25.986, 2.13
26.000, 25.979, 3.39
26.000, 25.993, 0.55
26.000, 25.970, 5.60
26.000, 25.979, 2.04
26.000, 25.979, 2.88
26.000, 25.981, 2.67
26.000, 25.981, 2.80
26.000, 25.968, 4.87
26.000, 25.982, 1.56
26.000, 25.976, 3.66
26.000, 25.990, 0.93
26.000, 25.987, 2.57
26.000, 25.979, 3.71
26.000, 25.981, 2.80
26.000, 25.981, 2.93
26.000, 25.986, 2.04
26.000, 25.985, 2.75
26.000, 25.981, 3.33
26.000, 25.976, 3.67
26.000, 25.989, 1.29
26.000, 25.992, 1.90
26.000, 25.996, 1.46
26.000, 25.978, 4.78
26.000, 25.997, 0.08
26.000, 25.987, 3.32
26.000, 25.982, 3.42
26.000, 25.968, 5.25
26.000, 25.985, 1.37
26.000, 25.979, 3.70
26.000, 25.975, 3.93
26.000, 25.978, 3.15
26.000, 25.961, 6.13
26.000, 25.989, 0.20
26.000, 25.990, 2.33
26.000, 25.983, 3.59
26.000, 25.983, 3.02
26.000, 25.979, 3.72
26.000, 25.978, 3.61
26.000, 26.003, 0.00
26.000, 25.982, 4.94
26.000, 25.976, 4.11
26.000, 25.993, 0.93
26.000, 25.987, 3.25
26.000, 25.997, 1.20
26.000, 26.001, 1.34
26.000, 25.982, 4.88
26.000, 25.994, 1.20
26.000, 25.998, 1.58
26.000, 25.975, 5.80
26.000, 25.997, 0.19
26.000, 25.989, 3.43
26.000, 25.996, 1.60
26.000, 25.978, 5.15
26.000, 25.978, 3.64
26.000, 25.983, 2.75
26.000, 25.986, 2.78
26.000, 25.976, 4.62
26.000, 25.971, 4.73
26.000, 25.992, 0.87
26.000, 25.993, 2.41
26.000, 25.975, 5.49
26.000, 25.976, 3.76
26.000, 25.992, 1.39
26.000, 25.979, 4.74
26.000, 25.976, 4.16
26.000, 25.982, 3.03
26.000, 25.981, 3.74
26.000, 25.983, 3.19
26.000, 25.987, 2.75
26.000, 25.992, 2.43
26.000, 25.986, 3.70
26.000, 25.983, 3.70
26.000, 25.975, 4.85
26.000, 25.986, 2.34
26.000, 25.985, 3.52
26.000, 26.001, 0.68
26.000, 26.007, 1.18
26.000, 25.987, 4.83
26.000, 25.990, 2.74
26.000, 25.992, 2.76
26.000, 25.978, 5.16
26.000, 25.994, 1.28
26.000, 25.996, 2.46
26.000, 25.981, 5.08
26.000, 25.975, 4.72
26.000, 25.985, 2.68
26.000, 25.981, 4.20
26.000, 25.985, 3.18
26.000, 25.983, 3.77
26.000, 25.989, 2.76
26.000, 25.998, 1.64
26.000, 25.992, 3.60
26.000, 25.994, 2.57
26.000, 25.994, 2.81
26.000, 25.989, 3.72
26.000, 25.975, 5.54
26.000, 25.997, 0.75
26.000, 25.989, 3.99
26.000, 25.993, 2.61
26.000, 25.985, 4.34
26.000, 25.975, 5.24
26.000, 25.981, 3.53
26.000, 25.979, 4.25
26.000, 25.974, 5.06
26.000, 25.978, 3.93
26.000, 25.979, 4.07
26.000, 25.981, 3.98
26.000, 25.976, 4.80
26.000, 25.998, 0.82
26.000, 25.996, 3.15
26.000, 25.996, 2.92
26.000, 25.994, 3.15
26.000, 25.990, 3.72
26.000, 26.001, 1.56
26.000, 25.994, 3.63
26.000, 25.992, 3.51
26.000, 25.998, 2.14
26.000, 25.994, 3.41
26.000, 25.994, 3.07
26.000, 25.982, 5.12
26.000, 25.994, 2.03
26.000, 25.983, 4.91
26.000, 25.986, 3.53
26.000, 25.986, 3.78
26.000, 25.997, 1.97
26.000, 25.990, 4.05
26.000, 25.985, 4.38
26.000, 25.983, 4.15
26.000, 25.982, 4.28
26.000, 25.996, 1.90
26.000, 25.990, 3.99
26.000, 25.993, 3.07
26.000, 25.993, 3.31
26.000, 25.978, 5.82
26.000, 25.993, 2.05
26.000, 25.979, 5.62
26.000, 25.974, 5.38
26.000, 25.987, 2.65
26.000, 25.990, 3.38
26.000, 25.989, 3.85
26.000, 25.986, 4.20
26.000, 25.998, 1.93
26.000, 25.997, 3.21
26.000, 26.001, 2.41
26.000, 25.998, 3.22
26.000, 25.996, 3.44
26.000, 25.998, 2.75
26.000, 25.989, 4.58
26.000, 25.982, 4.91
26.000, 26.005, 0.47
26.000, 25.998, 3.60
26.000, 25.983, 5.52
26.000, 26.000, 1.51
26.000, 25.990, 4.51
26.000, 25.983, 4.84
26.000, 25.992, 2.90
26.000, 25.993, 3.38
26.000, 25.982, 5.33
26.000, 25.998, 1.67
26.000, 25.993, 3.99
26.000, 25.985, 4.89
26.000, 26.005, 0.79
26.000, 25.979, 6.87
26.000, 25.975, 5.34
26.000, 25.978, 4.56
26.000, 25.978, 4.81
26.000, 25.986, 3.46
26.000, 25.978, 5.54
26.000, 25.992, 2.58
26.000, 25.993, 3.53
26.000, 25.993, 3.66
26.000, 25.990, 4.12
26.000, 25.993, 3.44
26.000, 25.993, 3.68
26.000, 25.989, 4.37
26.000, 25.997, 2.66
26.000, 26.004, 2.23
26.000, 25.992, 4.86
26.000, 26.005, 1.53
26.000, 26.001, 3.38
26.000, 26.004, 2.57
26.000, 25.990, 5.08
26.000, 25.993, 3.46
26.000, 25.993, 3.70
26.000, 25.997, 3.03
26.000, 25.990, 4.52
26.000, 25.994, 3.26
26.000, 25.983, 5.44
26.000, 25.990, 3.38
26.000, 25.978, 6.02
26.000, 26.000, 1.34
26.000, 25.976, 7.09
26.000, 26.007, 0.10
26.000, 25.998, 4.04
26.000, 26.001, 2.89
26.000, 25.993, 4.49
26.000, 25.990, 4.24
26.000, 25.987, 4.47
26.000, 25.982, 5.16
26.000, 25.990, 3.34
26.000, 25.989, 4.28
26.000, 25.993, 3.49
26.000, 26.000, 2.71
26.000, 25.987, 5.34
26.000, 26.000, 2.25
26.000, 25.997, 3.76
26.000, 26.009, 1.48
26.000, 25.998, 4.35
26.000, 25.989, 5.01
26.000, 26.000, 2.37
26.000, 26.003, 2.86
26.000, 26.003, 3.09
26.000, 25.987, 5.59
26.000, 25.985, 4.77
26.000, 25.982, 5.00
26.000, 25.985, 4.33
26.000, 25.996, 2.75
26.000, 25.989, 4.83
26.000, 25.981, 5.62
26.000, 25.996, 2.43
26.000, 26.011, 1.22
26.000, 25.985, 6.83
26.000, 25.998, 2.34
26.000, 26.000, 3.28
26.000, 25.994, 4.31
26.000, 26.001, 2.71
26.000, 26.004, 2.84
26.000, 25.992, 5.12
26.000, 25.994, 3.61
26.000, 25.992, 4.31
26.000, 26.001, 2.49
26.000, 25.989, 5.36
26.000, 25.994, 3.40
26.000, 25.987, 5.01
26.000, 25.994, 3.30
26.000, 25.986, 5.26
26.000, 25.989, 4.11
26.000, 25.998, 2.76
26.000, 25.994, 4.26
26.000, 25.993, 4.14
26.000, 26.005, 1.98
26.000, 25.992, 5.31
26.000, 26.000, 2.78
26.000, 25.989, 5.31
26.000, 25.992, 3.92
26.000, 26.000, 2.80
26.000, 25.989, 5.32
26.000, 25.998, 2.80
26.000, 26.000, 3.39
26.000, 25.998, 3.74
26.000, 25.983, 6.13
26.000, 26.001, 1.89
26.000, 26.001, 3.42
26.000, 25.989, 5.46
26.000, 26.001, 2.37
26.000, 26.005, 2.74
26.000, 25.983, 6.73
26.000, 25.996, 2.82
26.000, 25.992, 4.56
26.000, 25.986, 5.13
26.000, 25.990, 3.99
26.000, 25.994, 3.67
26.000, 25.998, 3.34
26.000, 25.983, 6.20
26.000, 25.993, 3.33
26.000, 25.986, 5.29
26.000, 25.990, 4.04
26.000, 25.996, 3.48
26.000, 25.982, 6.23
26.000, 25.989, 3.94
26.000, 26.008, 1.35
26.000, 25.981, 7.53
26.000, 26.005, 1.11
26.000, 25.996, 4.81
26.000, 26.004, 2.62
26.000, 26.011, 2.19
26.000, 25.986, 6.86
26.000, 25.996, 3.17
26.000, 25.992, 4.68
26.000, 26.014, 0.69
26.000, 25.987, 6.88
26.000, 26.000, 2.61
26.000, 26.000, 3.67
26.000, 26.009, 2.07
26.000, 25.996, 5.16
26.000, 25.994, 4.22
26.000, 26.003, 2.75
26.000, 25.989, 5.72
26.000, 25.987, 4.79
26.000, 25.990, 4.23
26.000, 25.996, 3.56
26.000, 25.992, 4.71
26.000, 25.992, 4.37
26.000, 25.986, 5.29
26.000, 25.989, 4.38
26.000, 25.997, 3.25
26.000, 25.990, 5.10
26.000, 25.992, 4.29
26.000, 25.986, 5.33
26.000, 26.011, 0.77
26.000, 26.001, 4.47
26.000, 26.007, 2.73
26.000, 26.001, 4.11
26.000, 25.996, 4.55
26.000, 26.003, 2.95
26.000, 25.998, 4.21
26.000, 25.997, 4.09
26.000, 25.993, 4.66
26.000, 25.989, 5.00
26.000, 25.986, 5.11
26.000, 25.994, 3.52
26.000, 25.997, 3.77
26.000, 26.003, 3.10
26.000, 25.989, 5.84
26.000, 25.990, 4.45
26.000, 25.992, 4.35
26.000, 26.003, 2.65
26.000, 25.990, 5.64
26.000, 25.997, 3.45
26.000, 25.997, 4.04
26.000, 26.000, 3.59
26.000, 26.001, 3.60
26.000, 26.009, 2.35
26.000, 26.003, 4.18
26.000, 25.998, 4.27
26.000, 26.014, 1.42
26.000, 25.994, 5.88
26.000, 25.994, 4.25
26.000, 25.997, 3.80
26.000, 26.004, 2.90
26.000, 26.020, 0.75
26.000, 25.983, 8.28
26.000, 26.001, 2.17
26.000, 25.989, 5.75
26.000, 25.987, 4.93
26.000, 25.997, 3.23
26.000, 26.003, 3.14
26.000, 26.005, 3.15
26.000, 26.005, 3.38
26.000, 25.992, 5.65
26.000, 25.983, 5.86
26.000, 25.994, 3.34
26.000, 25.985, 5.88
26.000, 25.989, 4.39
26.000, 25.998, 3.16
26.000, 25.987, 5.80
26.000, 25.979, 6.24
26.000, 25.990, 3.73
26.000, 25.997, 3.54
26.000, 25.994, 4.58
26.000, 25.983, 6.18
26.000, 26.005, 1.61
26.000, 26.000, 4.39
26.000, 25.998, 4.15
26.000, 25.997, 4.26
26.000, 26.008, 2.33
26.000, 25.998, 4.85
26.000, 26.001, 3.58
26.000, 25.992, 5.40
26.000, 25.996, 3.91
26.000, 26.000, 3.58
26.000, 26.004, 3.25
26.000, 25.998, 4.51
26.000, 25.998, 4.04
26.000, 25.996, 4.50
26.000, 25.990, 5.18
26.000, 26.003, 2.67
26.000, 26.011, 2.35
26.000, 25.994, 5.78
26.000, 26.011, 1.65
26.000, 26.005, 3.95
26.000, 25.994, 5.30
26.000, 25.989, 5.28
26.000, 25.994, 3.91
26.000, 26.008, 2.11
26.000, 26.000, 4.64
26.000, 25.993, 5.07
26.000, 26.000, 3.36
26.000, 25.992, 5.31
26.000, 25.992, 4.61
26.000, 25.987, 5.30
26.000, 26.004, 2.23
26.000, 25.989, 6.14
26.000, 25.986, 5.31
26.000, 26.008, 1.45
26.000, 26.005, 3.77
26.000, 26.007, 3.30
26.000, 26.007, 3.42
26.000, 25.997, 5.00
26.000, 25.997, 4.19
26.000, 25.996, 4.42
26.000, 26.000, 3.62
26.000, 25.985, 6.48
26.000, 25.990, 4.29
26.000, 25.993, 4.31
26.000, 25.997, 3.87
26.000, 25.990, 5.36
26.000, 26.018, 0.23
