resistance,temp_c
10000.405,26.004
10000.405,25.996
10000.405,25.99
10000.405,26.022
10000.405,26.0
10000.405,26.004
10000.405,25.992
10000.405,26.003
10000.405,26.003
10000.405,25.998
10000.405,26.003
10000.405,25.996
10000.405,25.998
10000.407,25.998
10000.407,26.001
10000.407,26.009
10000.407,26.008
10000.407,25.998
10000.407,25.998
10000.407,25.998
10000.407,26.005
10000.407,26.0
10000.407,26.001
10000.407,26.015
10000.407,26.008
10000.407,26.005
10000.406,26.008
10000.406,26.009
10000.406,26.004
10000.406,25.993
10000.406,25.989
10000.406,26.011
10000.406,26.018
10000.406,26.011
10000.406,26.001
10000.406,26.018
10000.406,26.003
10000.406,26.001
10000.406,25.998
10000.406,26.011
10000.408,26.014
10000.408,26.016
10000.408,26.007
10000.408,26.005
10000.408,25.993
10000.408,25.998
10000.408,25.997
10000.408,26.007
10000.408,26.0
10000.408,26.004
10000.408,26.007
10000.408,26.003
10000.408,25.993
10000.407,26.011
10000.407,26.015
10000.407,26.008
10000.407,26.02
10000.407,26.014
10000.407,26.008
10000.407,26.003
10000.407,25.994
10000.407,26.001
10000.407,26.011
10000.407,26.008
10000.407,26.005
10000.407,25.996
10000.407,26.001
10000.407,26.004
10000.407,25.997
10000.407,25.997
10000.407,26.004
10000.407,26.008
10000.407,26.001
10000.407,25.997
10000.407,26.003
10000.407,26.012
10000.407,26.003
10000.407,26.001
10000.407,26.005
10000.407,26.02
10000.406,26.0
10000.406,26.001
10000.406,26.007
10000.406,25.996
10000.406,26.004
10000.406,26.003
10000.406,25.997
10000.406,26.004
10000.406,26.001
10000.406,26.004
10000.406,26.003
10000.406,26.008
10000.406,25.996
10000.407,26.001
10000.407,26.008
10000.407,26.0
10000.407,25.998
10000.407,25.992
10000.407,26.001
10000.407,26.0
10000.407,25.998
10000.407,25.994
10000.407,25.993
10000.407,26.005
10000.407,26.009
10000.407,26.005
10000.407,26.019
10000.406,26.0
10000.406,26.012
10000.406,26.011
10000.406,25.997
10000.406,26.015
10000.406,26.018
10000.406,25.994
10000.406,26.003
10000.406,25.996
10000.406,25.993
10000.406,25.994
10000.406,26.001
10000.406,25.993
10000.407,25.994
10000.407,26.003
10000.407,26.001
10000.407,26.0
10000.407,26.0
10000.407,26.003
10000.407,26.011
10000.407,26.014
10000.407,26.019
10000.407,26.012
10000.407,26.003
10000.407,25.99
10000.407,26.009
10000.407,26.012
10000.406,25.99
10000.406,26.019
10000.406,25.996
10000.406,26.005
10000.406,26.012
10000.406,26.008
10000.406,25.993
10000.406,26.004
10000.406,25.987
10000.406,25.998
10000.406,26.007
10000.406,25.994
10000.406,25.992
10000.407,26.0
10000.407,25.998
10000.407,26.003
10000.407,26.001
10000.407,26.014
10000.407,26.003
10000.407,26.0
10000.407,26.015
10000.407,26.005
10000.407,26.003
10000.407,26.005
10000.407,25.993
10000.407,26.005
10000.407,25.993
10000.406,26.005
10000.406,26.0
10000.406,25.994
10000.406,26.014
10000.406,26.003
10000.406,26.004
10000.406,26.009
10000.406,25.997
10000.406,26.018
10000.406,25.992
10000.406,26.003
10000.406,25.996
10000.406,25.998
10000.407,26.001
10000.407,26.003
10000.407,26.0
10000.407,26.005
10000.407,25.99
10000.407,26.001
10000.407,25.993
10000.407,26.009
10000.407,25.99
10000.407,26.003
10000.407,26.007
10000.407,25.997
10000.407,26.0
10000.407,26.022
10000.407,26.0
10000.407,26.001
10000.407,26.003
10000.407,26.007
10000.407,26.008
10000.407,25.985
10000.407,25.998
10000.407,26.0
10000.407,25.99
10000.407,26.007
10000.407,25.989
10000.407,25.979
10000.407,25.992
10000.407,25.994
10000.407,25.994
10000.407,26.011
10000.407,26.0
10000.407,26.004
10000.407,26.009
10000.407,26.011
10000.407,26.005
10000.407,26.015
10000.407,26.012
10000.407,26.012
10000.407,25.998
10000.407,26.005
10000.407,26.004
10000.407,26.003
10000.407,25.989
10000.407,26.004
10000.407,25.993
10000.407,25.994
10000.407,25.987
10000.407,25.994
10000.407,26.007
10000.407,26.007
10000.407,25.998
10000.407,25.997
10000.407,26.001
10000.407,26.009
10000.408,26.007
10000.408,25.989
10000.408,26.0
10000.408,26.007
10000.408,26.005
10000.408,26.0
10000.408,26.0
10000.408,26.009
10000.408,26.009
10000.408,26.018
10000.408,26.015
10000.408,26.003
10000.408,25.996
10000.408,26.004
10000.408,25.998
10000.408,25.994
10000.408,25.986
10000.408,25.994
10000.408,25.994
10000.408,25.985
10000.408,25.998
10000.408,25.994
10000.408,26.007
10000.408,26.001
10000.408,26.003
10000.408,26.012
10000.405,26.012
10000.405,26.007
10000.405,26.005
10000.405,25.987
10000.405,25.997
10000.405,25.993
10000.405,26.003
10000.405,26.0
10000.405,26.0
10000.405,26.005
10000.405,26.011
10000.405,26.007
10000.405,26.012
10000.405,26.003
10000.406,26.016
10000.406,25.993
10000.406,25.996
10000.406,25.997
10000.406,25.989
10000.406,25.996
10000.406,26.007
10000.406,26.007
10000.406,26.001
10000.406,26.004
10000.406,26.0
10000.406,26.004
10000.406,25.989
10000.406,25.993
10000.406,25.998
10000.406,26.004
10000.406,25.997
10000.406,26.001
10000.406,26.005
10000.406,25.993
10000.406,25.997
10000.406,26.019
10000.406,25.994
10000.406,26.011
10000.406,26.003
10000.406,26.005
10000.406,25.998
10000.407,25.996
10000.407,26.007
10000.407,25.998
10000.407,26.007
10000.407,25.997
10000.407,26.009
10000.407,26.009
10000.407,26.011
10000.407,26.007
10000.407,26.003
10000.407,25.994
10000.407,26.007
10000.407,26.001
10000.405,26.001
10000.405,26.005
10000.405,25.997
10000.405,25.994
10000.405,26.001
10000.405,25.996
10000.405,26.003
10000.405,25.998
10000.405,26.007
10000.405,25.99
10000.405,25.994
10000.405,26.0
10000.405,25.987
10000.405,26.003
10000.408,25.987
10000.408,25.996
10000.408,25.989
10000.408,26.014
10000.408,26.016
10000.408,26.004
10000.408,25.998
10000.408,26.003
10000.408,25.989
10000.408,26.007
10000.408,25.996
10000.408,26.003
10000.408,25.997
10000.407,26.0
10000.407,25.997
10000.407,26.003
10000.407,25.994
10000.407,25.989
10000.407,26.003
10000.407,26.005
10000.407,26.004
10000.407,25.994
10000.407,25.998
10000.407,26.014
10000.407,26.007
10000.407,26.012
10000.409,26.001
10000.409,25.996
10000.409,26.008
10000.409,25.997
10000.409,25.985
10000.409,25.997
10000.409,25.99
10000.409,26.016
10000.409,26.014
10000.409,26.005
10000.409,26.003
10000.409,26.012
10000.409,26.0
10000.409,26.0
10000.406,25.986
10000.406,26.044
10000.406,26.077
10000.406,26.153
10000.406,26.237
10000.406,26.347
10000.406,26.438
10000.406,26.557
10000.406,26.652
10000.406,26.771
10000.406,26.858
10000.406,26.95
10000.406,27.025
10000.402,27.09
10000.402,27.155
10000.402,27.173
10000.402,27.215
10000.402,27.211
10000.402,27.222
10000.402,27.223
10000.402,27.202
10000.402,27.194
10000.402,27.172
10000.402,27.158
10000.402,27.137
10000.402,27.116
10000.402,27.1
10000.403,27.063
10000.403,27.041
10000.403,27.011
10000.403,26.994
10000.403,26.973
10000.403,26.962
10000.403,26.93
10000.403,26.916
10000.403,26.915
10000.403,26.916
10000.403,26.912
10000.403,26.908
10000.403,26.912
10000.412,26.915
10000.412,26.918
10000.412,26.923
10000.412,26.94
10000.412,26.952
10000.412,26.958
10000.412,26.965
10000.412,26.984
10000.412,26.99
10000.412,26.995
10000.412,26.998
10000.412,27.013
10000.412,27.015
10000.413,27.015
10000.413,27.012
10000.413,27.011
10000.413,27.008
10000.413,27.015
10000.413,27.018
10000.413,27.02
10000.413,26.997
10000.413,27.013
10000.413,27.0
10000.413,26.998
10000.413,26.998
10000.413,26.99
10000.413,27.002
10000.414,26.994
10000.414,26.995
10000.414,26.993
10000.414,26.993
10000.414,26.993
10000.414,26.991
10000.414,27.001
10000.414,26.995
10000.414,27.004
10000.414,27.0
10000.414,27.007
10000.414,27.015
10000.414,27.007
10000.416,27.013
10000.416,27.013
10000.416,27.002
10000.416,27.002
10000.416,26.995
10000.416,27.016
10000.416,26.997
10000.416,27.0
10000.416,27.007
10000.416,27.011
10000.416,27.015
10000.416,27.018
10000.416,27.012
10000.416,27.008
10000.417,27.018
10000.417,27.009
10000.417,27.0
10000.417,27.029
10000.417,27.008
10000.417,27.0
10000.417,27.007
10000.417,27.016
10000.417,27.016
10000.417,27.022
10000.417,27.009
10000.417,27.012
10000.417,27.009
10000.416,27.011
10000.416,27.009
10000.416,27.009
10000.416,27.011
10000.416,27.008
10000.416,27.009
10000.416,27.016
10000.416,27.005
10000.416,27.025
10000.416,27.008
10000.416,27.019
10000.416,27.012
10000.416,27.015
10000.416,27.009
10000.418,27.015
10000.418,27.02
10000.418,27.022
10000.418,27.027
10000.418,27.025
10000.418,27.018
10000.418,27.012
10000.418,27.019
10000.418,27.011
10000.418,27.015
10000.418,27.015
10000.418,27.025
10000.418,27.013
10000.418,27.018
10000.418,27.012
10000.418,27.012
10000.418,27.015
10000.418,27.025
10000.418,27.007
10000.418,27.022
10000.418,27.032
10000.418,27.026
10000.418,27.041
10000.418,27.016
10000.418,27.025
10000.418,27.013
10000.418,27.02
10000.418,27.015
10000.418,27.009
10000.418,27.02
10000.418,27.019
10000.418,27.034
10000.418,27.019
10000.418,27.023
10000.418,27.033
10000.418,27.011
10000.418,27.022
10000.418,27.008
10000.418,27.025
10000.418,27.02
10000.42,27.03
10000.42,27.019
10000.42,27.007
10000.42,27.019
10000.42,27.011
10000.42,27.009
10000.42,27.013
10000.42,27.0
10000.42,27.025
10000.42,27.02
10000.42,27.034
10000.42,27.023
10000.42,27.016
10000.418,27.008
10000.418,27.023
10000.418,27.02
10000.418,27.025
10000.418,27.029
10000.418,27.023
10000.418,27.029
10000.418,27.032
10000.418,27.018
10000.418,27.03
10000.418,27.015
10000.418,27.016
10000.418,27.013
10000.418,27.009
10000.418,27.013
10000.418,27.008
10000.418,27.015
10000.418,27.012
10000.418,27.02
10000.418,27.032
10000.418,27.015
10000.418,27.019
10000.418,27.012
10000.418,27.008
10000.418,27.022
10000.418,27.018
10000.418,27.011
10000.42,27.02
10000.42,27.03
10000.42,27.013
10000.42,27.012
10000.42,27.018
10000.42,27.005
10000.42,27.009
10000.42,27.02
10000.42,27.016
10000.42,27.015
10000.42,27.012
10000.42,27.018
10000.42,27.033
10000.419,27.027
10000.419,27.02
10000.419,27.032
10000.419,27.026
10000.419,27.023
10000.419,27.018
10000.419,27.022
10000.419,27.027
10000.419,27.03
10000.419,27.018
10000.419,27.025
10000.419,27.009
10000.419,27.018
10000.419,27.019
10000.421,27.023
10000.421,27.02
10000.421,27.023
10000.421,27.016
10000.421,27.032
10000.421,27.02
10000.421,27.007
10000.421,27.013
10000.421,27.025
10000.421,27.016
10000.421,27.009
10000.421,27.012
10000.421,27.007
10000.42,27.012
10000.42,27.009
10000.42,27.018
10000.42,27.002
10000.42,27.02
10000.42,27.013
10000.42,27.009
10000.42,27.022
10000.42,27.012
10000.42,27.012
10000.42,27.015
10000.42,27.041
10000.42,27.018
10000.42,27.019
10000.421,27.023
10000.421,27.007
10000.421,27.025
10000.421,27.012
10000.421,27.013
10000.421,27.005
10000.421,27.019
10000.421,27.015
10000.421,27.032
10000.421,27.022
10000.421,27.026
10000.421,27.013
10000.421,27.018
10000.42,27.005
10000.42,27.018
10000.42,27.012
10000.42,27.018
10000.42,27.008
10000.42,27.012
10000.42,27.011
10000.42,27.007
10000.42,27.002
10000.42,27.008
10000.42,27.002
10000.42,27.015
10000.42,27.023
10000.419,27.004
10000.419,27.005
10000.419,27.033
10000.419,27.029
10000.419,27.013
10000.419,27.023
10000.419,27.018
10000.419,27.016
10000.419,27.025
10000.419,27.015
10000.419,27.011
10000.419,27.019
10000.419,27.02
10000.419,27.011
10000.419,27.022
10000.419,27.005
10000.419,27.019
10000.419,27.009
10000.419,27.015
10000.419,27.009
10000.419,27.02
10000.419,27.012
10000.419,27.018
10000.419,27.011
10000.419,27.004
10000.419,27.015
10000.419,27.002
10000.42,27.011
10000.42,27.016
10000.42,27.012
10000.42,27.012
10000.42,27.016
10000.42,27.018
10000.42,27.019
10000.42,27.011
10000.42,27.023
10000.42,27.013
10000.42,27.011
10000.42,27.012
10000.42,27.009
10000.42,27.008
10000.42,27.005
10000.42,27.002
10000.42,27.009
10000.42,27.011
10000.42,27.004
10000.42,27.008
10000.42,27.02
10000.42,27.008
10000.42,27.002
10000.42,27.008
10000.42,27.027
10000.42,27.008
10000.42,27.015
10000.42,27.012
10000.42,27.027
10000.42,27.001
10000.42,27.009
10000.42,27.005
10000.42,27.002
10000.42,27.02
10000.42,27.019
10000.42,27.016
10000.42,27.015
10000.42,27.0
10000.42,27.018
10000.42,27.002
10000.42,27.009
10000.42,27.005
10000.42,27.016
10000.42,27.011
10000.42,27.009
10000.42,27.012
10000.42,27.018
10000.42,27.0
10000.42,27.016
10000.42,27.015
10000.42,27.013
10000.42,27.011
10000.42,27.018
10000.42,27.055
10000.421,27.095
10000.421,27.162
10000.421,27.254
10000.421,27.334
10000.421,27.462
10000.421,27.561
10000.421,27.657
10000.421,27.768
10000.421,27.861
10000.421,27.938
10000.421,28.004
10000.421,28.081
10000.421,28.117
10000.413,28.183
10000.413,28.173
10000.413,28.209
10000.413,28.228
10000.413,28.202
10000.413,28.192
10000.413,28.18
10000.413,28.169
10000.413,28.152
10000.413,28.124
10000.413,28.108
10000.413,28.078
10000.413,28.04
10000.413,28.01
10000.417,28.0
10000.417,27.972
10000.417,27.959
10000.417,27.949
10000.417,27.931
10000.417,27.928
10000.417,27.93
10000.417,27.921
10000.417,27.917
10000.417,27.928
10000.417,27.938
10000.417,27.935
10000.417,27.947
10000.425,27.954
10000.425,27.969
10000.425,27.973
10000.425,27.961
10000.425,27.976
10000.425,27.991
10000.425,27.997
10000.425,28.01
10000.425,28.01
10000.425,28.017
10000.425,28.015
10000.425,28.005
10000.425,28.021
10000.425,28.019
10000.424,28.025
10000.424,28.015
10000.424,28.024
10000.424,28.029
10000.424,28.011
10000.424,28.007
10000.424,28.005
10000.424,28.01
10000.424,28.005
10000.424,27.987
10000.424,28.0
10000.424,27.996
10000.424,28.019
10000.429,27.996
10000.429,28.001
10000.429,28.003
10000.429,28.004
10000.429,28.003
10000.429,28.01
10000.429,28.014
10000.429,28.012
10000.429,28.001
10000.429,28.003
10000.429,28.017
10000.429,28.004
10000.429,28.021
10000.429,28.021
10000.429,28.014
10000.429,28.018
10000.429,28.012
10000.429,28.01
10000.429,28.015
10000.429,28.007
10000.429,28.021
10000.429,28.017
10000.429,28.017
10000.429,28.017
10000.429,28.007
10000.429,28.014
10000.429,28.008
10000.431,28.017
10000.431,28.029
10000.431,28.029
10000.431,28.028
10000.431,28.021
10000.431,28.017
10000.431,28.035
10000.431,28.015
10000.431,28.015
10000.431,28.032
10000.431,28.019
10000.431,28.022
10000.431,28.014
10000.428,28.0
10000.428,28.017
10000.428,28.014
10000.428,28.015
10000.428,28.012
10000.428,28.033
10000.428,28.029
10000.428,28.032
10000.428,28.033
10000.428,28.022
10000.428,28.026
10000.428,28.019
10000.428,28.024
10000.428,28.022
10000.432,28.018
10000.432,28.015
10000.432,28.017
10000.432,28.018
10000.432,28.022
10000.432,28.029
10000.432,28.024
10000.432,28.015
10000.432,28.017
10000.432,28.024
10000.432,28.025
10000.432,28.032
10000.432,28.015
10000.433,28.031
10000.433,28.031
10000.433,28.021
10000.433,28.032
10000.433,28.008
10000.433,28.025
10000.433,28.025
10000.433,28.029
10000.433,28.033
10000.433,28.019
10000.433,28.029
10000.433,28.014
10000.433,28.025
10000.433,28.021
10000.433,28.012
10000.433,28.025
10000.433,28.022
10000.433,28.014
10000.433,28.032
10000.433,28.032
10000.433,28.031
10000.433,28.031
10000.433,28.036
10000.433,28.032
10000.433,28.022
10000.433,28.015
10000.433,28.032
10000.432,28.024
10000.432,28.028
10000.432,28.025
10000.432,28.038
10000.432,28.022
10000.432,28.021
10000.432,28.036
10000.432,28.024
10000.432,28.011
10000.432,28.004
10000.432,28.029
10000.432,28.032
10000.432,28.021
10000.432,28.018
10000.432,28.011
10000.432,28.026
10000.432,28.026
10000.432,28.049
10000.432,28.017
10000.432,28.032
10000.432,28.026
10000.432,28.035
10000.432,28.029
10000.432,28.035
10000.432,28.014
10000.432,28.018
10000.432,28.038
10000.43,28.028
10000.43,28.029
10000.43,28.029
10000.43,28.035
10000.43,28.024
10000.43,28.018
10000.43,28.035
10000.43,28.017
10000.43,28.028
10000.43,28.005
10000.43,28.017
10000.43,28.018
10000.43,28.019
10000.433,28.032
10000.433,28.019
10000.433,28.017
10000.433,28.029
10000.433,28.026
10000.433,28.029
10000.433,28.035
10000.433,28.011
10000.433,28.021
10000.433,28.024
10000.433,28.017
10000.433,28.005
10000.433,28.029
10000.433,28.024
10000.434,28.031
10000.434,28.033
10000.434,28.022
10000.434,28.007
10000.434,28.012
10000.434,28.029
10000.434,28.026
10000.434,28.018
10000.434,28.026
10000.434,28.024
10000.434,28.031
10000.434,28.007
10000.434,28.014
10000.432,28.021
10000.432,28.026
10000.432,28.022
10000.432,28.028
10000.432,28.036
10000.432,28.026
10000.432,28.01
10000.432,28.033
10000.432,28.022
10000.432,28.024
10000.432,28.025
10000.432,28.017
10000.432,28.018
10000.432,28.01
10000.432,28.024
10000.432,28.021
10000.432,28.015
10000.432,28.01
10000.432,28.008
10000.432,28.025
10000.432,28.021
10000.432,28.017
10000.432,28.01
10000.432,28.01
10000.432,28.033
10000.432,28.022
10000.432,28.035
10000.434,28.022
10000.434,28.018
10000.434,28.012
10000.434,28.017
10000.434,28.029
10000.434,28.026
10000.434,28.021
10000.434,28.014
10000.434,28.032
10000.434,28.035
10000.434,28.014
10000.434,28.019
10000.434,28.014
10000.432,28.007
10000.432,28.018
10000.432,28.021
10000.432,28.026
10000.432,28.008
10000.432,28.019
10000.432,28.026
10000.432,28.01
10000.432,28.019
10000.432,28.018
10000.432,28.017
10000.432,28.025
10000.432,28.017
10000.432,28.021
10000.433,28.007
10000.433,28.028
10000.433,28.035
10000.433,28.015
10000.433,28.018
10000.433,28.026
10000.433,28.007
10000.433,28.012
10000.433,28.021
10000.433,28.011
10000.433,28.019
10000.433,28.007
10000.433,28.011
10000.431,28.003
10000.431,28.004
10000.431,28.018
10000.431,28.004
10000.431,28.015
10000.431,28.011
10000.431,28.019
10000.431,28.015
10000.431,28.019
10000.431,28.019
10000.431,28.021
10000.431,28.019
10000.431,28.018
10000.431,28.024
10000.432,28.019
10000.432,28.021
10000.432,28.022
10000.432,28.021
10000.432,28.026
10000.432,28.015
10000.432,28.024
10000.432,28.018
10000.432,28.01
10000.432,28.004
10000.432,28.014
10000.432,28.004
10000.432,28.018
10000.433,28.014
10000.433,28.024
10000.433,28.003
10000.433,28.014
10000.433,28.007
10000.433,28.005
10000.433,28.01
10000.433,27.993
10000.433,28.012
10000.433,28.011
10000.433,28.007
10000.433,28.012
10000.433,28.008
10000.433,28.004
10000.433,28.012
10000.433,28.012
10000.433,28.021
10000.433,28.015
10000.433,28.015
10000.433,28.005
10000.433,28.008
10000.433,28.012
10000.433,28.018
10000.433,28.038
10000.433,28.014
10000.433,28.031
10000.433,28.017
10000.431,28.012
10000.431,28.01
10000.431,28.024
10000.431,28.007
10000.431,28.0
10000.431,28.008
10000.431,28.018
10000.431,28.014
10000.431,28.01
10000.431,28.008
10000.431,28.028
10000.431,28.101
10000.431,28.162
10000.428,28.245
10000.428,28.354
10000.428,28.453
10000.428,28.555
10000.428,28.647
10000.428,28.757
10000.428,28.85
10000.428,28.933
10000.428,29.017
10000.428,29.069
10000.428,29.109
10000.428,29.165
10000.428,29.171
10000.428,29.202
10000.428,29.192
10000.428,29.198
10000.428,29.202
10000.428,29.184
10000.428,29.172
10000.428,29.134
10000.428,29.121
10000.428,29.092
10000.428,29.068
10000.428,29.051
10000.428,29.022
10000.428,28.994
10000.428,28.979
10000.433,28.959
10000.433,28.942
10000.433,28.928
10000.433,28.928
10000.433,28.922
10000.433,28.926
10000.433,28.923
10000.433,28.943
10000.433,28.93
10000.433,28.923
10000.433,28.939
10000.433,28.964
10000.433,28.959
10000.433,28.973
10000.437,28.997
10000.437,28.986
10000.437,29.011
10000.437,29.01
10000.437,29.011
10000.437,29.02
10000.437,29.014
10000.437,29.039
10000.437,29.018
10000.437,29.02
10000.437,29.022
10000.437,29.011
10000.437,29.007
10000.439,29.001
10000.439,29.008
10000.439,29.005
10000.439,29.011
10000.439,29.004
10000.439,29.005
10000.439,29.004
10000.439,29.005
10000.439,29.012
10000.439,29.004
10000.439,29.022
10000.439,29.01
10000.439,29.008
10000.442,29.012
10000.442,29.004
10000.442,29.01
10000.442,29.014
10000.442,29.021
10000.442,29.015
10000.442,29.008
10000.442,29.018
10000.442,29.015
10000.442,29.011
10000.442,29.001
10000.442,29.015
10000.442,29.025
10000.442,29.015
10000.441,29.039
10000.441,29.02
10000.441,29.027
10000.441,29.005
10000.441,29.01
10000.441,29.012
10000.441,29.022
10000.441,29.012
10000.441,29.011
10000.441,29.029
10000.441,29.0
10000.441,29.02
10000.441,29.012
10000.442,29.011
10000.442,29.012
10000.442,29.005
10000.442,29.031
10000.442,29.018
10000.442,29.032
10000.442,29.017
10000.442,29.011
10000.442,29.029
10000.442,29.036
10000.442,29.011
10000.442,29.029
10000.442,29.025
10000.442,29.007
10000.443,29.027
10000.443,29.017
10000.443,29.004
10000.443,29.041
10000.443,29.015
10000.443,29.021
10000.443,29.028
10000.443,29.017
10000.443,29.031
10000.443,29.032
10000.443,29.028
10000.443,29.042
10000.443,29.015
10000.443,29.008
10000.443,29.007
10000.443,29.015
10000.443,29.01
10000.443,29.022
10000.443,29.012
10000.443,29.028
10000.443,29.015
10000.443,29.011
10000.443,29.017
10000.443,29.034
10000.443,29.029
10000.443,29.022
10000.444,29.035
10000.444,29.038
10000.444,29.042
10000.444,29.036
10000.444,29.021
10000.444,29.031
10000.444,29.022
10000.444,29.027
10000.444,29.021
10000.444,29.036
10000.444,29.025
10000.444,29.02
10000.444,29.02
10000.444,29.018
10000.443,29.025
10000.443,29.02
10000.443,29.027
10000.443,29.028
10000.443,29.024
10000.443,29.028
10000.443,29.034
10000.443,29.012
10000.443,29.028
10000.443,29.018
10000.443,29.032
10000.443,29.027
10000.443,29.028
10000.443,29.028
10000.443,29.028
10000.443,29.028
10000.443,29.029
10000.443,29.018
10000.443,29.025
10000.443,29.014
10000.443,29.022
10000.443,29.014
10000.443,29.029
10000.443,29.014
10000.443,29.029
10000.443,29.025
10000.443,29.018
10000.443,29.008
10000.443,29.044
10000.443,29.039
10000.443,29.022
10000.443,29.038
10000.443,29.039
10000.443,29.018
10000.443,29.02
10000.443,29.021
10000.443,29.022
10000.443,29.028
10000.443,29.018
10000.443,29.034
10000.446,29.029
10000.446,29.02
10000.446,29.025
10000.446,29.027
10000.446,29.02
10000.446,29.008
10000.446,29.027
10000.446,29.025
10000.446,29.025
10000.446,29.011
10000.446,29.017
10000.446,29.024
10000.446,29.02
10000.444,29.022
10000.444,29.027
10000.444,29.025
10000.444,29.014
10000.444,29.007
10000.444,29.039
10000.444,29.011
10000.444,29.02
10000.444,29.031
10000.444,29.015
10000.444,29.031
10000.444,29.021
10000.444,29.027
10000.444,29.032
10000.444,29.041
10000.444,29.022
10000.444,29.029
10000.444,29.018
10000.444,29.025
10000.444,29.02
10000.444,29.024
10000.444,29.022
10000.444,29.02
10000.444,29.025
10000.444,29.015
10000.444,29.027
10000.444,29.034
10000.445,29.027
10000.445,29.028
10000.445,29.025
10000.445,29.014
10000.445,29.029
10000.445,29.028
10000.445,29.034
10000.445,29.022
10000.445,29.027
10000.445,29.018
10000.445,29.015
10000.445,29.015
10000.445,29.02
10000.445,29.024
10000.444,29.021
10000.444,29.012
10000.444,29.015
10000.444,29.012
10000.444,29.031
10000.444,29.024
10000.444,29.011
10000.444,29.021
10000.444,29.032
10000.444,29.022
10000.444,29.024
10000.444,29.036
10000.444,29.015
10000.443,29.017
10000.443,29.008
10000.443,29.014
10000.443,29.017
10000.443,29.02
10000.443,29.017
10000.443,29.018
10000.443,29.02
10000.443,29.017
10000.443,29.01
10000.443,29.011
10000.443,29.015
10000.443,29.02
10000.443,29.015
10000.444,29.024
10000.444,29.02
10000.444,29.025
10000.444,29.02
10000.444,29.015
10000.444,29.025
10000.444,29.021
10000.444,29.014
10000.444,29.029
10000.444,29.035
10000.444,29.021
10000.444,29.012
10000.444,29.017
10000.444,29.02
10000.444,29.018
10000.444,29.027
10000.444,29.017
10000.444,29.015
10000.444,29.012
10000.444,29.01
10000.444,29.027
10000.444,29.004
10000.444,29.01
10000.444,29.011
10000.444,29.018
10000.444,29.007
10000.444,29.005
10000.444,29.014
10000.444,29.012
10000.444,29.015
10000.444,29.021
10000.444,29.014
10000.444,29.017
10000.444,29.025
10000.444,29.027
10000.444,29.017
10000.444,29.015
10000.444,29.008
10000.444,29.017
10000.444,29.021
10000.445,29.018
10000.445,29.018
10000.445,29.021
10000.445,29.014
10000.445,29.015
10000.445,29.029
10000.445,29.011
10000.445,29.018
10000.445,29.017
10000.445,29.01
10000.445,29.018
10000.445,29.02
10000.445,29.021
10000.444,29.027
10000.444,29.012
10000.444,29.015
10000.444,29.02
10000.444,29.008
10000.444,29.022
10000.444,28.998
10000.444,29.007
10000.444,29.02
10000.444,28.995
10000.444,29.011
10000.444,29.007
10000.444,29.017
10000.444,29.012
10000.443,29.007
10000.443,29.021
10000.443,29.018
10000.443,29.007
10000.443,29.012
10000.443,29.02
10000.443,29.027
10000.443,29.02
10000.443,29.007
10000.443,29.027
10000.443,29.001
10000.443,29.032
10000.443,29.011
10000.445,29.022
10000.445,29.01
10000.445,29.008
10000.445,29.015
10000.445,29.024
10000.445,29.014
10000.445,29.005
10000.445,29.028
10000.445,29.042
10000.445,29.077
10000.445,29.144
10000.445,29.237
10000.445,29.324
10000.444,29.412
10000.444,29.536
10000.444,29.637
10000.444,29.731
10000.444,29.82
10000.444,29.897
10000.444,29.977
10000.444,30.049
10000.444,30.095
10000.444,30.14
10000.444,30.176
10000.444,30.191
10000.444,30.195
10000.444,30.195
10000.437,30.193
10000.437,30.168
10000.437,30.176
10000.437,30.153
10000.437,30.123
10000.437,30.089
10000.437,30.059
10000.437,30.045
10000.437,30.016
10000.437,29.995
10000.437,29.976
10000.437,29.953
10000.437,29.927
10000.445,29.935
10000.445,29.919
10000.445,29.929
10000.445,29.925
10000.445,29.925
10000.445,29.925
10000.445,29.94
10000.445,29.945
10000.445,29.947
10000.445,29.933
10000.445,29.963
10000.445,29.973
10000.445,29.975
10000.445,29.976
10000.449,30.007
10000.449,30.015
10000.449,30.012
10000.449,30.016
10000.449,30.013
10000.449,30.009
10000.449,30.032
10000.449,30.019
10000.449,30.037
10000.449,30.025
10000.449,30.025
10000.449,30.017
10000.449,30.013
10000.448,30.015
10000.448,30.016
10000.448,29.997
10000.448,30.012
10000.448,29.995
10000.448,30.013
10000.448,30.009
10000.448,30.005
10000.448,30.009
10000.448,30.005
10000.448,30.009
10000.448,29.996
10000.448,30.009
10000.448,30.005
10000.452,30.02
10000.452,30.005
10000.452,30.01
10000.452,30.016
10000.452,30.017
10000.452,30.016
10000.452,30.017
10000.452,30.013
10000.452,30.017
10000.452,30.025
10000.452,30.03
10000.452,30.01
10000.452,30.009
10000.452,30.023
10000.452,30.026
10000.452,30.025
10000.452,30.023
10000.452,30.013
10000.452,30.016
10000.452,30.029
10000.452,30.023
10000.452,30.032
10000.452,30.012
10000.452,30.025
10000.452,30.006
10000.452,30.017
10000.454,30.019
10000.454,30.029
10000.454,30.025
10000.454,30.0
10000.454,30.02
10000.454,30.02
10000.454,30.003
10000.454,30.02
10000.454,30.02
10000.454,30.016
10000.454,30.012
10000.454,30.019
10000.454,30.025
10000.454,30.02
10000.455,30.017
10000.455,30.035
10000.455,30.032
10000.455,30.02
10000.455,30.012
10000.455,30.036
10000.455,30.016
10000.455,30.03
10000.455,30.032
10000.455,30.029
10000.455,30.035
10000.455,30.017
10000.455,30.019
10000.456,30.03
10000.456,30.036
10000.456,30.026
10000.456,30.022
10000.456,30.022
10000.456,30.013
10000.456,30.027
10000.456,30.036
10000.456,30.012
10000.456,30.037
10000.456,30.03
10000.456,30.032
10000.456,30.026
10000.456,30.019
10000.455,30.037
10000.455,30.025
10000.455,30.025
10000.455,30.049
10000.455,30.029
10000.455,30.026
10000.455,30.022
10000.455,30.03
10000.455,30.026
10000.455,30.025
10000.455,30.026
10000.455,30.03
10000.455,30.033
10000.456,30.017
10000.456,30.02
10000.456,30.016
10000.456,30.023
10000.456,30.033
10000.456,30.029
10000.456,30.029
10000.456,30.042
10000.456,30.027
10000.456,30.025
10000.456,30.025
10000.456,30.043
10000.456,30.03
10000.455,30.03
10000.455,30.02
10000.455,30.015
10000.455,30.023
10000.455,30.033
10000.455,30.026
10000.455,30.013
10000.455,30.012
10000.455,30.02
10000.455,30.027
10000.455,30.007
10000.455,30.04
10000.455,30.026
10000.455,30.026
10000.458,30.03
10000.458,30.027
10000.458,30.02
10000.458,30.046
10000.458,30.02
10000.458,30.03
10000.458,30.027
10000.458,30.01
10000.458,30.025
10000.458,30.029
10000.458,30.01
10000.458,30.039
10000.458,30.035
10000.456,30.017
10000.456,30.025
10000.456,30.027
10000.456,30.023
10000.456,30.03
10000.456,30.019
10000.456,30.029
10000.456,30.026
10000.456,30.033
10000.456,30.025
10000.456,30.012
10000.456,30.026
10000.456,30.027
10000.456,30.025
10000.455,30.023
10000.455,30.017
10000.455,30.023
10000.455,30.007
10000.455,30.01
10000.455,30.016
10000.455,30.023
10000.455,30.03
10000.455,30.053
10000.455,30.025
10000.455,30.029
10000.455,30.029
10000.455,30.017
10000.455,30.007
10000.455,30.025
10000.455,30.027
10000.455,30.022
10000.455,30.027
10000.455,30.026
10000.455,30.025
10000.455,30.005
10000.455,30.015
10000.455,30.03
10000.455,30.027
10000.455,30.037
10000.455,30.032
10000.455,30.027
10000.457,30.045
10000.457,30.039
10000.457,30.015
10000.457,30.009
10000.457,30.029
10000.457,30.017
10000.457,30.017
10000.457,30.027
10000.457,30.019
10000.457,30.032
10000.457,30.013
10000.457,30.032
10000.457,30.022
10000.457,30.027
10000.457,30.025
10000.457,30.027
10000.457,30.026
10000.457,30.026
10000.457,30.016
10000.457,30.032
10000.457,30.02
10000.457,30.027
10000.457,30.02
10000.457,30.01
10000.457,30.03
10000.457,30.016
10000.456,30.023
10000.456,30.025
10000.456,30.02
10000.456,30.02
10000.456,30.007
10000.456,30.023
10000.456,30.013
10000.456,30.025
10000.456,30.025
10000.456,30.012
10000.456,30.029
10000.456,30.019
10000.456,30.017
10000.456,30.035
10000.456,30.02
10000.456,30.016
10000.456,30.009
10000.456,30.02
10000.456,30.01
10000.456,30.035
10000.456,30.007
10000.456,30.022
10000.456,30.01
10000.456,30.017
10000.456,30.005
10000.456,30.015
10000.456,30.017
10000.456,30.02
10000.456,30.002
10000.456,30.016
10000.456,30.012
10000.456,30.022
10000.456,30.007
10000.456,29.999
10000.456,30.023
10000.456,30.022
10000.456,30.01
10000.456,30.016
10000.456,30.025
10000.456,30.023
10000.456,30.015
10000.456,30.019
10000.456,30.005
10000.456,30.025
10000.456,30.025
10000.456,30.027
10000.456,30.025
10000.456,30.016
10000.456,30.03
10000.456,30.019
10000.456,30.026
10000.456,30.005
10000.456,30.025
10000.456,30.013
10000.458,30.025
10000.458,30.015
10000.458,30.017
10000.458,30.007
10000.458,30.017
10000.458,30.006
10000.458,30.015
10000.458,30.013
10000.458,30.009
10000.458,30.009
10000.458,30.017
10000.458,30.022
10000.458,30.016
10000.458,30.007
10000.457,30.026
10000.457,30.016
10000.457,30.013
10000.457,30.01
10000.457,30.005
10000.457,30.026
10000.457,30.019
10000.457,30.012
10000.457,30.023
10000.457,30.016
10000.457,30.016
10000.457,30.007
10000.457,30.002
10000.456,30.003
10000.456,30.013
10000.456,30.01
10000.456,30.017
10000.456,30.006
10000.456,30.02
10000.456,30.017
10000.456,30.013
10000.456,29.986
10000.456,30.009
10000.456,30.016
10000.456,30.012
10000.456,29.997
10000.459,30.013
10000.459,30.017
10000.459,30.0
10000.459,30.012
10000.459,30.016
10000.459,30.006
10000.459,30.025
10000.459,30.002
10000.459,29.996
10000.459,29.979
10000.459,29.976
10000.459,29.943
10000.459,29.933
10000.459,29.912
10000.456,29.889
10000.456,29.883
10000.456,29.857
10000.456,29.833
10000.456,29.815
10000.456,29.789
10000.456,29.77
10000.456,29.758
10000.456,29.733
10000.456,29.726
10000.456,29.706
10000.456,29.671
10000.456,29.666
10000.46,29.639
10000.46,29.631
10000.46,29.612
10000.46,29.601
10000.46,29.582
10000.46,29.571
10000.46,29.548
10000.46,29.526
10000.46,29.521
10000.46,29.492
10000.46,29.479
10000.46,29.457
10000.46,29.436
10000.46,29.429
10000.459,29.416
10000.459,29.401
10000.459,29.413
10000.459,29.376
10000.459,29.375
10000.459,29.352
10000.459,29.335
10000.459,29.338
10000.459,29.31
10000.459,29.297
10000.459,29.3
10000.459,29.277
10000.459,29.277
10000.455,29.273
10000.455,29.257
10000.455,29.24
10000.455,29.237
10000.455,29.223
10000.455,29.228
10000.455,29.222
10000.455,29.195
10000.455,29.198
10000.455,29.186
10000.455,29.172
10000.455,29.175
10000.455,29.155
10000.453,29.155
10000.453,29.134
10000.453,29.133
10000.453,29.143
10000.453,29.113
10000.453,29.102
10000.453,29.109
10000.453,29.094
10000.453,29.086
10000.453,29.083
10000.453,29.07
10000.453,29.065
10000.453,29.058
10000.453,29.041
10000.451,29.032
10000.451,29.041
10000.451,29.022
10000.451,29.018
10000.451,29.005
10000.451,29.014
10000.451,29.004
10000.451,28.979
10000.451,28.991
10000.451,28.969
10000.451,28.983
10000.451,28.974
10000.451,28.956
10000.45,28.959
10000.45,28.942
10000.45,28.943
10000.45,28.932
10000.45,28.936
10000.45,28.926
10000.45,28.932
10000.45,28.919
10000.45,28.897
10000.45,28.901
10000.45,28.899
10000.45,28.891
10000.45,28.873
10000.45,28.881
10000.448,28.854
10000.448,28.858
10000.448,28.866
10000.448,28.864
10000.448,28.853
10000.448,28.854
10000.448,28.83
10000.448,28.84
10000.448,28.829
10000.448,28.809
10000.448,28.818
10000.448,28.791
10000.448,28.794
10000.447,28.784
10000.447,28.784
10000.447,28.778
10000.447,28.795
10000.447,28.784
10000.447,28.765
10000.447,28.747
10000.447,28.751
10000.447,28.75
10000.447,28.743
10000.447,28.715
10000.447,28.744
10000.447,28.747
10000.447,28.727
10000.445,28.727
10000.445,28.705
10000.445,28.72
10000.445,28.698
10000.445,28.691
10000.445,28.695
10000.445,28.689
10000.445,28.698
10000.445,28.672
10000.445,28.682
10000.445,28.674
10000.445,28.667
10000.445,28.658
10000.445,28.665
10000.445,28.658
10000.445,28.648
10000.445,28.646
10000.445,28.636
10000.445,28.633
10000.445,28.626
10000.445,28.629
10000.445,28.622
10000.445,28.599
10000.445,28.603
10000.445,28.588
10000.445,28.593
10000.443,28.588
10000.443,28.596
10000.443,28.584
10000.443,28.572
10000.443,28.577
10000.443,28.586
10000.443,28.555
10000.443,28.567
10000.443,28.553
10000.443,28.532
10000.443,28.539
10000.443,28.536
10000.443,28.529
10000.443,28.534
10000.442,28.516
10000.442,28.53
10000.442,28.517
10000.442,28.505
10000.442,28.498
10000.442,28.492
10000.442,28.496
10000.442,28.48
10000.442,28.495
10000.442,28.487
10000.442,28.488
10000.442,28.482
10000.442,28.456
10000.44,28.456
10000.44,28.464
10000.44,28.454
10000.44,28.449
10000.44,28.444
10000.44,28.439
10000.44,28.428
10000.44,28.428
10000.44,28.422
10000.44,28.401
10000.44,28.42
10000.44,28.411
10000.44,28.408
10000.44,28.402
10000.44,28.397
10000.44,28.405
10000.44,28.378
10000.44,28.388
10000.44,28.385
10000.44,28.39
10000.44,28.37
10000.44,28.363
10000.44,28.357
10000.44,28.367
10000.44,28.34
10000.44,28.346
10000.44,28.353
10000.438,28.35
10000.438,28.34
10000.438,28.335
10000.438,28.325
10000.438,28.321
10000.438,28.332
10000.438,28.31
10000.438,28.318
10000.438,28.298
10000.438,28.314
10000.438,28.301
10000.438,28.303
10000.438,28.283
10000.438,28.284
10000.438,28.28
10000.438,28.283
10000.438,28.27
10000.438,28.277
10000.438,28.266
10000.438,28.255
10000.438,28.252
10000.438,28.255
10000.438,28.245
10000.438,28.234
10000.438,28.251
10000.438,28.241
10000.438,28.227
10000.437,28.211
10000.437,28.211
10000.437,28.199
10000.437,28.209
10000.437,28.206
10000.437,28.202
10000.437,28.196
10000.437,28.203
10000.437,28.193
10000.437,28.187
10000.437,28.185
10000.437,28.173
10000.437,28.185
10000.434,28.172
10000.434,28.157
10000.434,28.175
10000.434,28.155
10000.434,28.154
10000.434,28.147
10000.434,28.15
10000.434,28.133
10000.434,28.136
10000.434,28.136
10000.434,28.126
10000.434,28.131
10000.434,28.123
10000.434,28.123
10000.435,28.105
10000.435,28.112
10000.435,28.099
10000.435,28.105
10000.435,28.092
10000.435,28.089
10000.435,28.101
10000.435,28.092
10000.435,28.073
10000.435,28.068
10000.435,28.077
10000.435,28.063
10000.435,28.06
10000.434,28.046
10000.434,28.068
10000.434,28.057
10000.434,28.04
10000.434,28.047
10000.434,28.033
10000.434,28.031
10000.434,28.032
10000.434,28.029
10000.434,28.029
10000.434,28.015
10000.434,28.029
10000.434,28.008
10000.434,28.008
10000.434,28.004
10000.434,27.994
10000.434,28.001
10000.434,27.994
10000.434,27.986
10000.434,27.979
10000.434,27.982
10000.434,27.97
10000.434,27.977
10000.434,27.965
10000.434,27.969
10000.434,27.954
10000.434,27.958
10000.432,27.973
10000.432,27.949
10000.432,27.949
10000.432,27.949
10000.432,27.944
10000.432,27.94
10000.432,27.926
10000.432,27.93
10000.432,27.914
10000.432,27.921
10000.432,27.924
10000.432,27.916
10000.432,27.905
10000.432,27.909
10000.432,27.909
10000.432,27.892
10000.432,27.877
10000.432,27.878
10000.432,27.889
10000.432,27.878
10000.432,27.872
10000.432,27.874
10000.432,27.871
10000.432,27.867
10000.432,27.867
10000.432,27.859
10000.432,27.857
10000.432,27.86
10000.432,27.845
10000.432,27.849
10000.432,27.856
10000.432,27.838
10000.432,27.847
10000.432,27.833
10000.432,27.842
10000.432,27.824
10000.432,27.819
10000.432,27.815
10000.432,27.814
10000.432,27.811
10000.43,27.804
10000.43,27.81
10000.43,27.798
10000.43,27.793
10000.43,27.794
10000.43,27.782
10000.43,27.782
10000.43,27.773
10000.43,27.773
10000.43,27.777
10000.43,27.757
10000.43,27.772
10000.43,27.776
10000.43,27.754
10000.429,27.765
10000.429,27.752
10000.429,27.748
10000.429,27.745
10000.429,27.751
10000.429,27.734
10000.429,27.733
10000.429,27.719
10000.429,27.726
10000.429,27.708
10000.429,27.708
10000.429,27.717
10000.429,27.709
10000.427,27.698
10000.427,27.698
10000.427,27.699
10000.427,27.694
10000.427,27.688
10000.427,27.674
10000.427,27.684
10000.427,27.683
10000.427,27.684
10000.427,27.673
10000.427,27.659
10000.427,27.67
10000.427,27.671
10000.429,27.667
10000.429,27.659
10000.429,27.652
10000.429,27.657
10000.429,27.639
10000.429,27.644
10000.429,27.642
10000.429,27.634
10000.429,27.635
10000.429,27.624
10000.429,27.623
10000.429,27.628
10000.429,27.613
10000.429,27.618
10000.427,27.596
10000.427,27.604
10000.427,27.595
10000.427,27.595
10000.427,27.591
10000.427,27.596
10000.427,27.589
10000.427,27.588
10000.427,27.588
10000.427,27.586
10000.427,27.571
10000.427,27.568
10000.427,27.574
10000.428,27.564
10000.428,27.557
10000.428,27.55
10000.428,27.549
10000.428,27.556
10000.428,27.542
10000.428,27.546
10000.428,27.54
10000.428,27.54
10000.428,27.539
10000.428,27.528
10000.428,27.526
10000.428,27.517
10000.428,27.514
10000.428,27.51
10000.428,27.517
10000.428,27.508
10000.428,27.499
10000.428,27.492
10000.428,27.504
10000.428,27.497
10000.428,27.489
10000.428,27.486
10000.428,27.482
10000.428,27.476
10000.428,27.471
10000.428,27.478
10000.427,27.469
10000.427,27.462
10000.427,27.46
10000.427,27.448
10000.427,27.454
10000.427,27.444
10000.427,27.453
10000.427,27.462
10000.427,27.453
10000.427,27.441
10000.427,27.439
10000.427,27.435
10000.427,27.426
10000.427,27.422
10000.427,27.411
10000.427,27.426
10000.427,27.414
10000.427,27.409
10000.427,27.409
10000.427,27.411
10000.427,27.394
10000.427,27.397
10000.427,27.407
10000.427,27.393
10000.427,27.39
10000.427,27.391
10000.427,27.379
10000.425,27.372
10000.425,27.364
10000.425,27.369
10000.425,27.368
10000.425,27.364
10000.425,27.362
10000.425,27.355
10000.425,27.34
10000.425,27.354
10000.425,27.341
10000.425,27.345
10000.425,27.348
10000.425,27.347
10000.424,27.339
10000.424,27.332
10000.424,27.33
10000.424,27.322
10000.424,27.33
10000.424,27.323
10000.424,27.312
10000.424,27.313
10000.424,27.315
10000.424,27.302
10000.424,27.298
10000.424,27.291
10000.424,27.295
10000.424,27.293
10000.423,27.295
10000.423,27.281
10000.423,27.28
10000.423,27.288
10000.423,27.272
10000.423,27.272
10000.423,27.266
10000.423,27.262
10000.423,27.256
10000.423,27.254
10000.423,27.247
10000.423,27.231
10000.423,27.258
10000.425,27.241
10000.425,27.231
10000.425,27.229
10000.425,27.237
10000.425,27.233
10000.425,27.234
10000.425,27.236
10000.425,27.222
10000.425,27.209
10000.425,27.219
10000.425,27.216
10000.425,27.204
10000.425,27.198
10000.425,27.197
10000.424,27.195
10000.424,27.194
10000.424,27.197
10000.424,27.173
10000.424,27.186
10000.424,27.176
10000.424,27.177
10000.424,27.18
10000.424,27.18
10000.424,27.165
10000.424,27.169
10000.424,27.168
10000.424,27.149
10000.424,27.148
10000.424,27.155
10000.424,27.144
10000.424,27.155
10000.424,27.144
10000.424,27.151
10000.424,27.131
10000.424,27.14
10000.424,27.138
10000.424,27.133
10000.424,27.125
10000.424,27.118
10000.424,27.116
10000.422,27.116
10000.422,27.098
10000.422,27.116
10000.422,27.097
10000.422,27.111
10000.422,27.102
10000.422,27.09
10000.422,27.084
10000.422,27.081
10000.422,27.087
10000.422,27.086
10000.422,27.086
10000.422,27.069
10000.422,27.075
10000.422,27.059
10000.422,27.069
10000.422,27.063
10000.422,27.066
10000.422,27.063
10000.422,27.057
10000.422,27.065
10000.422,27.059
10000.422,27.05
10000.422,27.043
10000.422,27.043
10000.422,27.026
10000.422,27.023
10000.42,27.03
10000.42,27.038
10000.42,27.027
10000.42,27.019
10000.42,27.013
10000.42,27.015
10000.42,27.02
10000.42,27.011
10000.42,27.005
10000.42,27.004
10000.42,27.001
10000.42,26.98
10000.42,26.984
10000.42,26.989
10000.421,26.983
10000.421,26.982
10000.421,26.98
10000.421,26.975
10000.421,26.964
10000.421,26.982
10000.421,26.957
10000.421,26.968
10000.421,26.959
10000.421,26.961
10000.421,26.958
10000.421,26.946
10000.421,26.936
10000.42,26.958
10000.42,26.947
10000.42,26.941
10000.42,26.939
10000.42,26.93
10000.42,26.93
10000.42,26.914
10000.42,26.926
10000.42,26.918
10000.42,26.915
10000.42,26.921
10000.42,26.911
10000.42,26.907
10000.419,26.914
10000.419,26.904
10000.419,26.911
10000.419,26.9
10000.419,26.893
10000.419,26.893
10000.419,26.894
10000.419,26.904
10000.419,26.871
10000.419,26.88
10000.419,26.887
10000.419,26.868
10000.419,26.868
10000.419,26.869
10000.417,26.858
10000.417,26.857
10000.417,26.864
10000.417,26.86
10000.417,26.855
10000.417,26.84
10000.417,26.86
10000.417,26.842
10000.417,26.833
10000.417,26.846
10000.417,26.833
10000.417,26.837
10000.417,26.832
10000.419,26.829
10000.419,26.821
10000.419,26.813
10000.419,26.807
10000.419,26.81
10000.419,26.814
10000.419,26.804
10000.419,26.801
10000.419,26.788
10000.419,26.796
10000.419,26.789
10000.419,26.789
10000.419,26.786
10000.419,26.764
10000.418,26.782
10000.418,26.782
10000.418,26.778
10000.418,26.768
10000.418,26.768
10000.418,26.772
10000.418,26.759
10000.418,26.756
10000.418,26.761
10000.418,26.75
10000.418,26.76
10000.418,26.749
10000.418,26.747
10000.417,26.743
10000.417,26.738
10000.417,26.732
10000.417,26.735
10000.417,26.734
10000.417,26.728
10000.417,26.73
10000.417,26.738
10000.417,26.725
10000.417,26.72
10000.417,26.709
10000.417,26.707
10000.417,26.709
10000.417,26.71
10000.417,26.706
10000.417,26.716
10000.417,26.698
10000.417,26.709
10000.417,26.696
10000.417,26.688
10000.417,26.688
10000.417,26.688
10000.417,26.682
10000.417,26.67
10000.417,26.681
10000.417,26.667
10000.417,26.667
10000.416,26.67
10000.416,26.663
10000.416,26.666
10000.416,26.665
10000.416,26.665
10000.416,26.658
10000.416,26.655
10000.416,26.637
10000.416,26.638
10000.416,26.649
10000.416,26.64
10000.416,26.635
10000.416,26.634
10000.416,26.622
10000.416,26.633
10000.416,26.617
10000.416,26.623
10000.416,26.615
10000.416,26.616
10000.416,26.619
10000.416,26.613
10000.416,26.604
10000.416,26.63
10000.416,26.608
10000.416,26.605
10000.416,26.612
10000.416,26.58
10000.416,26.604
10000.416,26.604
10000.416,26.602
10000.416,26.595
10000.416,26.58
10000.416,26.587
10000.416,26.576
10000.416,26.576
10000.416,26.571
10000.416,26.576
10000.416,26.573
10000.416,26.554
10000.416,26.557
10000.417,26.553
10000.417,26.562
10000.417,26.564
10000.417,26.542
10000.417,26.544
10000.417,26.548
10000.417,26.54
10000.417,26.528
10000.417,26.544
10000.417,26.53
10000.417,26.528
10000.417,26.524
10000.417,26.525
10000.417,26.528
10000.415,26.525
10000.415,26.51
10000.415,26.513
10000.415,26.507
10000.415,26.517
10000.415,26.507
10000.415,26.497
10000.415,26.495
10000.415,26.503
10000.415,26.497
10000.415,26.496
10000.415,26.49
10000.415,26.489
10000.413,26.474
10000.413,26.477
10000.413,26.49
10000.413,26.488
10000.413,26.471
10000.413,26.472
10000.413,26.482
10000.413,26.463
10000.413,26.47
10000.413,26.461
10000.413,26.448
10000.413,26.456
10000.413,26.448
10000.414,26.446
10000.414,26.454
10000.414,26.437
10000.414,26.434
10000.414,26.434
10000.414,26.441
10000.414,26.442
10000.414,26.442
10000.414,26.438
10000.414,26.428
10000.414,26.43
10000.414,26.421
10000.414,26.419
10000.414,26.419
10000.415,26.408
10000.415,26.403
10000.415,26.399
10000.415,26.405
10000.415,26.41
10000.415,26.401
10000.415,26.399
10000.415,26.402
10000.415,26.394
10000.415,26.391
10000.415,26.387
10000.415,26.391
10000.415,26.388
10000.412,26.376
10000.412,26.38
10000.412,26.385
10000.412,26.37
10000.412,26.368
10000.412,26.374
10000.412,26.372
10000.412,26.363
10000.412,26.369
10000.412,26.355
10000.412,26.357
10000.412,26.358
10000.412,26.348
10000.412,26.352
10000.413,26.368
10000.413,26.343
10000.413,26.348
10000.413,26.344
10000.413,26.341
10000.413,26.348
10000.413,26.332
10000.413,26.332
10000.413,26.319
10000.413,26.323
10000.413,26.317
10000.413,26.322
10000.413,26.317
10000.414,26.321
10000.414,26.303
10000.414,26.312
10000.414,26.3
10000.414,26.31
10000.414,26.31
10000.414,26.318
10000.414,26.289
10000.414,26.303
10000.414,26.293
10000.414,26.297
10000.414,26.288
10000.414,26.275
10000.414,26.288
10000.412,26.288
10000.412,26.281
10000.412,26.272
10000.412,26.289
10000.412,26.267
10000.412,26.268
10000.412,26.263
10000.412,26.261
10000.412,26.261
10000.412,26.241
10000.412,26.267
10000.412,26.257
10000.412,26.249
10000.41,26.246
10000.41,26.256
10000.41,26.237
10000.41,26.243
10000.41,26.252
10000.41,26.238
10000.41,26.241
10000.41,26.239
10000.41,26.232
10000.41,26.22
10000.41,26.227
10000.41,26.23
10000.41,26.227
10000.414,26.217
10000.414,26.209
10000.414,26.213
10000.414,26.219
10000.414,26.213
10000.414,26.204
10000.414,26.208
10000.414,26.191
10000.414,26.184
10000.414,26.197
10000.414,26.188
10000.414,26.19
10000.414,26.195
10000.414,26.18
10000.411,26.193
10000.411,26.184
10000.411,26.184
10000.411,26.181
10000.411,26.17
10000.411,26.176
10000.411,26.17
10000.411,26.165
10000.411,26.17
10000.411,26.161
10000.411,26.157
10000.411,26.162
10000.411,26.157
10000.41,26.162
10000.41,26.158
10000.41,26.137
10000.41,26.146
10000.41,26.155
10000.41,26.148
10000.41,26.139
10000.41,26.128
10000.41,26.125
10000.41,26.133
10000.41,26.126
10000.41,26.142
10000.41,26.113
10000.41,26.113
10000.412,26.124
10000.412,26.117
10000.412,26.108
10000.412,26.104
10000.412,26.106
10000.412,26.113
10000.412,26.1
10000.412,26.12
10000.412,26.092
10000.412,26.104
10000.412,26.103
10000.412,26.082
10000.412,26.095
10000.411,26.091
10000.411,26.07
10000.411,26.086
10000.411,26.1
10000.411,26.077
10000.411,26.088
10000.411,26.088
10000.411,26.073
10000.411,26.086
10000.411,26.069
10000.411,26.07
10000.411,26.06
10000.411,26.064
10000.411,26.055
10000.411,26.056
10000.411,26.051
10000.411,26.055
10000.411,26.044
10000.411,26.048
10000.411,26.034
10000.411,26.036
10000.411,26.04
10000.411,26.045
10000.411,26.033
10000.411,26.026
10000.411,26.029
10000.411,26.03
10000.409,26.034
10000.409,26.019
10000.409,26.02
10000.409,26.012
10000.409,26.018
10000.409,26.011
10000.409,26.012
10000.409,26.007
10000.409,26.009
10000.409,26.008
10000.409,25.993
10000.409,25.987
10000.409,25.985
10000.409,25.992
10000.409,26.003
10000.409,26.005
10000.409,25.976
10000.409,25.987
10000.409,25.989
10000.409,25.987
10000.409,25.99
10000.409,25.996
10000.409,25.986
10000.409,25.983
10000.409,25.971
10000.409,25.987
10000.409,25.978
10000.409,25.99
10000.409,25.981
10000.409,25.976
10000.409,25.979
10000.409,25.979
10000.409,25.971
10000.409,25.982
10000.409,25.989
10000.409,25.996
10000.409,25.993
10000.409,25.998
10000.409,25.994
10000.409,25.985
10000.408,25.99
10000.408,25.99
10000.408,25.986
10000.408,25.979
10000.408,25.987
10000.408,25.982
10000.408,25.976
10000.408,25.992
10000.408,25.982
10000.408,25.97
10000.408,25.981
10000.408,25.975
10000.408,25.972
10000.408,25.987
10000.408,25.981
10000.408,25.985
10000.408,25.979
10000.408,25.975
10000.408,25.974
10000.408,25.978
10000.408,25.978
10000.408,25.979
10000.408,25.99
10000.408,25.989
10000.408,25.978
10000.408,25.976
10000.408,25.978
10000.408,25.971
10000.408,25.993
10000.408,25.981
10000.408,25.971
10000.408,25.992
10000.408,25.992
10000.408,25.97
10000.408,25.975
10000.408,25.979
10000.408,25.981
10000.408,25.978
10000.408,25.985
10000.408,25.979
10000.407,25.986
10000.407,25.989
10000.407,25.981
10000.407,25.99
10000.407,25.986
10000.407,25.976
10000.407,25.99
10000.407,25.992
10000.407,25.979
10000.407,25.989
10000.407,25.985
10000.407,25.986
10000.407,25.979
10000.407,25.993
10000.406,25.97
10000.406,25.979
10000.406,25.979
10000.406,25.981
10000.406,25.981
10000.406,25.968
10000.406,25.982
10000.406,25.976
10000.406,25.99
10000.406,25.987
10000.406,25.979
10000.406,25.981
10000.406,25.981
10000.406,25.986
10000.406,25.985
10000.406,25.981
10000.406,25.976
10000.406,25.989
10000.406,25.992
10000.406,25.996
10000.406,25.978
10000.406,25.997
10000.406,25.987
10000.406,25.982
10000.406,25.968
10000.406,25.985
10000.406,25.979
10000.408,25.975
10000.408,25.978
10000.408,25.961
10000.408,25.989
10000.408,25.99
10000.408,25.983
10000.408,25.983
10000.408,25.979
10000.408,25.978
10000.408,26.003
10000.408,25.982
10000.408,25.976
10000.408,25.993
10000.408,25.987
10000.408,25.997
10000.408,26.001
10000.408,25.982
10000.408,25.994
10000.408,25.998
10000.408,25.975
10000.408,25.997
10000.408,25.989
10000.408,25.996
10000.408,25.978
10000.408,25.978
10000.408,25.983
10000.408,25.986
10000.408,25.976
10000.408,25.971
10000.408,25.992
10000.408,25.993
10000.408,25.975
10000.408,25.976
10000.408,25.992
10000.408,25.979
10000.408,25.976
10000.408,25.982
10000.408,25.981
10000.408,25.983
10000.408,25.987
10000.408,25.992
10000.408,25.986
10000.408,25.983
10000.408,25.975
10000.408,25.986
10000.408,25.985
10000.408,26.001
10000.408,26.007
10000.408,25.987
10000.408,25.99
10000.408,25.992
10000.408,25.978
10000.408,25.994
10000.406,25.996
10000.406,25.981
10000.406,25.975
10000.406,25.985
10000.406,25.981
10000.406,25.985
10000.406,25.983
10000.406,25.989
10000.406,25.998
10000.406,25.992
10000.406,25.994
10000.406,25.994
10000.406,25.989
10000.406,25.975
10000.407,25.997
10000.407,25.989
10000.407,25.993
10000.407,25.985
10000.407,25.975
10000.407,25.981
10000.407,25.979
10000.407,25.974
10000.407,25.978
10000.407,25.979
10000.407,25.981
10000.407,25.976
10000.407,25.998
10000.406,25.996
10000.406,25.996
10000.406,25.994
10000.406,25.99
10000.406,26.001
10000.406,25.994
10000.406,25.992
10000.406,25.998
10000.406,25.994
10000.406,25.994
10000.406,25.982
10000.406,25.994
10000.406,25.983
10000.406,25.986
10000.408,25.986
10000.408,25.997
10000.408,25.99
10000.408,25.985
10000.408,25.983
10000.408,25.982
10000.408,25.996
10000.408,25.99
10000.408,25.993
10000.408,25.993
10000.408,25.978
10000.408,25.993
10000.408,25.979
10000.409,25.974
10000.409,25.987
10000.409,25.99
10000.409,25.989
10000.409,25.986
10000.409,25.998
10000.409,25.997
10000.409,26.001
10000.409,25.998
10000.409,25.996
10000.409,25.998
10000.409,25.989
10000.409,25.982
10000.407,26.005
10000.407,25.998
10000.407,25.983
10000.407,26.0
10000.407,25.99
10000.407,25.983
10000.407,25.992
10000.407,25.993
10000.407,25.982
10000.407,25.998
10000.407,25.993
10000.407,25.985
10000.407,26.005
10000.407,25.979
10000.408,25.975
10000.408,25.978
10000.408,25.978
10000.408,25.986
10000.408,25.978
10000.408,25.992
10000.408,25.993
10000.408,25.993
10000.408,25.99
10000.408,25.993
10000.408,25.993
10000.408,25.989
10000.408,25.997
10000.408,26.004
10000.408,25.992
10000.408,26.005
10000.408,26.001
10000.408,26.004
10000.408,25.99
10000.408,25.993
10000.408,25.993
10000.408,25.997
10000.408,25.99
10000.408,25.994
10000.408,25.983
10000.408,25.99
10000.408,25.978
10000.407,26.0
10000.407,25.976
10000.407,26.007
10000.407,25.998
10000.407,26.001
10000.407,25.993
10000.407,25.99
10000.407,25.987
10000.407,25.982
10000.407,25.99
10000.407,25.989
10000.407,25.993
10000.407,26.0
10000.408,25.987
10000.408,26.0
10000.408,25.997
10000.408,26.009
10000.408,25.998
10000.408,25.989
10000.408,26.0
10000.408,26.003
10000.408,26.003
10000.408,25.987
10000.408,25.985
10000.408,25.982
10000.408,25.985
10000.407,25.996
10000.407,25.989
10000.407,25.981
10000.407,25.996
10000.407,26.011
10000.407,25.985
10000.407,25.998
10000.407,26.0
10000.407,25.994
10000.407,26.001
10000.407,26.004
10000.407,25.992
10000.407,25.994
10000.407,25.992
10000.406,26.001
10000.406,25.989
10000.406,25.994
10000.406,25.987
10000.406,25.994
10000.406,25.986
10000.406,25.989
10000.406,25.998
10000.406,25.994
10000.406,25.993
10000.406,26.005
10000.406,25.992
10000.406,26.0
10000.407,25.989
10000.407,25.992
10000.407,26.0
10000.407,25.989
10000.407,25.998
10000.407,26.0
10000.407,25.998
10000.407,25.983
10000.407,26.001
10000.407,26.001
10000.407,25.989
10000.407,26.001
10000.407,26.005
10000.407,25.983
10000.407,25.996
10000.407,25.992
10000.407,25.986
10000.407,25.99
10000.407,25.994
10000.407,25.998
10000.407,25.983
10000.407,25.993
10000.407,25.986
10000.407,25.99
10000.407,25.996
10000.407,25.982
10000.407,25.989
10000.408,26.008
10000.408,25.981
10000.408,26.005
10000.408,25.996
10000.408,26.004
10000.408,26.011
10000.408,25.986
10000.408,25.996
10000.408,25.992
10000.408,26.014
10000.408,25.987
10000.408,26.0
10000.408,26.0
10000.408,26.009
10000.408,25.996
10000.408,25.994
10000.408,26.003
10000.408,25.989
10000.408,25.987
10000.408,25.99
10000.408,25.996
10000.408,25.992
10000.408,25.992
10000.408,25.986
10000.408,25.989
10000.408,25.997
10000.408,25.99
10000.408,25.992
10000.408,25.986
10000.408,26.011
10000.408,26.001
10000.408,26.007
10000.408,26.001
10000.408,25.996
10000.408,26.003
10000.408,25.998
10000.408,25.997
10000.408,25.993
10000.408,25.989
10000.408,25.986
10000.408,25.994
10000.408,25.997
10000.408,26.003
10000.408,25.989
10000.408,25.99
10000.408,25.992
10000.408,26.003
10000.408,25.99
10000.408,25.997
10000.408,25.997
10000.408,26.0
10000.408,26.001
10000.408,26.009
10000.408,26.003
10000.409,25.998
10000.409,26.014
10000.409,25.994
10000.409,25.994
10000.409,25.997
10000.409,26.004
10000.409,26.02
10000.409,25.983
10000.409,26.001
10000.409,25.989
10000.409,25.987
10000.409,25.997
10000.409,26.003
10000.407,26.005
10000.407,26.005
10000.407,25.992
10000.407,25.983
10000.407,25.994
10000.407,25.985
10000.407,25.989
10000.407,25.998
10000.407,25.987
10000.407,25.979
10000.407,25.99
10000.407,25.997
10000.407,25.994
10000.407,25.983
10000.409,26.005
10000.409,26.0
10000.409,25.998
10000.409,25.997
10000.409,26.008
10000.409,25.998
10000.409,26.001
10000.409,25.992
10000.409,25.996
10000.409,26.0
10000.409,26.004
10000.409,25.998
10000.409,25.998
10000.406,25.996
10000.406,25.99
10000.406,26.003
10000.406,26.011
10000.406,25.994
10000.406,26.011
10000.406,26.005
10000.406,25.994
10000.406,25.989
10000.406,25.994
10000.406,26.008
10000.406,26.0
10000.406,25.993
10000.406,26.0
10000.408,25.992
10000.408,25.992
10000.408,25.987
10000.408,26.004
10000.408,25.989
10000.408,25.986
10000.408,26.008
10000.408,26.005
10000.408,26.007
10000.408,26.007
10000.408,25.997
10000.408,25.997
10000.408,25.996
10000.407,26.0
10000.407,25.985
10000.407,25.99
10000.407,25.993
10000.407,25.997
10000.407,25.99
10000.407,26.018
