time_s,int_temp_c,int_temp_f,int_humid,ext_temp_c,ext_temp_f,ext_humid,amps,pid_i
1,25.63,78.13,48.07,24.00,75.20,52.82,0.10,0.00
2,25.62,78.12,48.04,24.02,75.24,52.82,0.10,0.00
3,25.63,78.13,48.05,24.02,75.24,52.81,0.10,0.00
4,25.63,78.13,48.05,24.02,75.24,52.82,0.10,0.00
5,25.62,78.12,48.05,24.01,75.22,52.82,0.10,0.00
6,25.60,78.08,48.03,24.00,75.20,52.80,0.10,0.00
7,25.63,78.13,48.02,24.00,75.20,52.79,0.10,0.00
8,25.62,78.12,48.03,23.99,75.18,52.80,0.10,0.00
9,25.63,78.13,48.02,24.01,75.22,52.82,0.10,0.00
10,25.63,78.13,48.02,24.03,75.26,52.82,0.10,0.00
11,25.64,78.15,48.01,24.02,75.24,52.83,0.10,0.00
12,25.65,78.17,48.00,24.01,75.22,52.83,0.10,0.00
13,25.64,78.15,47.99,23.99,75.18,52.81,0.10,0.00
14,25.65,78.17,47.99,24.00,75.20,52.81,0.10,0.00
15,25.65,78.17,47.96,23.99,75.18,52.80,0.10,0.00
16,25.64,78.15,47.97,24.01,75.22,52.80,0.10,0.00
17,25.65,78.17,47.96,24.03,75.26,52.81,0.85,0.08
18,25.65,78.17,47.93,23.99,75.18,52.82,2.00,0.08
19,25.65,78.17,47.94,23.99,75.18,52.82,2.00,0.08
20,25.67,78.21,47.92,23.99,75.18,52.83,2.00,0.08
21,25.65,78.17,47.92,23.98,75.16,52.82,2.00,0.08
22,25.65,78.17,47.91,23.98,75.16,52.82,2.00,0.08
23,25.66,78.19,47.88,23.99,75.18,52.84,2.00,0.08
24,25.67,78.21,47.86,23.98,75.16,52.83,2.00,0.08
25,25.66,78.19,47.86,23.99,75.18,52.83,2.00,0.08
26,25.68,78.23,47.86,23.98,75.16,52.83,2.00,0.08
27,25.68,78.23,47.84,24.00,75.20,52.84,2.00,0.08
28,25.71,78.27,47.85,23.99,75.18,52.83,2.00,0.08
29,25.68,78.23,47.83,23.97,75.14,52.85,2.00,0.08
30,25.71,78.27,47.81,23.96,75.12,52.85,2.00,0.08
31,25.71,78.27,47.79,23.98,75.16,52.84,2.00,0.08
32,25.72,78.29,47.79,23.96,75.12,52.86,2.00,0.08
33,25.73,78.31,47.79,23.96,75.12,52.86,2.00,0.08
34,25.73,78.31,47.78,23.98,75.16,52.85,2.00,0.08
35,25.73,78.31,47.76,23.96,75.12,52.87,2.00,0.08
36,25.73,78.31,47.76,23.96,75.12,52.87,2.00,0.08
37,25.74,78.33,47.77,23.96,75.12,52.87,2.00,0.08
38,25.75,78.35,47.76,23.97,75.14,52.88,2.00,0.08
39,25.76,78.37,47.73,23.96,75.12,52.89,2.00,0.08
40,25.76,78.37,47.73,23.98,75.16,52.89,2.00,0.08
41,25.78,78.40,47.73,23.96,75.12,52.90,2.00,0.08
42,25.79,78.42,47.72,23.96,75.12,52.90,2.00,0.08
43,25.80,78.44,47.72,23.98,75.16,52.88,2.00,0.08
44,25.82,78.48,47.72,23.98,75.16,52.89,1.11,0.16
45,25.82,78.48,47.69,23.97,75.14,52.90,2.00,0.16
46,25.84,78.52,47.67,23.98,75.16,52.91,1.48,0.24
47,25.87,78.56,47.67,23.96,75.12,52.90,0.47,0.32
48,25.86,78.54,47.66,23.97,75.14,52.90,2.00,0.32
49,25.88,78.58,47.67,23.98,75.16,52.91,2.00,0.32
50,25.89,78.60,47.67,24.00,75.20,52.91,2.00,0.32
51,25.92,78.66,47.64,23.99,75.18,52.91,0.10,0.32
52,25.92,78.66,47.62,23.97,75.14,52.90,2.00,0.32
53,25.91,78.64,47.64,23.97,75.14,52.92,2.00,0.32
54,25.93,78.67,47.62,23.96,75.12,52.93,2.00,0.32
55,25.95,78.71,47.59,23.99,75.18,52.92,1.29,0.40
56,25.97,78.75,47.60,23.96,75.12,52.92,0.33,0.47
57,25.98,78.77,47.60,23.97,75.14,52.92,1.16,0.55
58,26.01,78.81,47.60,23.96,75.12,52.89,0.28,0.63
59,26.01,78.81,47.57,23.96,75.12,52.90,2.00,0.63
60,26.01,78.81,47.60,23.97,75.14,52.90,2.00,0.63
61,26.03,78.85,47.57,23.97,75.14,52.91,2.00,0.63
62,26.05,78.89,47.54,23.95,75.10,52.93,0.93,0.70
63,26.06,78.91,47.53,23.98,75.16,52.91,1.59,0.78
64,26.07,78.93,47.54,23.95,75.10,52.91,2.00,0.78
65,26.08,78.95,47.51,23.95,75.10,52.91,2.00,0.78
66,26.10,78.98,47.50,23.96,75.12,52.93,1.01,0.85
67,26.12,79.02,47.50,23.96,75.12,52.92,0.22,0.92
68,26.11,79.00,47.49,23.96,75.12,52.91,2.00,0.92
69,26.17,79.10,47.50,23.96,75.12,52.94,0.10,0.92
70,26.17,79.10,47.47,23.96,75.12,52.94,0.95,1.00
71,26.19,79.14,47.48,23.97,75.14,52.93,0.19,1.07
72,26.18,79.12,47.46,23.97,75.14,52.93,2.00,1.07
73,26.21,79.18,47.44,23.96,75.12,52.94,0.77,1.14
74,26.23,79.22,47.46,23.96,75.12,52.92,0.10,1.14
75,26.25,79.25,47.43,23.97,75.14,52.93,0.10,1.14
76,26.24,79.23,47.43,23.98,75.16,52.94,2.00,1.14
77,26.27,79.29,47.40,23.96,75.12,52.93,0.45,1.21
78,26.28,79.31,47.41,23.97,75.14,52.93,1.31,1.28
79,26.30,79.33,47.37,23.95,75.10,52.94,1.91,1.35
80,26.31,79.35,47.38,23.96,75.12,52.94,2.00,1.35
81,26.34,79.41,47.36,23.96,75.12,52.94,0.10,1.35
82,26.34,79.41,47.34,23.94,75.08,52.94,2.00,1.35
83,26.36,79.45,47.33,23.96,75.12,52.94,1.00,1.42
84,26.37,79.47,47.33,23.96,75.12,52.95,1.70,1.49
85,26.37,79.47,47.30,23.96,75.12,52.94,2.00,1.49
86,26.39,79.51,47.30,23.97,75.14,52.96,1.99,1.56
87,26.41,79.54,47.28,23.95,75.10,52.96,0.94,1.63
88,26.41,79.54,47.25,23.95,75.10,52.94,2.00,1.63
89,26.46,79.62,47.25,23.97,75.14,52.94,0.10,1.63
90,26.46,79.62,47.23,23.96,75.12,52.94,1.65,1.70
91,26.46,79.62,47.22,23.96,75.12,52.94,2.00,1.70
92,26.49,79.68,47.22,23.96,75.12,52.93,0.55,1.76
93,26.51,79.72,47.20,23.98,75.16,52.95,0.10,1.76
94,26.52,79.74,47.18,23.96,75.12,52.97,1.03,1.83
95,26.53,79.76,47.17,23.96,75.12,52.94,1.77,1.90
96,26.56,79.81,47.16,23.97,75.14,52.97,0.10,1.90
97,26.54,79.78,47.13,23.95,75.10,52.96,2.00,1.90
98,26.58,79.85,47.13,23.96,75.12,52.97,0.10,1.90
99,26.58,79.85,47.11,23.94,75.08,52.98,2.00,1.90
100,26.60,79.87,47.09,23.95,75.10,52.96,2.00,1.90
101,26.62,79.91,47.07,23.92,75.06,52.96,1.37,1.96
102,26.60,79.87,47.05,23.96,75.12,52.96,2.00,1.96
103,26.65,79.97,47.05,23.92,75.06,52.95,0.10,1.96
104,26.65,79.97,47.03,23.95,75.10,52.98,2.00,1.96
105,26.66,79.99,46.99,23.92,75.06,52.94,2.00,1.96
106,26.67,80.01,47.01,23.95,75.10,52.98,2.00,1.96
107,26.67,80.01,46.99,23.92,75.06,52.97,2.00,1.96
108,26.70,80.06,46.96,23.95,75.10,52.98,0.91,2.02
109,26.71,80.08,46.95,23.92,75.06,52.97,1.65,2.09
110,26.70,80.06,46.92,23.92,75.06,52.96,2.00,2.09
111,26.73,80.12,46.93,23.92,75.06,52.98,1.51,2.15
112,26.75,80.14,46.89,23.91,75.05,52.98,2.00,2.15
113,26.77,80.18,46.89,23.94,75.08,53.00,0.96,2.21
114,26.77,80.18,46.88,23.94,75.08,53.00,2.00,2.21
115,26.76,80.16,46.86,23.94,75.08,52.99,2.00,2.21
116,26.78,80.20,46.81,23.94,75.08,53.00,2.00,2.21
117,26.81,80.26,46.82,23.95,75.10,53.00,0.55,2.27
118,26.80,80.24,46.79,23.94,75.08,53.01,2.00,2.27
119,26.82,80.28,46.79,23.96,75.12,53.00,2.00,2.27
120,26.84,80.32,46.79,23.95,75.10,53.01,1.23,2.33
121,26.85,80.34,46.77,23.96,75.12,53.02,1.89,2.39
122,26.86,80.35,46.76,23.96,75.12,53.01,2.00,2.39
123,26.89,80.39,46.75,23.95,75.10,53.00,1.16,2.45
124,26.87,80.37,46.71,23.95,75.10,53.02,2.00,2.45
125,26.92,80.45,46.73,23.94,75.08,53.01,0.10,2.45
126,26.92,80.45,46.71,23.96,75.12,53.01,2.00,2.45
127,26.93,80.47,46.69,23.96,75.12,53.02,2.00,2.45
128,26.96,80.53,46.68,23.94,75.08,53.01,0.10,2.45
129,26.96,80.53,46.66,23.96,75.12,53.01,2.00,2.45
130,26.98,80.57,46.67,23.95,75.10,53.02,1.15,2.51
131,26.98,80.57,46.64,23.92,75.06,53.01,2.00,2.51
132,27.00,80.61,46.62,23.95,75.10,53.01,1.75,2.57
133,27.04,80.66,46.60,23.92,75.06,53.02,0.10,2.57
134,27.05,80.68,46.57,23.92,75.06,53.01,0.57,2.62
135,27.06,80.70,46.56,23.92,75.06,53.01,1.44,2.68
136,27.06,80.70,46.56,23.91,75.05,53.01,2.00,2.68
137,27.09,80.76,46.55,23.92,75.06,53.01,0.46,2.73
138,27.09,80.76,46.52,23.94,75.08,53.01,2.00,2.73
139,27.09,80.76,46.51,23.91,75.05,53.02,2.00,2.73
140,27.12,80.82,46.51,23.92,75.06,53.01,1.05,2.79
141,27.13,80.84,46.47,23.94,75.08,53.02,1.77,2.84
142,27.15,80.88,46.48,23.95,75.10,53.03,0.82,2.90
143,27.15,80.88,46.45,23.91,75.05,53.01,2.00,2.90
144,27.16,80.90,46.43,23.95,75.10,53.02,2.00,2.90
145,27.21,80.97,46.41,23.96,75.12,53.01,0.10,2.90
146,27.23,81.01,46.40,23.92,75.06,53.04,0.10,2.90
147,27.21,80.97,46.38,23.94,75.08,53.04,2.00,2.90
148,27.24,81.03,46.37,23.94,75.08,53.04,1.15,2.95
149,27.24,81.03,46.36,23.92,75.06,53.04,2.00,2.95
150,27.24,81.03,46.36,23.94,75.08,53.04,2.00,2.95
151,27.27,81.09,46.32,23.95,75.10,53.04,1.24,3.00
152,27.28,81.11,46.31,23.95,75.10,53.01,1.89,3.05
153,27.30,81.15,46.31,23.94,75.08,53.04,0.88,3.11
154,27.32,81.18,46.31,23.95,75.10,53.04,0.22,3.16
155,27.31,81.17,46.27,23.94,75.08,53.04,2.00,3.16
156,27.34,81.20,46.25,23.92,75.06,53.03,2.00,3.16
157,27.34,81.20,46.23,23.95,75.10,53.04,2.00,3.16
158,27.34,81.20,46.22,23.94,75.08,53.03,2.00,3.16
159,27.35,81.22,46.21,23.95,75.10,53.02,2.00,3.16
160,27.37,81.26,46.19,23.96,75.12,53.02,2.00,3.16
161,27.40,81.32,46.19,23.95,75.10,53.02,0.10,3.16
162,27.41,81.34,46.18,23.94,75.08,53.03,0.92,3.21
163,27.43,81.38,46.13,23.96,75.12,53.04,0.21,3.26
164,27.40,81.32,46.12,23.94,75.08,53.02,2.00,3.26
165,27.44,81.40,46.12,23.96,75.12,53.01,1.36,3.30
166,27.45,81.42,46.10,23.96,75.12,53.04,1.97,3.35
167,27.45,81.42,46.07,23.95,75.10,53.02,2.00,3.35
168,27.47,81.45,46.06,23.95,75.10,53.01,2.00,3.35
169,27.47,81.45,46.05,23.95,75.10,53.00,2.00,3.35
170,27.47,81.45,46.05,23.94,75.08,53.01,2.00,3.35
171,27.50,81.49,46.02,23.92,75.06,52.99,2.00,3.35
172,27.50,81.49,46.01,23.94,75.08,53.01,2.00,3.35
173,27.51,81.51,45.98,23.91,75.05,52.99,2.00,3.35
174,27.54,81.57,45.99,23.92,75.06,53.00,0.78,3.40
175,27.55,81.59,45.96,23.91,75.05,53.00,1.57,3.45
176,27.56,81.61,45.96,23.90,75.03,53.00,2.00,3.45
177,27.55,81.59,45.93,23.91,75.05,53.00,2.00,3.45
178,27.58,81.65,45.94,23.90,75.03,52.98,1.67,3.49
179,27.58,81.65,45.93,23.91,75.05,52.99,2.00,3.49
180,27.60,81.69,45.89,23.90,75.03,52.98,1.98,3.54
181,27.61,81.71,45.88,23.90,75.03,53.00,2.00,3.54
182,27.63,81.73,45.86,23.91,75.05,53.00,2.00,3.54
183,27.63,81.73,45.86,23.89,75.01,52.98,2.00,3.54
184,27.65,81.76,45.84,23.92,75.06,53.00,2.00,3.54
185,27.69,81.84,45.84,23.92,75.06,53.01,0.10,3.54
186,27.69,81.84,45.83,23.92,75.06,53.01,1.25,3.58
187,27.69,81.84,45.83,23.91,75.05,53.02,2.00,3.58
188,27.69,81.84,45.79,23.92,75.06,53.00,2.00,3.58
189,27.71,81.88,45.79,23.94,75.08,53.01,2.00,3.58
190,27.73,81.92,45.78,23.90,75.03,53.01,1.30,3.63
191,27.73,81.92,45.75,23.90,75.03,53.01,2.00,3.63
192,27.75,81.96,45.74,23.89,75.01,53.01,1.75,3.67
193,27.79,82.01,45.74,23.90,75.03,53.01,0.10,3.67
194,27.78,82.00,45.74,23.90,75.03,53.02,2.00,3.67
195,27.76,81.98,45.71,23.90,75.03,53.01,2.00,3.67
196,27.80,82.03,45.69,23.89,75.01,53.03,2.00,3.67
197,27.82,82.07,45.67,23.90,75.03,53.01,0.97,3.71
198,27.83,82.09,45.66,23.87,74.97,53.01,1.64,3.75
199,27.82,82.07,45.65,23.90,75.03,53.01,2.00,3.75
200,27.87,82.17,45.66,23.90,75.03,53.01,0.10,3.75
201,27.85,82.13,45.62,23.88,74.99,53.02,2.00,3.75
202,27.87,82.17,45.62,23.90,75.03,53.04,2.00,3.75
203,27.87,82.17,45.61,23.89,75.01,53.02,2.00,3.75
204,27.89,82.21,45.60,23.88,74.99,53.03,2.00,3.75
205,27.90,82.23,45.59,23.89,75.01,53.03,2.00,3.75
206,27.91,82.25,45.58,23.88,74.99,53.02,2.00,3.75
207,27.91,82.25,45.56,23.89,75.01,53.01,2.00,3.75
208,27.93,82.27,45.55,23.89,75.01,53.04,2.00,3.75
209,27.96,82.32,45.54,23.88,74.99,53.03,0.45,3.79
210,27.96,82.32,45.51,23.88,74.99,53.04,2.00,3.79
211,27.97,82.34,45.50,23.90,75.03,53.04,2.00,3.79
212,27.97,82.34,45.49,23.87,74.97,53.06,2.00,3.79
213,27.99,82.38,45.48,23.89,75.01,53.04,2.00,3.79
214,28.01,82.42,45.49,23.91,75.05,53.07,0.95,3.83
215,28.01,82.42,45.45,23.89,75.01,53.06,2.00,3.83
216,28.01,82.42,45.46,23.90,75.03,53.06,2.00,3.83
217,28.02,82.44,45.45,23.91,75.05,53.06,2.00,3.83
218,28.03,82.46,45.43,23.95,75.10,53.07,2.00,3.83
219,28.03,82.46,45.43,23.95,75.10,53.08,2.00,3.83
220,28.06,82.52,45.41,23.92,75.06,53.09,1.08,3.87
221,28.09,82.56,45.40,23.95,75.10,53.07,0.18,3.90
222,28.11,82.59,45.39,23.95,75.10,53.07,0.10,3.90
223,28.10,82.57,45.39,23.92,75.06,53.07,2.00,3.90
224,28.10,82.57,45.38,23.95,75.10,53.08,2.00,3.90
225,28.13,82.63,45.38,23.97,75.14,53.07,1.09,3.94
226,28.12,82.61,45.33,23.97,75.14,53.07,2.00,3.94
227,28.14,82.65,45.35,23.92,75.06,53.07,2.00,3.94
228,28.14,82.65,45.32,23.96,75.12,53.06,2.00,3.94
229,28.17,82.71,45.31,23.96,75.12,53.07,0.61,3.97
230,28.17,82.71,45.31,23.96,75.12,53.07,2.00,3.97
231,28.17,82.71,45.28,23.98,75.16,53.07,2.00,3.97
232,28.18,82.73,45.27,23.98,75.16,53.07,2.00,3.97
233,28.19,82.75,45.27,23.97,75.14,53.06,2.00,3.97
234,28.19,82.75,45.24,23.98,75.16,53.07,2.00,3.97
235,28.19,82.75,45.24,23.97,75.14,53.05,2.00,3.97
236,28.23,82.81,45.21,23.96,75.12,53.04,1.48,4.01
237,28.21,82.79,45.20,23.97,75.14,53.05,2.00,4.01
238,28.25,82.84,45.21,23.97,75.14,53.04,1.12,4.04
239,28.25,82.84,45.19,23.97,75.14,53.04,2.00,4.04
240,28.25,82.84,45.19,23.95,75.10,53.02,2.00,4.04
241,28.28,82.90,45.18,23.97,75.14,53.05,0.84,4.07
242,28.28,82.90,45.17,23.96,75.12,53.04,2.00,4.07
243,28.29,82.92,45.16,23.96,75.12,53.03,2.00,4.07
244,28.31,82.96,45.15,23.97,75.14,53.05,1.22,4.11
245,28.31,82.96,45.12,23.96,75.12,53.04,2.00,4.11
246,28.34,83.02,45.13,23.96,75.12,53.02,0.10,4.11
247,28.34,83.02,45.12,23.98,75.16,53.02,2.00,4.11
248,28.32,82.98,45.08,23.96,75.12,53.04,2.00,4.11
249,28.34,83.02,45.08,23.96,75.12,53.02,2.00,4.11
250,28.35,83.04,45.07,23.94,75.08,53.01,2.00,4.11
251,28.38,83.08,45.07,23.95,75.10,53.01,1.61,4.14
252,28.41,83.13,45.05,23.95,75.10,53.01,0.10,4.14
253,28.41,83.13,45.05,23.96,75.12,53.01,1.58,4.17
254,28.41,83.13,45.04,23.96,75.12,53.01,2.00,4.17
255,28.43,83.17,45.03,23.96,75.12,53.01,1.57,4.20
256,28.42,83.15,45.03,23.94,75.08,53.01,2.00,4.20
257,28.43,83.17,45.01,23.95,75.10,53.00,2.00,4.20
258,28.45,83.21,44.99,23.95,75.10,53.01,2.00,4.20
259,28.45,83.21,44.99,23.94,75.08,52.99,2.00,4.20
260,28.46,83.23,44.98,23.97,75.14,53.01,2.00,4.20
261,28.47,83.25,44.98,23.96,75.12,53.01,2.00,4.20
262,28.46,83.23,44.95,23.94,75.08,53.00,2.00,4.20
263,28.48,83.27,44.96,23.95,75.10,53.01,2.00,4.20
264,28.50,83.31,44.93,23.92,75.06,52.99,1.37,4.23
265,28.55,83.39,44.93,23.92,75.06,53.00,0.10,4.23
266,28.53,83.35,44.93,23.91,75.05,52.99,2.00,4.23
267,28.53,83.35,44.92,23.94,75.08,52.99,2.00,4.23
268,28.56,83.40,44.90,23.92,75.06,52.98,0.81,4.25
269,28.55,83.39,44.88,23.92,75.06,52.98,2.00,4.25
270,28.55,83.39,44.89,23.92,75.06,52.98,2.00,4.25
271,28.56,83.40,44.86,23.89,75.01,52.97,2.00,4.25
272,28.57,83.42,44.86,23.91,75.05,52.98,2.00,4.25
273,28.58,83.44,44.84,23.90,75.03,52.97,2.00,4.25
274,28.58,83.44,44.83,23.90,75.03,52.98,2.00,4.25
275,28.61,83.50,44.83,23.90,75.03,52.98,0.66,4.28
276,28.62,83.52,44.80,23.89,75.01,52.98,1.19,4.31
277,28.60,83.48,44.81,23.89,75.01,52.98,2.00,4.31
278,28.60,83.48,44.80,23.90,75.03,52.97,2.00,4.31
279,28.61,83.50,44.78,23.89,75.01,52.99,2.00,4.31
280,28.62,83.52,44.77,23.89,75.01,52.99,2.00,4.31
281,28.64,83.56,44.77,23.89,75.01,52.98,1.92,4.33
282,28.62,83.52,44.74,23.88,74.99,52.99,2.00,4.33
283,28.64,83.56,44.74,23.89,75.01,53.00,2.00,4.33
284,28.63,83.54,44.76,23.91,75.05,53.01,2.00,4.33
285,28.67,83.60,44.74,23.88,74.99,53.01,1.83,4.36
286,28.67,83.60,44.73,23.90,75.03,53.00,2.00,4.36
287,28.67,83.60,44.72,23.88,74.99,53.00,2.00,4.36
288,28.68,83.62,44.70,23.88,74.99,53.01,2.00,4.36
289,28.69,83.64,44.70,23.88,74.99,53.01,2.00,4.36
290,28.71,83.67,44.69,23.89,75.01,53.03,1.39,4.38
291,28.71,83.67,44.69,23.90,75.03,53.01,2.00,4.38
292,28.69,83.64,44.68,23.89,75.01,53.03,2.00,4.38
293,28.71,83.67,44.68,23.87,74.97,53.01,2.00,4.38
294,28.71,83.67,44.69,23.88,74.99,53.01,2.00,4.38
295,28.72,83.69,44.66,23.88,74.99,53.02,2.00,4.38
296,28.71,83.67,44.64,23.88,74.99,53.01,2.00,4.38
297,28.74,83.73,44.65,23.89,75.01,53.03,1.97,4.41
298,28.73,83.71,44.64,23.87,74.97,53.03,2.00,4.41
299,28.75,83.75,44.64,23.89,75.01,53.03,2.00,4.41
300,28.76,83.77,44.63,23.87,74.97,53.04,2.00,4.41
301,28.76,83.77,44.64,23.88,74.99,53.03,2.00,4.41
302,28.75,83.75,44.62,23.89,75.01,53.04,2.00,4.41
303,28.78,83.81,44.62,23.87,74.97,53.03,1.85,4.43
304,28.80,83.85,44.63,23.85,74.93,53.03,0.49,4.45
305,28.79,83.83,44.61,23.86,74.95,53.03,2.00,4.45
306,28.82,83.87,44.61,23.88,74.99,53.04,1.85,4.48
307,28.80,83.85,44.60,23.86,74.95,53.04,2.00,4.48
308,28.82,83.87,44.58,23.86,74.95,53.04,2.00,4.48
309,28.83,83.89,44.58,23.85,74.93,53.04,2.00,4.48
310,28.85,83.93,44.58,23.88,74.99,53.04,1.42,4.50
311,28.85,83.93,44.58,23.88,74.99,53.04,2.00,4.50
312,28.85,83.93,44.58,23.86,74.95,53.04,2.00,4.50
313,28.88,83.98,44.56,23.87,74.97,53.06,0.57,4.52
314,28.87,83.96,44.57,23.88,74.99,53.04,2.00,4.52
315,28.88,83.98,44.56,23.86,74.95,53.05,2.00,4.52
316,28.88,83.98,44.54,23.85,74.93,53.06,2.00,4.52
317,28.89,84.00,44.54,23.86,74.95,53.06,2.00,4.52
318,28.90,84.02,44.55,23.86,74.95,53.04,2.00,4.52
319,28.90,84.02,44.53,23.87,74.97,53.06,2.00,4.52
320,28.90,84.02,44.51,23.86,74.95,53.07,2.00,4.52
321,28.92,84.06,44.52,23.86,74.95,53.06,2.00,4.52
322,28.93,84.08,44.52,23.86,74.95,53.07,2.00,4.52
323,28.92,84.06,44.50,23.86,74.95,53.06,2.00,4.52
324,28.93,84.08,44.51,23.88,74.99,53.06,2.00,4.52
325,28.94,84.10,44.49,23.88,74.99,53.06,2.00,4.52
326,28.97,84.14,44.49,23.88,74.99,53.07,1.38,4.54
327,28.95,84.12,44.47,23.87,74.97,53.06,2.00,4.54
328,28.95,84.12,44.47,23.89,75.01,53.06,2.00,4.54
329,28.99,84.18,44.48,23.89,75.01,53.06,1.10,4.56
330,28.97,84.14,44.45,23.92,75.06,53.06,2.00,4.56
331,28.99,84.18,44.45,23.88,74.99,53.08,2.00,4.56
332,28.97,84.14,44.45,23.86,74.95,53.06,2.00,4.56
333,28.98,84.16,44.45,23.88,74.99,53.06,2.00,4.56
334,29.01,84.22,44.42,23.88,74.99,53.07,1.24,4.58
335,29.00,84.20,44.42,23.86,74.95,53.06,2.00,4.58
336,29.03,84.25,44.43,23.87,74.97,53.07,0.62,4.60
337,29.03,84.25,44.42,23.86,74.95,53.06,2.00,4.60
338,29.04,84.27,44.42,23.87,74.97,53.07,2.00,4.60
339,29.07,84.33,44.42,23.87,74.97,53.07,0.10,4.60
340,29.06,84.31,44.41,23.86,74.95,53.07,2.00,4.60
341,29.06,84.31,44.39,23.85,74.93,53.07,2.00,4.60
342,29.06,84.31,44.38,23.88,74.99,53.07,2.00,4.60
343,29.07,84.33,44.39,23.87,74.97,53.07,2.00,4.60
344,29.09,84.37,44.38,23.86,74.95,53.08,1.63,4.61
345,29.11,84.39,44.39,23.87,74.97,53.08,1.68,4.63
346,29.13,84.43,44.37,23.86,74.95,53.07,0.26,4.65
347,29.13,84.43,44.37,23.85,74.93,53.07,2.00,4.65
348,29.12,84.41,44.36,23.87,74.97,53.07,2.00,4.65
349,29.12,84.41,44.37,23.86,74.95,53.06,2.00,4.65
350,29.13,84.43,44.35,23.86,74.95,53.08,2.00,4.65
351,29.16,84.49,44.34,23.88,74.99,53.07,0.43,4.67
352,29.17,84.51,44.33,23.86,74.95,53.09,0.86,4.68
353,29.15,84.47,44.31,23.87,74.97,53.08,2.00,4.68
354,29.17,84.51,44.32,23.86,74.95,53.07,2.00,4.68
355,29.18,84.52,44.29,23.86,74.95,53.08,2.00,4.68
356,29.17,84.51,44.30,23.88,74.99,53.09,2.00,4.68
357,29.19,84.54,44.29,23.86,74.95,53.09,2.00,4.68
358,29.19,84.54,44.28,23.88,74.99,53.07,2.00,4.68
359,29.19,84.54,44.28,23.86,74.95,53.08,2.00,4.68
360,29.22,84.60,44.29,23.88,74.99,53.07,0.61,4.70
361,29.21,84.58,44.26,23.88,74.99,53.09,2.00,4.70
362,29.21,84.58,44.26,23.87,74.97,53.08,2.00,4.70
363,29.21,84.58,44.26,23.88,74.99,53.09,2.00,4.70
364,29.24,84.64,44.26,23.88,74.99,53.09,1.00,4.71
365,29.22,84.60,44.25,23.88,74.99,53.08,2.00,4.71
366,29.26,84.66,44.24,23.89,75.01,53.09,1.35,4.73
367,29.23,84.62,44.22,23.87,74.97,53.09,2.00,4.73
368,29.24,84.64,44.22,23.88,74.99,53.10,2.00,4.73
369,29.26,84.66,44.20,23.88,74.99,53.07,2.00,4.73
370,29.27,84.68,44.22,23.88,74.99,53.09,2.00,4.73
371,29.26,84.66,44.19,23.87,74.97,53.09,2.00,4.73
372,29.28,84.70,44.19,23.87,74.97,53.08,2.00,4.73
373,29.28,84.70,44.19,23.85,74.93,53.10,2.00,4.73
374,29.26,84.66,44.18,23.88,74.99,53.08,2.00,4.73
375,29.27,84.68,44.17,23.88,74.99,53.08,2.00,4.73
376,29.29,84.72,44.17,23.86,74.95,53.09,2.00,4.73
377,29.29,84.72,44.16,23.87,74.97,53.09,2.00,4.73
378,29.29,84.72,44.16,23.88,74.99,53.10,2.00,4.73
379,29.30,84.74,44.16,23.89,75.01,53.09,2.00,4.73
380,29.32,84.78,44.15,23.85,74.93,53.09,1.38,4.74
381,29.31,84.76,44.15,23.87,74.97,53.09,2.00,4.74
382,29.34,84.81,44.13,23.89,75.01,53.09,0.49,4.75
383,29.35,84.83,44.13,23.88,74.99,53.09,0.83,4.76
384,29.33,84.79,44.12,23.88,74.99,53.09,2.00,4.76
385,29.34,84.81,44.12,23.86,74.95,53.09,2.00,4.76
386,29.36,84.85,44.13,23.86,74.95,53.09,1.78,4.78
387,29.37,84.87,44.11,23.87,74.97,53.10,1.68,4.79
388,29.35,84.83,44.10,23.88,74.99,53.10,2.00,4.79
389,29.38,84.89,44.10,23.88,74.99,53.10,1.58,4.80
390,29.37,84.87,44.09,23.87,74.97,53.10,2.00,4.80
391,29.38,84.89,44.10,23.86,74.95,53.10,2.00,4.80
392,29.39,84.91,44.10,23.88,74.99,53.10,2.00,4.80
393,29.37,84.87,44.08,23.87,74.97,53.10,2.00,4.80
394,29.39,84.91,44.07,23.89,75.01,53.11,2.00,4.80
395,29.41,84.93,44.07,23.88,74.99,53.10,2.00,4.80
396,29.41,84.93,44.06,23.86,74.95,53.10,2.00,4.80
397,29.42,84.95,44.06,23.87,74.97,53.09,2.00,4.80
398,29.44,84.99,44.06,23.86,74.95,53.10,1.02,4.81
399,29.43,84.97,44.04,23.89,75.01,53.10,2.00,4.81
400,29.43,84.97,44.02,23.88,74.99,53.09,2.00,4.81
401,29.44,84.99,44.05,23.87,74.97,53.10,2.00,4.81
402,29.44,84.99,44.06,23.89,75.01,53.10,2.00,4.81
403,29.45,85.01,44.04,23.88,74.99,53.12,2.00,4.81
404,29.44,84.99,44.02,23.89,75.01,53.10,2.00,4.81
405,29.45,85.01,44.03,23.89,75.01,53.10,2.00,4.81
406,29.44,84.99,44.02,23.89,75.01,53.09,2.00,4.81
407,29.47,85.05,44.03,23.87,74.97,53.10,1.65,4.82
408,29.46,85.03,44.00,23.88,74.99,53.10,2.00,4.82
409,29.46,85.03,44.00,23.87,74.97,53.10,2.00,4.82
410,29.47,85.05,44.00,23.89,75.01,53.09,2.00,4.82
411,29.46,85.03,44.01,23.88,74.99,53.10,2.00,4.82
412,29.49,85.08,43.98,23.89,75.01,53.09,1.42,4.83
413,29.50,85.10,43.99,23.88,74.99,53.10,1.39,4.84
414,29.49,85.08,43.98,23.87,74.97,53.09,2.00,4.84
415,29.51,85.12,43.99,23.89,75.01,53.08,1.84,4.85
416,29.51,85.12,43.96,23.88,74.99,53.08,2.00,4.85
417,29.53,85.16,43.99,23.90,75.03,53.09,1.06,4.86
418,29.53,85.16,43.98,23.88,74.99,53.07,2.00,4.86
419,29.54,85.18,43.98,23.91,75.05,53.07,2.00,4.86
420,29.56,85.20,43.97,23.87,74.97,53.07,1.85,4.87
421,29.56,85.20,43.97,23.88,74.99,53.07,2.00,4.87
422,29.56,85.20,43.96,23.88,74.99,53.07,2.00,4.87
423,29.57,85.22,43.96,23.87,74.97,53.06,2.00,4.87
424,29.58,85.24,43.95,23.87,74.97,53.06,2.00,4.87
425,29.58,85.24,43.95,23.87,74.97,53.07,2.00,4.87
426,29.56,85.20,43.92,23.86,74.95,53.06,2.00,4.87
427,29.58,85.24,43.93,23.87,74.97,53.04,2.00,4.87
428,29.62,85.32,43.93,23.86,74.95,53.04,0.10,4.87
429,29.60,85.28,43.92,23.87,74.97,53.04,2.00,4.87
430,29.59,85.26,43.92,23.88,74.99,53.03,2.00,4.87
431,29.60,85.28,43.90,23.88,74.99,53.04,2.00,4.87
432,29.60,85.28,43.90,23.86,74.95,53.04,2.00,4.87
433,29.63,85.34,43.90,23.86,74.95,53.04,0.61,4.88
434,29.65,85.37,43.90,23.87,74.97,53.03,0.10,4.88
435,29.64,85.35,43.90,23.87,74.97,53.04,2.00,4.88
436,29.65,85.37,43.90,23.88,74.99,53.04,2.00,4.88
437,29.65,85.37,43.87,23.86,74.95,53.03,2.00,4.88
438,29.65,85.37,43.87,23.87,74.97,53.03,2.00,4.88
439,29.63,85.34,43.88,23.86,74.95,53.03,2.00,4.88
440,29.64,85.35,43.86,23.88,74.99,53.04,2.00,4.88
441,29.65,85.37,43.88,23.88,74.99,53.03,2.00,4.88
442,29.64,85.35,43.86,23.86,74.95,53.03,2.00,4.88
443,29.66,85.39,43.84,23.86,74.95,53.03,2.00,4.88
444,29.67,85.41,43.84,23.88,74.99,53.03,2.00,4.88
445,29.66,85.39,43.84,23.87,74.97,53.03,2.00,4.88
446,29.65,85.37,43.83,23.88,74.99,53.03,2.00,4.88
447,29.67,85.41,43.84,23.86,74.95,53.04,2.00,4.88
448,29.68,85.43,43.83,23.86,74.95,53.04,2.00,4.88
449,29.67,85.41,43.82,23.86,74.95,53.03,2.00,4.88
450,29.68,85.43,43.82,23.87,74.97,53.02,2.00,4.88
451,29.70,85.45,43.83,23.85,74.93,53.04,2.00,4.88
452,29.70,85.45,43.82,23.86,74.95,53.04,2.00,4.88
453,29.71,85.47,43.82,23.85,74.93,53.03,2.00,4.88
454,29.71,85.47,43.80,23.86,74.95,53.01,2.00,4.88
455,29.71,85.47,43.80,23.85,74.93,53.04,2.00,4.88
456,29.73,85.51,43.81,23.86,74.95,53.04,1.69,4.88
457,29.74,85.53,43.80,23.85,74.93,53.01,1.46,4.89
458,29.74,85.53,43.81,23.85,74.93,53.03,2.00,4.89
459,29.74,85.53,43.78,23.87,74.97,53.02,2.00,4.89
460,29.75,85.55,43.77,23.86,74.95,53.04,2.00,4.89
461,29.75,85.55,43.78,23.86,74.95,53.03,2.00,4.89
462,29.76,85.57,43.79,23.85,74.93,53.01,2.00,4.89
463,29.75,85.55,43.78,23.86,74.95,53.01,2.00,4.89
464,29.77,85.59,43.77,23.86,74.95,53.04,2.00,4.89
465,29.78,85.61,43.77,23.83,74.89,53.01,1.78,4.89
466,29.78,85.61,43.77,23.86,74.95,53.03,2.00,4.89
467,29.80,85.64,43.76,23.85,74.93,53.00,0.81,4.89
468,29.79,85.62,43.75,23.86,74.95,53.02,2.00,4.89
469,29.80,85.64,43.74,23.84,74.91,53.01,2.00,4.89
470,29.80,85.64,43.74,23.86,74.95,53.01,2.00,4.89
471,29.80,85.64,43.73,23.85,74.93,53.01,2.00,4.89
472,29.80,85.64,43.74,23.84,74.91,53.02,2.00,4.89
473,29.80,85.64,43.74,23.85,74.93,53.01,2.00,4.89
474,29.80,85.64,43.73,23.84,74.91,53.01,2.00,4.89
475,29.82,85.68,43.73,23.84,74.91,53.01,2.00,4.89
476,29.81,85.66,43.73,23.82,74.87,53.01,2.00,4.89
477,29.82,85.68,43.73,23.84,74.91,53.02,2.00,4.89
478,29.82,85.68,43.71,23.83,74.89,53.02,2.00,4.89
479,29.81,85.66,43.70,23.83,74.89,53.01,2.00,4.89
480,29.82,85.68,43.71,23.84,74.91,53.01,2.00,4.89
481,29.86,85.74,43.70,23.83,74.89,53.01,0.16,4.90
482,29.82,85.68,43.70,23.83,74.89,53.01,2.00,4.90
483,29.82,85.68,43.70,23.84,74.91,53.01,2.00,4.90
484,29.85,85.72,43.67,23.84,74.91,53.02,2.00,4.90
485,29.87,85.76,43.68,23.84,74.91,53.01,0.64,4.90
486,29.85,85.72,43.69,23.83,74.89,53.04,2.00,4.90
487,29.87,85.76,43.69,23.84,74.91,53.01,2.00,4.90
488,29.87,85.76,43.67,23.83,74.89,53.01,2.00,4.90
489,29.89,85.80,43.68,23.84,74.91,53.02,0.91,4.90
490,29.88,85.78,43.67,23.84,74.91,53.02,2.00,4.90
491,29.90,85.82,43.67,23.86,74.95,53.04,1.31,4.90
492,29.91,85.84,43.66,23.86,74.95,53.04,1.11,4.91
493,29.91,85.84,43.66,23.84,74.91,53.04,2.00,4.91
494,29.91,85.84,43.67,23.87,74.97,53.04,2.00,4.91
495,29.91,85.84,43.66,23.86,74.95,53.05,2.00,4.91
496,29.92,85.86,43.66,23.87,74.97,53.04,2.00,4.91
497,29.91,85.84,43.64,23.87,74.97,53.04,2.00,4.91
498,29.91,85.84,43.64,23.88,74.99,53.04,2.00,4.91
499,29.93,85.88,43.66,23.86,74.95,53.04,2.00,4.91
500,29.92,85.86,43.64,23.88,74.99,53.04,2.00,4.91
501,29.93,85.88,43.64,23.88,74.99,53.05,2.00,4.91
502,29.95,85.91,43.64,23.87,74.97,53.06,0.95,4.91
503,29.93,85.88,43.63,23.88,74.99,53.04,2.00,4.91
504,29.95,85.91,43.62,23.88,74.99,53.04,2.00,4.91
505,29.95,85.91,43.62,23.88,74.99,53.04,2.00,4.91
506,29.95,85.91,43.63,23.88,74.99,53.04,2.00,4.91
507,29.97,85.95,43.62,23.89,75.01,53.06,1.28,4.91
508,29.95,85.91,43.61,23.88,74.99,53.06,2.00,4.91
509,29.96,85.93,43.62,23.88,74.99,53.04,2.00,4.91
510,29.97,85.95,43.61,23.89,75.01,53.04,2.00,4.91
511,30.00,85.99,43.61,23.89,75.01,53.04,0.59,4.91
512,30.00,85.99,43.60,23.90,75.03,53.03,2.00,4.91
513,29.97,85.95,43.59,23.91,75.05,53.04,2.00,4.91
514,30.00,85.99,43.61,23.90,75.03,53.04,2.00,4.91
515,30.00,85.99,43.60,23.88,74.99,53.03,2.00,4.91
516,30.00,85.99,43.58,23.89,75.01,53.03,2.00,4.91
517,30.02,86.03,43.59,23.89,75.01,53.03,1.36,4.91
518,30.01,86.01,43.58,23.88,74.99,53.02,2.00,4.91
519,30.00,85.99,43.58,23.89,75.01,53.02,2.00,4.91
520,30.00,85.99,43.56,23.91,75.05,53.01,2.00,4.91
521,30.00,85.99,43.55,23.90,75.03,53.01,2.00,4.91
522,30.01,86.01,43.57,23.90,75.03,53.02,2.00,4.91
523,30.03,86.05,43.57,23.92,75.06,53.03,1.21,4.91
524,30.03,86.05,43.55,23.91,75.05,53.02,2.00,4.91
525,30.03,86.05,43.56,23.90,75.03,53.03,2.00,4.91
526,30.05,86.09,43.56,23.90,75.03,53.01,0.89,4.91
527,30.03,86.05,43.56,23.92,75.06,53.01,2.00,4.91
528,30.04,86.07,43.55,23.90,75.03,53.01,2.00,4.91
529,30.04,86.07,43.56,23.92,75.06,53.01,2.00,4.91
530,30.05,86.09,43.56,23.92,75.06,53.01,2.00,4.91
531,30.06,86.11,43.55,23.91,75.05,53.01,2.00,4.91
532,30.08,86.15,43.55,23.91,75.05,53.01,0.10,4.91
533,30.06,86.11,43.55,23.92,75.06,53.01,2.00,4.91
534,30.07,86.13,43.52,23.92,75.06,53.01,2.00,4.91
535,30.07,86.13,43.53,23.91,75.05,53.00,2.00,4.91
536,30.11,86.20,43.54,23.92,75.06,53.01,0.10,4.91
537,30.10,86.18,43.53,23.95,75.10,53.03,1.88,4.90
538,30.09,86.17,43.52,23.95,75.10,53.01,2.00,4.90
539,30.08,86.15,43.53,23.96,75.12,53.01,2.00,4.90
540,30.10,86.18,43.52,23.96,75.12,53.01,2.00,4.90
541,30.10,86.18,43.52,23.96,75.12,53.04,2.00,4.90
542,30.10,86.18,43.51,23.96,75.12,53.01,2.00,4.90
543,30.12,86.22,43.52,23.95,75.10,53.01,1.22,4.90
544,30.12,86.22,43.51,23.96,75.12,53.01,2.00,4.90
545,30.12,86.22,43.51,23.96,75.12,53.01,2.00,4.90
546,30.13,86.24,43.51,23.96,75.12,53.00,2.00,4.90
547,30.13,86.24,43.51,23.97,75.14,53.01,2.00,4.90
548,30.13,86.24,43.50,23.96,75.12,53.01,2.00,4.90
549,30.12,86.22,43.49,23.95,75.10,52.99,2.00,4.90
550,30.12,86.22,43.48,23.97,75.14,52.99,2.00,4.90
551,30.15,86.26,43.48,23.95,75.10,52.98,2.00,4.90
552,30.17,86.30,43.48,23.96,75.12,52.99,0.10,4.90
553,30.15,86.26,43.47,23.95,75.10,52.98,2.00,4.90
554,30.15,86.26,43.48,23.94,75.08,52.97,2.00,4.90
555,30.16,86.28,43.48,23.95,75.10,52.98,2.00,4.90
556,30.17,86.30,43.46,23.95,75.10,52.96,2.00,4.90
557,30.17,86.30,43.46,23.94,75.08,52.97,2.00,4.90
558,30.17,86.30,43.46,23.94,75.08,52.96,2.00,4.90
559,30.20,86.36,43.47,23.96,75.12,52.97,0.10,4.90
560,30.19,86.34,43.45,23.95,75.10,52.97,2.00,4.90
561,30.19,86.34,43.44,23.98,75.16,52.96,2.00,4.90
562,30.20,86.36,43.45,23.98,75.16,52.96,2.00,4.90
563,30.19,86.34,43.45,23.98,75.16,52.96,2.00,4.90
564,30.19,86.34,43.43,23.98,75.16,52.96,2.00,4.90
565,30.20,86.36,43.45,23.95,75.10,52.98,2.00,4.90
566,30.21,86.38,43.44,23.96,75.12,52.96,2.00,4.90
567,30.21,86.38,43.42,23.96,75.12,52.96,2.00,4.90
568,30.20,86.36,43.42,23.98,75.16,52.98,2.00,4.90
569,30.21,86.38,43.43,23.96,75.12,52.94,2.00,4.90
570,30.19,86.34,43.42,23.98,75.16,52.95,2.00,4.90
571,30.23,86.42,43.42,23.96,75.12,52.94,0.19,4.90
572,30.23,86.42,43.42,23.96,75.12,52.95,1.63,4.89
573,30.22,86.40,43.42,23.96,75.12,52.94,2.00,4.89
574,30.23,86.42,43.44,23.96,75.12,52.94,2.00,4.89
575,30.22,86.40,43.40,23.96,75.12,52.94,2.00,4.89
576,30.23,86.42,43.40,23.96,75.12,52.93,2.00,4.89
577,30.24,86.44,43.40,23.95,75.10,52.94,2.00,4.89
578,30.25,86.45,43.40,23.94,75.08,52.93,1.54,4.89
579,30.24,86.44,43.41,23.96,75.12,52.93,2.00,4.89
580,30.24,86.44,43.38,23.95,75.10,52.91,2.00,4.89
581,30.26,86.47,43.39,23.96,75.12,52.92,1.37,4.88
582,30.24,86.44,43.39,23.96,75.12,52.93,2.00,4.88
583,30.26,86.47,43.35,23.95,75.10,52.93,2.00,4.88
584,30.28,86.51,43.39,23.94,75.08,52.91,0.10,4.88
585,30.28,86.51,43.37,23.96,75.12,52.91,1.48,4.88
586,30.30,86.53,43.39,23.96,75.12,52.92,1.01,4.87
587,30.30,86.53,43.39,23.97,75.14,52.91,2.00,4.87
588,30.31,86.55,43.40,23.99,75.18,52.91,1.44,4.87
589,30.30,86.53,43.37,23.97,75.14,52.90,2.00,4.87
590,30.31,86.55,43.38,23.99,75.18,52.91,2.00,4.87
591,30.28,86.51,43.35,23.98,75.16,52.90,2.00,4.87
592,30.28,86.51,43.35,23.99,75.18,52.92,2.00,4.87
593,30.27,86.49,43.35,24.00,75.20,52.91,2.00,4.87
594,30.31,86.55,43.35,24.00,75.20,52.91,1.53,4.86
595,30.32,86.57,43.35,23.99,75.18,52.89,1.03,4.86
596,30.31,86.55,43.35,23.98,75.16,52.90,2.00,4.86
597,30.30,86.53,43.34,24.00,75.20,52.91,2.00,4.86
598,30.30,86.53,43.33,23.99,75.18,52.90,2.00,4.86
599,30.32,86.57,43.35,24.00,75.20,52.88,1.89,4.85
600,30.33,86.59,43.33,24.00,75.20,52.89,1.25,4.84
601,30.32,86.57,43.31,23.98,75.16,52.89,2.00,4.84
602,30.32,86.57,43.32,23.98,75.16,52.88,2.00,4.84
603,30.34,86.61,43.31,24.00,75.20,52.88,1.16,4.84
604,30.34,86.61,43.32,24.00,75.20,52.88,2.00,4.84
605,30.34,86.61,43.30,23.97,75.14,52.88,2.00,4.84
606,30.34,86.61,43.32,24.00,75.20,52.89,2.00,4.84
607,30.34,86.61,43.30,23.99,75.18,52.87,2.00,4.84
608,30.35,86.63,43.29,23.99,75.18,52.87,2.00,4.84
609,30.34,86.61,43.29,24.01,75.22,52.88,2.00,4.84
610,30.36,86.65,43.30,24.01,75.22,52.88,1.53,4.83
611,30.34,86.61,43.29,24.01,75.22,52.89,2.00,4.83
612,30.36,86.65,43.29,24.01,75.22,52.88,2.00,4.83
613,30.35,86.63,43.27,24.01,75.22,52.86,2.00,4.83
614,30.36,86.65,43.29,24.02,75.24,52.88,2.00,4.83
615,30.34,86.61,43.29,24.01,75.22,52.87,2.00,4.83
616,30.37,86.67,43.27,24.02,75.24,52.88,1.21,4.82
617,30.38,86.69,43.29,24.01,75.22,52.87,0.76,4.82
618,30.39,86.71,43.27,24.00,75.20,52.88,0.46,4.81
619,30.40,86.73,43.28,24.00,75.20,52.85,0.24,4.80
620,30.40,86.73,43.28,23.98,75.16,52.85,1.54,4.80
621,30.41,86.74,43.28,23.99,75.18,52.85,0.96,4.79
622,30.39,86.71,43.29,24.00,75.20,52.86,2.00,4.79
623,30.40,86.73,43.26,24.01,75.22,52.85,2.00,4.79
624,30.41,86.74,43.27,24.01,75.22,52.86,2.00,4.79
625,30.40,86.73,43.26,24.01,75.22,52.85,2.00,4.79
626,30.41,86.74,43.26,24.01,75.22,52.85,2.00,4.79
627,30.41,86.74,43.26,24.01,75.22,52.85,2.00,4.79
628,30.41,86.74,43.26,23.98,75.16,52.86,2.00,4.79
629,30.41,86.74,43.26,24.01,75.22,52.84,2.00,4.79
630,30.39,86.71,43.25,24.00,75.20,52.83,2.00,4.79
631,30.41,86.74,43.25,24.00,75.20,52.83,2.00,4.79
632,30.40,86.73,43.22,24.01,75.22,52.84,2.00,4.79
633,30.42,86.76,43.25,24.00,75.20,52.81,1.69,4.78
634,30.41,86.74,43.25,23.98,75.16,52.82,2.00,4.78
635,30.41,86.74,43.25,23.99,75.18,52.82,2.00,4.78
636,30.42,86.76,43.21,23.97,75.14,52.80,2.00,4.78
637,30.40,86.73,43.22,23.98,75.16,52.81,2.00,4.78
638,30.44,86.78,43.24,23.98,75.16,52.81,1.02,4.77
639,30.42,86.76,43.23,23.98,75.16,52.82,2.00,4.77
640,30.39,86.71,43.22,23.99,75.18,52.82,2.00,4.77
641,30.40,86.73,43.22,23.98,75.16,52.81,2.00,4.77
642,30.41,86.74,43.22,23.97,75.14,52.81,2.00,4.77
643,30.41,86.74,43.21,23.98,75.16,52.80,2.00,4.77
644,30.45,86.80,43.22,23.98,75.16,52.80,0.10,4.77
645,30.45,86.80,43.21,23.97,75.14,52.79,1.00,4.76
646,30.42,86.76,43.21,23.97,75.14,52.81,2.00,4.76
647,30.44,86.78,43.22,23.97,75.14,52.82,2.00,4.76
648,30.44,86.78,43.21,23.97,75.14,52.82,2.00,4.76
649,30.45,86.80,43.21,23.96,75.12,52.81,2.00,4.76
650,30.44,86.78,43.22,23.97,75.14,52.81,2.00,4.76
651,30.41,86.74,43.21,23.98,75.16,52.82,2.00,4.76
652,30.45,86.80,43.22,23.97,75.14,52.82,1.75,4.76
653,30.46,86.82,43.22,23.98,75.16,52.82,1.06,4.75
654,30.45,86.80,43.22,23.97,75.14,52.83,2.00,4.75
655,30.45,86.80,43.22,23.97,75.14,52.82,2.00,4.75
656,30.45,86.80,43.22,23.97,75.14,52.83,2.00,4.75
657,30.46,86.82,43.22,23.96,75.12,52.82,2.00,4.75
658,30.46,86.82,43.22,23.97,75.14,52.83,2.00,4.75
659,30.46,86.82,43.22,23.97,75.14,52.84,2.00,4.75
660,30.47,86.84,43.22,23.97,75.14,52.82,2.00,4.75
661,30.46,86.82,43.22,23.98,75.16,52.82,2.00,4.75
662,30.46,86.82,43.21,23.98,75.16,52.85,2.00,4.75
663,30.46,86.82,43.21,23.96,75.12,52.82,2.00,4.75
664,30.46,86.82,43.19,23.99,75.18,52.82,2.00,4.75
665,30.46,86.82,43.22,23.97,75.14,52.82,2.00,4.75
666,30.47,86.84,43.22,23.98,75.16,52.82,2.00,4.75
667,30.46,86.82,43.19,23.97,75.14,52.82,2.00,4.75
668,30.46,86.82,43.19,23.98,75.16,52.82,2.00,4.75
669,30.46,86.82,43.20,23.97,75.14,52.82,2.00,4.75
670,30.48,86.86,43.22,23.98,75.16,52.83,1.26,4.74
671,30.48,86.86,43.20,23.98,75.16,52.84,2.00,4.74
672,30.48,86.86,43.22,23.97,75.14,52.83,2.00,4.74
673,30.49,86.88,43.21,23.96,75.12,52.81,1.71,4.73
674,30.49,86.88,43.19,23.98,75.16,52.80,2.00,4.73
675,30.49,86.88,43.21,23.98,75.16,52.82,2.00,4.73
676,30.50,86.90,43.19,23.95,75.10,52.82,1.83,4.72
677,30.50,86.90,43.21,23.97,75.14,52.82,2.00,4.72
678,30.49,86.88,43.20,23.96,75.12,52.82,2.00,4.72
679,30.50,86.90,43.20,23.96,75.12,52.82,2.00,4.72
680,30.52,86.94,43.20,23.96,75.12,52.84,0.28,4.71
681,30.50,86.90,43.21,23.96,75.12,52.82,2.00,4.71
682,30.51,86.92,43.19,23.96,75.12,52.81,2.00,4.71
683,30.52,86.94,43.20,23.97,75.14,52.82,1.69,4.70
684,30.55,87.00,43.19,23.97,75.14,52.82,0.10,4.70
685,30.54,86.98,43.19,23.97,75.14,52.81,1.42,4.69
686,30.54,86.98,43.19,23.96,75.12,52.82,2.00,4.69
687,30.55,87.00,43.19,23.95,75.10,52.82,1.30,4.68
688,30.54,86.98,43.19,23.96,75.12,52.82,2.00,4.68
689,30.54,86.98,43.20,23.97,75.14,52.82,2.00,4.68
690,30.55,87.00,43.19,23.96,75.12,52.80,2.00,4.68
691,30.55,87.00,43.17,23.96,75.12,52.81,2.00,4.68
692,30.54,86.98,43.20,23.95,75.10,52.82,2.00,4.68
693,30.55,87.00,43.19,23.95,75.10,52.82,2.00,4.68
694,30.57,87.03,43.18,23.95,75.10,52.82,0.27,4.67
695,30.55,87.00,43.19,23.92,75.06,52.84,2.00,4.67
696,30.56,87.01,43.17,23.96,75.12,52.82,2.00,4.67
697,30.54,86.98,43.16,23.95,75.10,52.84,2.00,4.67
698,30.60,87.07,43.16,23.95,75.10,52.82,0.10,4.67
699,30.57,87.03,43.15,23.95,75.10,52.81,2.00,4.67
700,30.56,87.01,43.17,23.96,75.12,52.83,2.00,4.67
701,30.59,87.05,43.13,23.96,75.12,52.82,1.39,4.66
702,30.59,87.05,43.16,23.94,75.08,52.82,2.00,4.66
703,30.57,87.03,43.13,23.92,75.06,52.80,2.00,4.66
704,30.61,87.09,43.15,23.96,75.12,52.81,0.10,4.66
705,30.60,87.07,43.16,23.95,75.10,52.81,2.00,4.66
706,30.61,87.09,43.14,23.95,75.10,52.82,1.41,4.65
707,30.60,87.07,43.13,23.91,75.05,52.82,2.00,4.65
708,30.59,87.05,43.14,23.94,75.08,52.82,2.00,4.65
709,30.60,87.07,43.14,23.92,75.06,52.81,2.00,4.65
710,30.60,87.07,43.13,23.91,75.05,52.80,2.00,4.65
711,30.60,87.07,43.10,23.94,75.08,52.81,2.00,4.65
712,30.62,87.11,43.12,23.94,75.08,52.82,0.63,4.63
713,30.61,87.09,43.13,23.92,75.06,52.79,2.00,4.63
714,30.62,87.11,43.11,23.92,75.06,52.81,1.82,4.62
715,30.61,87.09,43.10,23.95,75.10,52.80,2.00,4.62
716,30.64,87.15,43.13,23.92,75.06,52.80,0.10,4.62
717,30.62,87.11,43.08,23.91,75.05,52.82,2.00,4.62
718,30.65,87.17,43.11,23.94,75.08,52.79,0.10,4.62
719,30.63,87.13,43.09,23.90,75.03,52.81,2.00,4.62
720,30.63,87.13,43.09,23.92,75.06,52.79,2.00,4.62
721,30.63,87.13,43.09,23.91,75.05,52.82,2.00,4.62
722,30.65,87.17,43.06,23.92,75.06,52.82,0.72,4.61
723,30.64,87.15,43.07,23.90,75.03,52.82,2.00,4.61
724,30.65,87.17,43.06,23.90,75.03,52.82,1.82,4.60
725,30.65,87.17,43.08,23.91,75.05,52.82,2.00,4.60
726,30.66,87.19,43.06,23.90,75.03,52.82,1.32,4.59
727,30.69,87.25,43.03,23.91,75.05,52.82,0.10,4.59
728,30.66,87.19,43.04,23.91,75.05,52.82,2.00,4.59
729,30.68,87.23,43.06,23.90,75.03,52.83,0.92,4.57
730,30.66,87.19,43.03,23.90,75.03,52.83,2.00,4.57
731,30.69,87.25,43.03,23.90,75.03,52.83,0.10,4.57
732,30.68,87.23,43.03,23.91,75.05,52.83,2.00,4.57
733,30.66,87.19,43.05,23.92,75.06,52.82,2.00,4.57
734,30.68,87.23,43.02,23.90,75.03,52.85,2.00,4.57
735,30.67,87.21,43.00,23.92,75.06,52.84,2.00,4.57
736,30.67,87.21,43.00,23.91,75.05,52.83,2.00,4.57
737,30.65,87.17,43.02,23.90,75.03,52.83,2.00,4.57
738,30.66,87.19,43.00,23.92,75.06,52.85,2.00,4.57
739,30.67,87.21,42.99,23.91,75.05,52.85,2.00,4.57
740,30.69,87.25,43.00,23.90,75.03,52.84,0.10,4.57
741,30.69,87.25,42.99,23.90,75.03,52.83,1.10,4.56
742,30.68,87.23,43.00,23.88,74.99,52.85,2.00,4.56
743,30.69,87.25,42.98,23.90,75.03,52.85,1.92,4.55
744,30.68,87.23,42.97,23.90,75.03,52.85,2.00,4.55
745,30.69,87.25,42.98,23.90,75.03,52.85,2.00,4.55
746,30.66,87.19,42.97,23.90,75.03,52.84,2.00,4.55
747,30.67,87.21,42.98,23.90,75.03,52.85,2.00,4.55
748,30.68,87.23,42.97,23.90,75.03,52.86,2.00,4.55
749,30.69,87.25,42.97,23.89,75.01,52.84,1.45,4.53
750,30.71,87.29,42.97,23.89,75.01,52.84,0.10,4.53
751,30.68,87.23,42.97,23.89,75.01,52.86,2.00,4.53
752,30.69,87.25,42.96,23.89,75.01,52.87,2.00,4.53
753,30.69,87.25,42.95,23.89,75.01,52.88,2.00,4.53
754,30.69,87.25,42.96,23.86,74.95,52.88,2.00,4.53
755,30.67,87.21,42.94,23.88,74.99,52.86,2.00,4.53
756,30.69,87.25,42.94,23.88,74.99,52.87,2.00,4.53
757,30.69,87.25,42.95,23.90,75.03,52.88,2.00,4.53
758,30.67,87.21,42.95,23.89,75.01,52.88,2.00,4.53
759,30.69,87.25,42.95,23.88,74.99,52.86,2.00,4.53
760,30.68,87.23,42.93,23.90,75.03,52.88,2.00,4.53
761,30.68,87.23,42.95,23.89,75.01,52.88,2.00,4.53
762,30.70,87.27,42.95,23.89,75.01,52.89,0.80,4.52
763,30.69,87.25,42.93,23.88,74.99,52.89,2.00,4.52
764,30.70,87.27,42.95,23.91,75.05,52.88,1.75,4.51
765,30.70,87.27,42.92,23.90,75.03,52.89,2.00,4.51
766,30.70,87.27,42.93,23.90,75.03,52.90,2.00,4.51
767,30.71,87.29,42.95,23.90,75.03,52.89,1.44,4.49
768,30.71,87.29,42.93,23.91,75.05,52.88,2.00,4.49
769,30.70,87.27,42.93,23.90,75.03,52.89,2.00,4.49
770,30.70,87.27,42.95,23.90,75.03,52.88,2.00,4.49
771,30.72,87.30,42.93,23.90,75.03,52.90,0.72,4.48
772,30.74,87.32,42.94,23.91,75.05,52.89,0.12,4.47
773,30.74,87.32,42.94,23.89,75.01,52.89,1.17,4.45
774,30.72,87.30,42.93,23.89,75.01,52.88,2.00,4.45
775,30.74,87.32,42.93,23.88,74.99,52.88,1.85,4.44
776,30.74,87.32,42.93,23.89,75.01,52.87,2.00,4.44
777,30.74,87.32,42.93,23.88,74.99,52.88,2.00,4.44
778,30.75,87.34,42.93,23.89,75.01,52.88,1.38,4.42
779,30.76,87.36,42.93,23.89,75.01,52.88,0.54,4.41
780,30.75,87.34,42.92,23.91,75.05,52.87,2.00,4.41
781,30.76,87.36,42.93,23.89,75.01,52.88,1.53,4.40
782,30.75,87.34,42.93,23.89,75.01,52.88,2.00,4.40
783,30.72,87.30,42.92,23.88,74.99,52.87,2.00,4.40
784,30.75,87.34,42.89,23.90,75.03,52.86,2.00,4.40
785,30.70,87.27,42.91,23.90,75.03,52.89,2.00,4.40
786,30.74,87.32,42.90,23.91,75.05,52.87,2.00,4.40
787,30.74,87.32,42.91,23.90,75.03,52.86,2.00,4.40
788,30.75,87.34,42.90,23.90,75.03,52.88,1.39,4.38
789,30.74,87.32,42.90,23.91,75.05,52.88,2.00,4.38
790,30.71,87.29,42.91,23.90,75.03,52.88,2.00,4.38
791,30.75,87.34,42.91,23.90,75.03,52.88,0.89,4.37
792,30.74,87.32,42.90,23.89,75.01,52.88,2.00,4.37
793,30.74,87.32,42.90,23.91,75.05,52.88,2.00,4.37
794,30.71,87.29,42.90,23.90,75.03,52.88,2.00,4.37
795,30.74,87.32,42.90,23.92,75.06,52.87,2.00,4.37
796,30.72,87.30,42.89,23.90,75.03,52.87,2.00,4.37
797,30.74,87.32,42.89,23.90,75.03,52.86,2.00,4.37
798,30.72,87.30,42.90,23.92,75.06,52.88,2.00,4.37
799,30.76,87.36,42.89,23.92,75.06,52.86,0.10,4.37
800,30.76,87.36,42.90,23.92,75.06,52.86,0.65,4.35
801,30.75,87.34,42.90,23.90,75.03,52.88,2.00,4.35
802,30.76,87.36,42.90,23.90,75.03,52.85,1.54,4.34
803,30.76,87.36,42.91,23.90,75.03,52.88,2.00,4.34
804,30.76,87.36,42.89,23.89,75.01,52.86,2.00,4.34
805,30.74,87.32,42.89,23.88,74.99,52.85,2.00,4.34
806,30.76,87.36,42.89,23.91,75.05,52.85,1.85,4.33
807,30.76,87.36,42.88,23.90,75.03,52.83,2.00,4.33
808,30.76,87.36,42.90,23.90,75.03,52.85,2.00,4.33
809,30.76,87.36,42.89,23.89,75.01,52.85,2.00,4.33
810,30.78,87.40,42.90,23.90,75.03,52.85,0.10,4.33
811,30.75,87.34,42.89,23.88,74.99,52.84,2.00,4.33
812,30.76,87.36,42.89,23.88,74.99,52.85,2.00,4.33
813,30.78,87.40,42.87,23.88,74.99,52.85,0.24,4.31
814,30.76,87.36,42.87,23.90,75.03,52.85,2.00,4.31
815,30.78,87.40,42.89,23.90,75.03,52.85,0.84,4.30
816,30.77,87.38,42.87,23.90,75.03,52.85,2.00,4.30
817,30.78,87.40,42.89,23.90,75.03,52.85,1.58,4.28
818,30.77,87.38,42.86,23.89,75.01,52.84,2.00,4.28
819,30.78,87.40,42.87,23.89,75.01,52.84,1.90,4.27
820,30.78,87.40,42.87,23.91,75.05,52.85,2.00,4.27
821,30.76,87.36,42.88,23.91,75.05,52.86,2.00,4.27
822,30.77,87.38,42.87,23.91,75.05,52.85,2.00,4.27
823,30.77,87.38,42.87,23.90,75.03,52.85,2.00,4.27
824,30.74,87.32,42.87,23.89,75.01,52.84,2.00,4.27
825,30.76,87.36,42.85,23.89,75.01,52.82,2.00,4.27
826,30.76,87.36,42.87,23.89,75.01,52.83,2.00,4.27
827,30.75,87.34,42.86,23.90,75.03,52.83,2.00,4.27
828,30.78,87.40,42.87,23.88,74.99,52.82,0.10,4.27
829,30.76,87.36,42.85,23.89,75.01,52.84,2.00,4.27
830,30.75,87.34,42.86,23.92,75.06,52.85,2.00,4.27
831,30.76,87.36,42.84,23.90,75.03,52.83,2.00,4.27
832,30.76,87.36,42.85,23.92,75.06,52.83,2.00,4.27
833,30.76,87.36,42.87,23.90,75.03,52.84,2.00,4.27
834,30.75,87.34,42.87,23.91,75.05,52.82,2.00,4.27
835,30.75,87.34,42.84,23.90,75.03,52.83,2.00,4.27
836,30.76,87.36,42.87,23.90,75.03,52.83,2.00,4.27
837,30.76,87.36,42.87,23.89,75.01,52.83,2.00,4.27
838,30.78,87.40,42.85,23.87,74.97,52.82,0.10,4.27
839,30.76,87.36,42.87,23.89,75.01,52.83,2.00,4.27
840,30.79,87.42,42.87,23.88,74.99,52.82,0.10,4.27
841,30.78,87.40,42.87,23.87,74.97,52.82,1.89,4.25
842,30.77,87.38,42.84,23.88,74.99,52.83,2.00,4.25
843,30.78,87.40,42.87,23.87,74.97,52.83,2.00,4.25
844,30.78,87.40,42.86,23.87,74.97,52.83,2.00,4.25
845,30.78,87.40,42.85,23.89,75.01,52.83,2.00,4.25
846,30.77,87.38,42.85,23.88,74.99,52.83,2.00,4.25
847,30.80,87.44,42.85,23.87,74.97,52.82,0.10,4.25
848,30.78,87.40,42.86,23.88,74.99,52.82,2.00,4.25
849,30.77,87.38,42.85,23.85,74.93,52.82,2.00,4.25
850,30.78,87.40,42.84,23.86,74.95,52.82,2.00,4.25
851,30.79,87.42,42.85,23.86,74.95,52.82,1.38,4.24
852,30.78,87.40,42.84,23.85,74.93,52.83,2.00,4.24
853,30.79,87.42,42.85,23.86,74.95,52.83,1.77,4.22
854,30.81,87.46,42.87,23.87,74.97,52.82,0.10,4.22
855,30.80,87.44,42.86,23.86,74.95,52.82,1.92,4.21
856,30.79,87.42,42.85,23.84,74.91,52.83,2.00,4.21
857,30.82,87.48,42.86,23.85,74.93,52.82,0.10,4.21
858,30.80,87.44,42.86,23.86,74.95,52.83,2.00,4.21
859,30.80,87.44,42.84,23.86,74.95,52.83,2.00,4.21
860,30.81,87.46,42.85,23.84,74.91,52.83,1.61,4.19
861,30.80,87.44,42.87,23.85,74.93,52.85,2.00,4.19
862,30.82,87.48,42.84,23.86,74.95,52.85,0.39,4.18
863,30.80,87.44,42.82,23.88,74.99,52.83,2.00,4.18
864,30.82,87.48,42.84,23.86,74.95,52.84,0.79,4.16
865,30.83,87.50,42.81,23.87,74.97,52.85,0.10,4.16
866,30.80,87.44,42.84,23.88,74.99,52.84,2.00,4.16
867,30.82,87.48,42.84,23.86,74.95,52.86,1.59,4.15
868,30.81,87.46,42.83,23.87,74.97,52.85,2.00,4.15
869,30.82,87.48,42.83,23.86,74.95,52.86,1.79,4.13
870,30.81,87.46,42.83,23.86,74.95,52.85,2.00,4.13
871,30.79,87.42,42.81,23.86,74.95,52.85,2.00,4.13
872,30.80,87.44,42.81,23.89,75.01,52.85,2.00,4.13
873,30.80,87.44,42.81,23.86,74.95,52.86,2.00,4.13
874,30.79,87.42,42.81,23.86,74.95,52.85,2.00,4.13
875,30.80,87.44,42.80,23.86,74.95,52.85,2.00,4.13
876,30.82,87.48,42.81,23.86,74.95,52.83,0.10,4.13
877,30.80,87.44,42.81,23.86,74.95,52.85,2.00,4.13
878,30.81,87.46,42.80,23.88,74.99,52.85,1.95,4.11
879,30.79,87.42,42.79,23.86,74.95,52.87,2.00,4.11
880,30.78,87.40,42.77,23.86,74.95,52.85,2.00,4.11
881,30.81,87.46,42.78,23.88,74.99,52.85,0.48,4.10
882,30.81,87.46,42.80,23.85,74.93,52.85,1.24,4.08
883,30.81,87.46,42.80,23.86,74.95,52.85,1.74,4.07
884,30.83,87.50,42.80,23.85,74.93,52.85,0.10,4.07
885,30.81,87.46,42.77,23.86,74.95,52.86,2.00,4.07
886,30.82,87.48,42.81,23.86,74.95,52.86,1.64,4.05
887,30.82,87.48,42.77,23.87,74.97,52.85,1.99,4.04
888,30.81,87.46,42.78,23.86,74.95,52.86,2.00,4.04
889,30.82,87.48,42.79,23.86,74.95,52.86,1.91,4.02
890,30.82,87.48,42.77,23.88,74.99,52.86,2.00,4.02
891,30.82,87.48,42.77,23.87,74.97,52.86,2.00,4.02
892,30.83,87.50,42.77,23.88,74.99,52.85,1.01,4.01
893,30.82,87.48,42.77,23.86,74.95,52.85,2.00,4.01
894,30.83,87.50,42.75,23.87,74.97,52.87,1.44,3.99
895,30.83,87.50,42.74,23.87,74.97,52.86,1.83,3.97
896,30.82,87.48,42.77,23.88,74.99,52.85,2.00,3.97
897,30.82,87.48,42.77,23.87,74.97,52.88,2.00,3.97
898,30.82,87.48,42.77,23.88,74.99,52.88,2.00,3.97
899,30.82,87.48,42.76,23.87,74.97,52.87,2.00,3.97
900,30.82,87.48,42.74,23.89,75.01,52.87,2.00,3.97
901,30.82,87.48,42.76,23.89,75.01,52.88,2.00,3.97
902,30.81,87.46,42.75,23.89,75.01,52.85,2.00,3.97
903,30.81,87.46,42.73,23.87,74.97,52.87,2.00,3.97
904,30.82,87.48,42.77,23.88,74.99,52.88,1.89,3.96
905,30.83,87.50,42.74,23.88,74.99,52.86,0.68,3.94
906,30.83,87.50,42.75,23.88,74.99,52.87,1.31,3.93
907,30.83,87.50,42.76,23.89,75.01,52.88,1.72,3.91
908,30.84,87.52,42.77,23.88,74.99,52.88,0.54,3.90
909,30.83,87.50,42.76,23.88,74.99,52.86,2.00,3.90
910,30.83,87.50,42.75,23.89,75.01,52.85,2.00,3.90
911,30.82,87.48,42.76,23.87,74.97,52.85,2.00,3.90
912,30.84,87.52,42.76,23.89,75.01,52.85,0.65,3.88
913,30.82,87.48,42.75,23.89,75.01,52.87,2.00,3.88
914,30.84,87.52,42.72,23.89,75.01,52.88,0.73,3.86
915,30.82,87.48,42.74,23.87,74.97,52.85,2.00,3.86
916,30.84,87.52,42.77,23.89,75.01,52.88,0.75,3.85
917,30.84,87.52,42.74,23.89,75.01,52.85,1.32,3.83
918,30.85,87.54,42.73,23.89,75.01,52.85,0.24,3.82
919,30.85,87.54,42.73,23.89,75.01,52.86,0.96,3.80
920,30.86,87.56,42.75,23.88,74.99,52.88,0.10,3.80
921,30.85,87.54,42.73,23.88,74.99,52.86,2.00,3.80
922,30.85,87.54,42.73,23.88,74.99,52.85,2.00,3.80
923,30.86,87.56,42.73,23.88,74.99,52.83,0.89,3.78
924,30.85,87.54,42.72,23.91,75.05,52.85,2.00,3.78
925,30.86,87.56,42.74,23.88,74.99,52.86,1.24,3.77
926,30.84,87.52,42.74,23.88,74.99,52.85,2.00,3.77
927,30.85,87.54,42.73,23.89,75.01,52.85,2.00,3.77
928,30.86,87.56,42.74,23.89,75.01,52.85,0.92,3.75
929,30.87,87.57,42.74,23.90,75.03,52.85,0.10,3.75
930,30.90,87.61,42.72,23.90,75.03,52.85,0.10,3.75
931,30.87,87.57,42.76,23.89,75.01,52.86,2.00,3.75
932,30.87,87.57,42.73,23.92,75.06,52.86,2.00,3.75
933,30.86,87.56,42.71,23.91,75.05,52.85,2.00,3.75
934,30.87,87.57,42.72,23.91,75.05,52.86,1.82,3.73
935,30.87,87.57,42.71,23.94,75.08,52.87,1.98,3.72
936,30.86,87.56,42.71,23.91,75.05,52.85,2.00,3.72
937,30.87,87.57,42.70,23.92,75.06,52.84,1.67,3.70
938,30.86,87.56,42.70,23.90,75.03,52.84,2.00,3.70
939,30.86,87.56,42.69,23.92,75.06,52.84,2.00,3.70
940,30.86,87.56,42.69,23.92,75.06,52.82,2.00,3.70
941,30.87,87.57,42.70,23.95,75.10,52.85,1.15,3.69
942,30.85,87.54,42.68,23.97,75.14,52.84,2.00,3.69
943,30.85,87.54,42.66,23.95,75.10,52.84,2.00,3.69
944,30.86,87.56,42.67,23.94,75.08,52.84,1.79,3.67
945,30.89,87.59,42.68,23.94,75.08,52.83,0.10,3.67
946,30.85,87.54,42.68,23.94,75.08,52.83,2.00,3.67
947,30.85,87.54,42.67,23.95,75.10,52.84,2.00,3.67
948,30.84,87.52,42.67,23.95,75.10,52.82,2.00,3.67
949,30.84,87.52,42.68,23.96,75.12,52.81,2.00,3.67
950,30.87,87.57,42.67,23.95,75.10,52.82,0.10,3.67
951,30.85,87.54,42.67,23.97,75.14,52.80,2.00,3.67
952,30.89,87.59,42.67,23.97,75.14,52.83,0.10,3.67
953,30.85,87.54,42.65,23.97,75.14,52.82,2.00,3.67
954,30.87,87.57,42.66,23.96,75.12,52.79,0.56,3.65
955,30.85,87.54,42.65,23.96,75.12,52.78,2.00,3.65
956,30.86,87.56,42.67,23.96,75.12,52.79,1.98,3.64
957,30.85,87.54,42.65,23.95,75.10,52.78,2.00,3.64
958,30.86,87.56,42.66,23.98,75.16,52.78,1.64,3.62
959,30.85,87.54,42.67,23.96,75.12,52.78,2.00,3.62
960,30.85,87.54,42.67,23.98,75.16,52.76,2.00,3.62
961,30.82,87.48,42.65,23.96,75.12,52.75,2.00,3.62
962,30.85,87.54,42.67,23.96,75.12,52.76,1.11,3.60
963,30.84,87.52,42.65,23.98,75.16,52.75,2.00,3.60
964,30.85,87.54,42.67,23.98,75.16,52.76,1.25,3.59
965,30.85,87.54,42.66,23.97,75.14,52.75,1.56,3.57
966,30.84,87.52,42.66,23.96,75.12,52.75,2.00,3.57
967,30.85,87.54,42.65,23.97,75.14,52.74,1.42,3.56
968,30.82,87.48,42.66,23.98,75.16,52.74,2.00,3.56
969,30.85,87.54,42.67,23.96,75.12,52.73,0.40,3.54
970,30.86,87.56,42.66,23.96,75.12,52.73,0.10,3.54
971,30.84,87.52,42.65,23.97,75.14,52.72,2.00,3.54
972,30.86,87.56,42.67,23.96,75.12,52.72,0.10,3.54
973,30.85,87.54,42.66,23.96,75.12,52.72,2.00,3.54
974,30.86,87.56,42.66,23.97,75.14,52.72,0.72,3.52
975,30.84,87.52,42.67,23.96,75.12,52.72,2.00,3.52
976,30.85,87.54,42.67,23.96,75.12,52.72,1.99,3.51
977,30.85,87.54,42.66,23.95,75.10,52.69,2.00,3.51
978,30.86,87.56,42.65,23.96,75.12,52.70,0.61,3.49
979,30.85,87.54,42.65,23.94,75.08,52.71,2.00,3.49
980,30.86,87.56,42.67,23.96,75.12,52.70,0.95,3.47
981,30.90,87.61,42.66,23.96,75.12,52.70,0.10,3.47
982,30.86,87.56,42.66,23.96,75.12,52.70,2.00,3.47
983,30.89,87.59,42.66,23.96,75.12,52.70,0.10,3.47
984,30.87,87.57,42.66,23.97,75.14,52.70,1.99,3.46
985,30.89,87.59,42.66,23.96,75.12,52.70,0.55,3.44
986,30.87,87.57,42.65,23.95,75.10,52.69,2.00,3.44
987,30.89,87.59,42.66,23.97,75.14,52.69,0.88,3.42
988,30.91,87.63,42.66,23.96,75.12,52.69,0.10,3.42
989,30.87,87.57,42.64,23.96,75.12,52.67,2.00,3.42
990,30.87,87.57,42.65,23.98,75.16,52.69,2.00,3.42
991,30.86,87.56,42.65,23.98,75.16,52.69,2.00,3.42
992,30.87,87.57,42.65,23.99,75.18,52.68,2.00,3.42
993,30.86,87.56,42.64,23.98,75.16,52.68,2.00,3.42
994,30.87,87.57,42.64,23.99,75.18,52.67,1.57,3.41
995,30.86,87.56,42.65,23.97,75.14,52.66,2.00,3.41
996,30.89,87.59,42.65,23.95,75.10,52.65,0.10,3.41
997,30.86,87.56,42.64,23.96,75.12,52.65,2.00,3.41
998,30.86,87.56,42.63,23.94,75.08,52.65,2.00,3.41
999,30.87,87.57,42.61,23.95,75.10,52.65,1.21,3.39
1000,30.86,87.56,42.62,23.95,75.10,52.65,2.00,3.39
1001,30.87,87.57,42.63,23.94,75.08,52.65,1.15,3.37
1002,30.89,87.59,42.64,23.97,75.14,52.64,0.10,3.37
1003,30.86,87.56,42.63,23.95,75.10,52.65,2.00,3.37
1004,30.85,87.54,42.62,23.95,75.10,52.64,2.00,3.37
1005,30.85,87.54,42.61,23.95,75.10,52.65,2.00,3.37
1006,30.85,87.54,42.61,23.94,75.08,52.64,2.00,3.37
1007,30.86,87.56,42.62,23.95,75.10,52.62,1.27,3.36
1008,30.84,87.52,42.62,23.94,75.08,52.65,2.00,3.36
1009,30.85,87.54,42.61,23.95,75.10,52.65,2.00,3.36
1010,30.87,87.57,42.61,23.91,75.05,52.63,0.10,3.36
1011,30.86,87.56,42.61,23.94,75.08,52.63,1.56,3.34
1012,30.86,87.56,42.59,23.96,75.12,52.63,1.67,3.33
1013,30.86,87.56,42.63,23.94,75.08,52.63,1.75,3.31
1014,30.86,87.56,42.61,23.94,75.08,52.62,1.79,3.29
1015,30.85,87.54,42.61,23.95,75.10,52.62,2.00,3.29
1016,30.85,87.54,42.61,23.96,75.12,52.62,2.00,3.29
1017,30.86,87.56,42.61,23.94,75.08,52.62,1.06,3.28
1018,30.83,87.50,42.61,23.97,75.14,52.63,2.00,3.28
1019,30.85,87.54,42.61,23.94,75.08,52.62,1.53,3.26
1020,30.86,87.56,42.58,23.96,75.12,52.62,0.19,3.24
1021,30.85,87.54,42.60,23.96,75.12,52.61,2.00,3.24
1022,30.85,87.54,42.59,23.96,75.12,52.62,2.00,3.24
1023,30.84,87.52,42.60,23.97,75.14,52.62,2.00,3.24
1024,30.84,87.52,42.59,23.97,75.14,52.60,2.00,3.24
1025,30.85,87.54,42.61,23.96,75.12,52.61,1.13,3.23
1026,30.83,87.50,42.61,23.95,75.10,52.60,2.00,3.23
1027,30.84,87.52,42.58,23.96,75.12,52.62,2.00,3.23
1028,30.84,87.52,42.60,23.97,75.14,52.59,1.96,3.21
1029,30.85,87.54,42.58,23.95,75.10,52.59,0.47,3.20
1030,30.85,87.54,42.58,23.96,75.12,52.59,0.91,3.18
1031,30.82,87.48,42.59,23.95,75.10,52.58,2.00,3.18
1032,30.85,87.54,42.59,23.92,75.06,52.59,0.10,3.18
1033,30.85,87.54,42.59,23.96,75.12,52.58,0.58,3.16
1034,30.85,87.54,42.58,23.96,75.12,52.58,0.97,3.15
1035,30.84,87.52,42.58,23.95,75.10,52.58,2.00,3.15
1036,30.85,87.54,42.59,23.96,75.12,52.58,0.93,3.13
1037,30.85,87.54,42.59,23.92,75.06,52.57,1.19,3.11
1038,30.86,87.56,42.58,23.95,75.10,52.56,0.10,3.11
1039,30.87,87.57,42.57,23.96,75.12,52.57,0.10,3.11
1040,30.85,87.54,42.57,23.95,75.10,52.56,2.00,3.11
1041,30.86,87.56,42.58,23.94,75.08,52.56,1.02,3.10
1042,30.86,87.56,42.58,23.96,75.12,52.56,1.24,3.08
1043,30.84,87.52,42.57,23.94,75.08,52.56,2.00,3.08
1044,30.86,87.56,42.56,23.95,75.10,52.58,0.52,3.07
1045,30.86,87.56,42.56,23.96,75.12,52.56,0.89,3.05
1046,30.84,87.52,42.58,23.95,75.10,52.54,2.00,3.05
1047,30.84,87.52,42.56,23.95,75.10,52.54,2.00,3.05
1048,30.84,87.52,42.56,23.94,75.08,52.56,2.00,3.05
1049,30.82,87.48,42.56,23.95,75.10,52.54,2.00,3.05
1050,30.85,87.54,42.56,23.95,75.10,52.55,0.10,3.05
1051,30.85,87.54,42.56,23.94,75.08,52.56,0.39,3.03
1052,30.85,87.54,42.57,23.94,75.08,52.56,0.80,3.02
1053,30.85,87.54,42.55,23.92,75.06,52.56,1.07,3.00
1054,30.85,87.54,42.55,23.94,75.08,52.54,1.24,2.98
1055,30.85,87.54,42.55,23.92,75.06,52.54,1.35,2.97
1056,30.84,87.52,42.56,23.92,75.06,52.54,2.00,2.97
1057,30.85,87.54,42.56,23.92,75.06,52.54,1.00,2.95
1058,30.85,87.54,42.55,23.91,75.05,52.52,1.18,2.94
1059,30.83,87.50,42.55,23.94,75.08,52.54,2.00,2.94
1060,30.84,87.52,42.55,23.92,75.06,52.53,1.87,2.92
1061,30.83,87.50,42.55,23.91,75.05,52.53,2.00,2.92
1062,30.85,87.54,42.55,23.90,75.03,52.53,0.10,2.92
1063,30.85,87.54,42.52,23.89,75.01,52.53,0.36,2.90
1064,30.83,87.50,42.54,23.90,75.03,52.52,2.00,2.90
1065,30.82,87.48,42.55,23.88,74.99,52.52,2.00,2.90
1066,30.84,87.52,42.55,23.89,75.01,52.53,0.55,2.89
1067,30.83,87.50,42.54,23.91,75.05,52.53,2.00,2.89
1068,30.85,87.54,42.52,23.89,75.01,52.51,0.10,2.89
1069,30.84,87.52,42.51,23.90,75.03,52.53,1.39,2.87
1070,30.84,87.52,42.53,23.88,74.99,52.52,1.42,2.86
1071,30.83,87.50,42.51,23.90,75.03,52.51,2.00,2.86
1072,30.83,87.50,42.53,23.89,75.01,52.53,2.00,2.86
1073,30.85,87.54,42.52,23.90,75.03,52.53,0.10,2.86
1074,30.82,87.48,42.52,23.90,75.03,52.53,2.00,2.86
1075,30.83,87.50,42.52,23.90,75.03,52.54,1.94,2.84
1076,30.82,87.48,42.52,23.89,75.01,52.53,2.00,2.84
1077,30.84,87.52,42.50,23.89,75.01,52.53,0.10,2.84
1078,30.82,87.48,42.51,23.91,75.05,52.52,2.00,2.84
1079,30.81,87.46,42.53,23.90,75.03,52.54,2.00,2.84
1080,30.82,87.48,42.49,23.90,75.03,52.53,1.80,2.82
1081,30.82,87.48,42.51,23.88,74.99,52.53,1.69,2.81
1082,30.81,87.46,42.52,23.89,75.01,52.53,2.00,2.81
1083,30.81,87.46,42.49,23.90,75.03,52.53,2.00,2.81
1084,30.80,87.44,42.52,23.89,75.01,52.54,2.00,2.81
1085,30.78,87.40,42.48,23.89,75.01,52.53,2.00,2.81
1086,30.81,87.46,42.48,23.88,74.99,52.52,0.10,2.81
1087,30.80,87.44,42.49,23.90,75.03,52.53,1.98,2.79
1088,30.80,87.44,42.48,23.88,74.99,52.55,1.81,2.78
1089,30.81,87.46,42.48,23.87,74.97,52.53,0.25,2.76
1090,30.78,87.40,42.48,23.89,75.01,52.53,2.00,2.76
1091,30.80,87.44,42.48,23.92,75.06,52.53,0.93,2.75
1092,30.79,87.42,42.48,23.88,74.99,52.53,2.00,2.75
1093,30.81,87.46,42.48,23.87,74.97,52.55,0.10,2.75
1094,30.80,87.44,42.48,23.89,75.01,52.55,1.45,2.73
1095,30.79,87.42,42.48,23.89,75.01,52.54,2.00,2.73
1096,30.79,87.42,42.48,23.89,75.01,52.55,2.00,2.73
1097,30.79,87.42,42.48,23.87,74.97,52.56,2.00,2.73
1098,30.79,87.42,42.48,23.86,74.95,52.52,1.88,2.72
1099,30.78,87.40,42.47,23.90,75.03,52.56,2.00,2.72
1100,30.80,87.44,42.48,23.89,75.01,52.56,0.10,2.72
1101,30.80,87.44,42.48,23.89,75.01,52.54,0.28,2.70
1102,30.83,87.50,42.48,23.90,75.03,52.56,0.10,2.70
1103,30.83,87.50,42.48,23.88,74.99,52.54,0.10,2.70
1104,30.80,87.44,42.49,23.89,75.01,52.56,2.00,2.70
1105,30.81,87.46,42.49,23.88,74.99,52.54,1.32,2.69
1106,30.81,87.46,42.49,23.89,75.01,52.54,1.33,2.67
1107,30.82,87.48,42.48,23.89,75.01,52.54,0.10,2.67
1108,30.82,87.48,42.50,23.86,74.95,52.53,0.37,2.66
1109,30.82,87.48,42.48,23.88,74.99,52.53,0.68,2.64
1110,30.82,87.48,42.48,23.87,74.97,52.53,0.88,2.63
1111,30.81,87.46,42.48,23.88,74.99,52.53,2.00,2.63
1112,30.82,87.48,42.48,23.86,74.95,52.56,0.63,2.61
1113,30.80,87.44,42.47,23.87,74.97,52.53,2.00,2.61
1114,30.81,87.46,42.48,23.86,74.95,52.52,1.48,2.59
1115,30.80,87.44,42.48,23.88,74.99,52.53,2.00,2.59
1116,30.81,87.46,42.48,23.85,74.93,52.53,0.89,2.58
1117,30.80,87.44,42.48,23.87,74.97,52.53,2.00,2.58
1118,30.80,87.44,42.47,23.85,74.93,52.56,2.00,2.58
1119,30.80,87.44,42.46,23.85,74.93,52.56,1.80,2.56
1120,30.79,87.42,42.45,23.85,74.93,52.56,2.00,2.56
1121,30.78,87.40,42.45,23.86,74.95,52.56,2.00,2.56
1122,30.79,87.42,42.45,23.85,74.93,52.57,1.60,2.55
1123,30.80,87.44,42.45,23.84,74.91,52.56,0.10,2.55
1124,30.80,87.44,42.47,23.85,74.93,52.56,0.44,2.53
1125,30.78,87.40,42.45,23.84,74.91,52.54,2.00,2.53
1126,30.80,87.44,42.47,23.86,74.95,52.57,0.10,2.53
1127,30.77,87.38,42.45,23.84,74.91,52.55,2.00,2.53
1128,30.77,87.38,42.43,23.87,74.97,52.57,2.00,2.53
1129,30.79,87.42,42.43,23.85,74.93,52.57,0.10,2.53
1130,30.78,87.40,42.44,23.84,74.91,52.55,1.81,2.52
1131,30.77,87.38,42.45,23.85,74.93,52.56,2.00,2.52
1132,30.78,87.40,42.42,23.85,74.93,52.57,1.02,2.50
1133,30.77,87.38,42.43,23.85,74.93,52.57,2.00,2.50
1134,30.77,87.38,42.43,23.85,74.93,52.57,2.00,2.50
1135,30.76,87.36,42.45,23.83,74.89,52.56,2.00,2.50
1136,30.76,87.36,42.43,23.85,74.93,52.58,2.00,2.50
1137,30.75,87.34,42.42,23.83,74.89,52.57,2.00,2.50
1138,30.76,87.36,42.44,23.86,74.95,52.58,1.39,2.49
1139,30.75,87.34,42.42,23.86,74.95,52.59,2.00,2.49
1140,30.76,87.36,42.43,23.86,74.95,52.59,0.84,2.48
1141,30.76,87.36,42.42,23.84,74.91,52.59,0.97,2.46
1142,30.77,87.38,42.43,23.85,74.93,52.58,0.10,2.46
1143,30.75,87.34,42.44,23.86,74.95,52.60,2.00,2.46
1144,30.76,87.36,42.42,23.84,74.91,52.59,0.99,2.45
1145,30.78,87.40,42.42,23.84,74.91,52.60,0.10,2.45
1146,30.78,87.40,42.43,23.84,74.91,52.59,0.10,2.45
1147,30.77,87.38,42.42,23.84,74.91,52.58,1.29,2.43
1148,30.78,87.40,42.43,23.81,74.85,52.57,0.10,2.43
1149,30.76,87.36,42.42,23.82,74.87,52.58,2.00,2.43
1150,30.77,87.38,42.45,23.83,74.89,52.60,1.06,2.42
1151,30.78,87.40,42.44,23.83,74.89,52.59,0.10,2.42
1152,30.77,87.38,42.42,23.83,74.89,52.60,1.59,2.40
1153,30.76,87.36,42.42,23.81,74.85,52.58,2.00,2.40
1154,30.76,87.36,42.44,23.82,74.87,52.61,2.00,2.40
1155,30.77,87.38,42.42,23.80,74.83,52.60,0.49,2.39
1156,30.76,87.36,42.45,23.80,74.83,52.59,2.00,2.39
1157,30.77,87.38,42.44,23.80,74.83,52.60,0.37,2.37
1158,30.78,87.40,42.44,23.80,74.83,52.60,0.10,2.37
1159,30.78,87.40,42.42,23.80,74.83,52.60,0.10,2.37
1160,30.75,87.34,42.42,23.81,74.85,52.61,2.00,2.37
1161,30.76,87.36,42.41,23.81,74.85,52.62,2.00,2.37
1162,30.76,87.36,42.42,23.77,74.79,52.62,1.72,2.36
1163,30.76,87.36,42.41,23.81,74.85,52.62,1.51,2.35
1164,30.76,87.36,42.44,23.80,74.83,52.62,1.37,2.33
1165,30.75,87.34,42.41,23.79,74.81,52.62,2.00,2.33
1166,30.76,87.36,42.41,23.80,74.83,52.62,0.74,2.32
1167,30.76,87.36,42.41,23.79,74.81,52.62,0.85,2.30
1168,30.76,87.36,42.41,23.79,74.81,52.63,0.92,2.29
1169,30.75,87.34,42.41,23.79,74.81,52.64,2.00,2.29
1170,30.75,87.34,42.41,23.79,74.81,52.65,1.96,2.27
1171,30.75,87.34,42.41,23.77,74.79,52.65,1.65,2.26
1172,30.76,87.36,42.40,23.80,74.83,52.65,0.10,2.26
1173,30.74,87.32,42.39,23.79,74.81,52.65,2.00,2.26
1174,30.76,87.36,42.40,23.77,74.79,52.65,0.10,2.26
1175,30.72,87.30,42.41,23.76,74.78,52.65,2.00,2.26
1176,30.74,87.32,42.40,23.79,74.81,52.66,1.87,2.25
1177,30.75,87.34,42.40,23.77,74.79,52.67,0.14,2.23
1178,30.71,87.29,42.42,23.79,74.81,52.65,2.00,2.23
1179,30.72,87.30,42.39,23.76,74.78,52.67,2.00,2.23
1180,30.74,87.32,42.39,23.76,74.78,52.66,0.30,2.22
1181,30.70,87.27,42.38,23.79,74.81,52.67,2.00,2.22
1182,30.70,87.27,42.39,23.79,74.81,52.69,2.00,2.22
1183,30.72,87.30,42.40,23.76,74.78,52.68,0.10,2.22
1184,30.71,87.29,42.40,23.81,74.85,52.69,1.71,2.20
1185,30.72,87.30,42.39,23.76,74.78,52.69,0.10,2.20
1186,30.72,87.30,42.41,23.76,74.78,52.70,0.37,2.19
1187,30.71,87.29,42.41,23.79,74.81,52.69,2.00,2.19
1188,30.71,87.29,42.39,23.79,74.81,52.71,1.69,2.18
1189,30.70,87.27,42.40,23.75,74.76,52.69,2.00,2.18
1190,30.70,87.27,42.39,23.76,74.78,52.70,2.00,2.18
1191,30.71,87.29,42.42,23.77,74.79,52.71,0.42,2.16
1192,30.71,87.29,42.41,23.79,74.81,52.73,0.61,2.15
1193,30.71,87.29,42.40,23.75,74.76,52.70,0.73,2.14
1194,30.70,87.27,42.41,23.79,74.81,52.73,2.00,2.14
1195,30.70,87.27,42.40,23.77,74.79,52.73,1.83,2.12
1196,30.71,87.29,42.41,23.79,74.81,52.73,0.10,2.12
1197,30.70,87.27,42.39,23.80,74.83,52.72,1.83,2.11
1198,30.70,87.27,42.39,23.79,74.81,52.72,1.54,2.10
1199,30.70,87.27,42.40,23.80,74.83,52.73,1.33,2.08
1200,30.69,87.25,42.40,23.80,74.83,52.74,2.00,2.08
1201,30.68,87.23,42.40,23.80,74.83,52.73,2.00,2.08
1202,30.69,87.25,42.39,23.80,74.83,52.72,1.23,2.07
1203,30.70,87.27,42.40,23.81,74.85,52.75,0.10,2.07
1204,30.71,87.29,42.42,23.80,74.83,52.73,0.10,2.07
1205,30.70,87.27,42.41,23.79,74.81,52.72,0.85,2.06
1206,30.70,87.27,42.42,23.82,74.87,52.72,0.87,2.04
1207,30.70,87.27,42.41,23.83,74.89,52.73,0.87,2.03
1208,30.69,87.25,42.39,23.80,74.83,52.73,2.00,2.03
1209,30.70,87.27,42.42,23.81,74.85,52.71,0.40,2.02
1210,30.72,87.30,42.41,23.81,74.85,52.73,0.10,2.02
1211,30.69,87.25,42.41,23.81,74.85,52.72,2.00,2.02
1212,30.69,87.25,42.40,23.79,74.81,52.73,2.00,2.02
1213,30.68,87.23,42.40,23.80,74.83,52.73,2.00,2.02
1214,30.70,87.27,42.41,23.79,74.81,52.73,0.10,2.02
1215,30.70,87.27,42.41,23.80,74.83,52.72,0.10,2.02
1216,30.69,87.25,42.39,23.81,74.85,52.72,1.76,2.00
1217,30.69,87.25,42.40,23.79,74.81,52.72,1.46,1.99
1218,30.70,87.27,42.42,23.80,74.83,52.72,0.10,1.99
1219,30.69,87.25,42.41,23.79,74.81,52.73,1.60,1.98
1220,30.69,87.25,42.40,23.80,74.83,52.72,1.34,1.96
1221,30.70,87.27,42.39,23.77,74.79,52.73,0.10,1.96
1222,30.69,87.25,42.41,23.77,74.79,52.72,1.54,1.95
1223,30.68,87.23,42.40,23.76,74.78,52.71,2.00,1.95
1224,30.68,87.23,42.40,23.80,74.83,52.72,2.00,1.95
1225,30.68,87.23,42.40,23.77,74.79,52.72,1.69,1.94
1226,30.67,87.21,42.40,23.79,74.81,52.73,2.00,1.94
1227,30.67,87.21,42.41,23.77,74.79,52.71,2.00,1.94
1228,30.66,87.19,42.40,23.75,74.76,52.72,2.00,1.94
1229,30.67,87.21,42.39,23.77,74.79,52.70,0.96,1.92
1230,30.68,87.23,42.39,23.80,74.83,52.72,0.10,1.92
1231,30.66,87.19,42.40,23.80,74.83,52.70,2.00,1.92
1232,30.65,87.17,42.39,23.77,74.79,52.72,2.00,1.92
1233,30.65,87.17,42.39,23.82,74.87,52.74,2.00,1.92
1234,30.65,87.17,42.39,23.81,74.85,52.73,2.00,1.92
1235,30.64,87.15,42.39,23.80,74.83,52.73,2.00,1.92
1236,30.65,87.17,42.39,23.82,74.87,52.73,0.94,1.91
1237,30.64,87.15,42.40,23.83,74.89,52.74,2.00,1.91
1238,30.64,87.15,42.38,23.83,74.89,52.72,1.86,1.90
1239,30.63,87.13,42.40,23.83,74.89,52.73,2.00,1.90
1240,30.62,87.11,42.39,23.83,74.89,52.73,2.00,1.90
1241,30.65,87.17,42.39,23.79,74.81,52.73,0.10,1.90
1242,30.63,87.13,42.39,23.83,74.89,52.73,2.00,1.90
1243,30.65,87.17,42.40,23.82,74.87,52.73,0.10,1.90
1244,30.65,87.17,42.39,23.81,74.85,52.74,0.10,1.90
1245,30.64,87.15,42.40,23.80,74.83,52.72,1.40,1.89
1246,30.62,87.11,42.39,23.80,74.83,52.73,2.00,1.89
1247,30.64,87.15,42.40,23.82,74.87,52.75,0.14,1.88
1248,30.65,87.17,42.39,23.81,74.85,52.73,0.10,1.88
1249,30.63,87.13,42.39,23.79,74.81,52.71,2.00,1.88
1250,30.64,87.15,42.40,23.81,74.85,52.70,0.47,1.86
1251,30.64,87.15,42.40,23.80,74.83,52.73,0.58,1.85
1252,30.62,87.11,42.39,23.81,74.85,52.70,2.00,1.85
1253,30.64,87.15,42.39,23.80,74.83,52.72,0.10,1.85
1254,30.62,87.11,42.40,23.80,74.83,52.73,2.00,1.85
1255,30.62,87.11,42.39,23.83,74.89,52.72,2.00,1.85
1256,30.62,87.11,42.40,23.80,74.83,52.70,1.81,1.84
1257,30.61,87.09,42.39,23.84,74.91,52.74,2.00,1.84
1258,30.63,87.13,42.42,23.83,74.89,52.72,0.10,1.84
1259,30.62,87.11,42.42,23.82,74.87,52.73,1.28,1.83
1260,30.63,87.13,42.42,23.84,74.91,52.73,0.10,1.83
1261,30.61,87.09,42.39,23.83,74.89,52.72,2.00,1.83
1262,30.64,87.15,42.42,23.85,74.93,52.73,0.10,1.83
1263,30.63,87.13,42.43,23.86,74.95,52.72,0.32,1.82
1264,30.64,87.15,42.42,23.83,74.89,52.73,0.10,1.82
1265,30.63,87.13,42.42,23.86,74.95,52.74,1.06,1.80
1266,30.63,87.13,42.43,23.84,74.91,52.73,0.96,1.79
1267,30.61,87.09,42.43,23.86,74.95,52.72,2.00,1.79
1268,30.61,87.09,42.42,23.84,74.91,52.72,2.00,1.79
1269,30.62,87.11,42.41,23.87,74.97,52.71,0.68,1.78
1270,30.60,87.07,42.42,23.87,74.97,52.72,2.00,1.78
1271,30.60,87.07,42.41,23.86,74.95,52.71,2.00,1.78
1272,30.60,87.07,42.43,23.87,74.97,52.72,2.00,1.78
1273,30.60,87.07,42.42,23.86,74.95,52.72,1.64,1.77
1274,30.61,87.09,42.42,23.86,74.95,52.73,0.10,1.77
1275,30.61,87.09,42.44,23.86,74.95,52.71,0.20,1.76
1276,30.60,87.07,42.43,23.86,74.95,52.69,1.83,1.75
1277,30.61,87.09,42.42,23.86,74.95,52.71,0.10,1.75
1278,30.60,87.07,42.43,23.86,74.95,52.72,1.72,1.74
1279,30.60,87.07,42.42,23.87,74.97,52.72,1.40,1.72
1280,30.60,87.07,42.42,23.86,74.95,52.71,1.18,1.71
1281,30.60,87.07,42.43,23.88,74.99,52.71,1.03,1.70
1282,30.59,87.05,42.44,23.88,74.99,52.71,2.00,1.70
1283,30.59,87.05,42.44,23.88,74.99,52.70,1.83,1.69
1284,30.60,87.07,42.45,23.86,74.95,52.71,0.10,1.69
1285,30.59,87.05,42.46,23.88,74.99,52.69,1.70,1.68
1286,30.62,87.11,42.44,23.88,74.99,52.69,0.10,1.68
1287,30.60,87.07,42.44,23.86,74.95,52.69,1.14,1.67
1288,30.60,87.07,42.43,23.84,74.91,52.67,0.99,1.66
1289,30.56,87.01,42.45,23.87,74.97,52.66,2.00,1.66
1290,30.60,87.07,42.46,23.87,74.97,52.69,0.10,1.66
1291,30.60,87.07,42.43,23.88,74.99,52.67,0.10,1.66
1292,30.57,87.03,42.45,23.87,74.97,52.69,2.00,1.66
1293,30.57,87.03,42.44,23.86,74.95,52.66,2.00,1.66
1294,30.59,87.05,42.44,23.86,74.95,52.66,0.29,1.64
1295,30.56,87.01,42.45,23.86,74.95,52.66,2.00,1.64
1296,30.54,86.98,42.46,23.87,74.97,52.65,2.00,1.64
1297,30.57,87.03,42.43,23.85,74.93,52.66,0.10,1.64
1298,30.57,87.03,42.43,23.87,74.97,52.65,0.10,1.64
1299,30.55,87.00,42.45,23.87,74.97,52.65,2.00,1.64
1300,30.60,87.07,42.45,23.87,74.97,52.65,0.10,1.64
1301,30.60,87.07,42.43,23.87,74.97,52.66,0.10,1.64
1302,30.59,87.05,42.45,23.87,74.97,52.63,0.27,1.63
1303,30.60,87.07,42.45,23.87,74.97,52.64,0.10,1.63
1304,30.56,87.01,42.44,23.84,74.91,52.62,2.00,1.63
1305,30.56,87.01,42.42,23.86,74.95,52.65,2.00,1.63
1306,30.56,87.01,42.45,23.87,74.97,52.65,2.00,1.63
1307,30.60,87.07,42.45,23.87,74.97,52.63,0.10,1.63
1308,30.56,87.01,42.44,23.88,74.99,52.62,2.00,1.63
1309,30.59,87.05,42.42,23.88,74.99,52.63,0.10,1.63
1310,30.59,87.05,42.45,23.89,75.01,52.63,0.10,1.63
1311,30.59,87.05,42.45,23.85,74.93,52.62,0.10,1.63
1312,30.57,87.03,42.45,23.87,74.97,52.62,1.69,1.62
1313,30.56,87.01,42.44,23.88,74.99,52.61,2.00,1.62
1314,30.59,87.05,42.43,23.87,74.97,52.62,0.10,1.62
1315,30.57,87.03,42.45,23.88,74.99,52.62,1.14,1.61
1316,30.57,87.03,42.44,23.86,74.95,52.61,0.98,1.60
1317,30.56,87.01,42.44,23.88,74.99,52.62,2.00,1.60
1318,30.55,87.00,42.43,23.88,74.99,52.63,2.00,1.60
1319,30.57,87.03,42.43,23.90,75.03,52.62,0.10,1.60
1320,30.55,87.00,42.41,23.89,75.01,52.60,2.00,1.60
1321,30.55,87.00,42.44,23.89,75.01,52.60,2.00,1.60
1322,30.55,87.00,42.42,23.89,75.01,52.60,1.63,1.59
1323,30.55,87.00,42.41,23.91,75.05,52.59,1.31,1.58
1324,30.55,87.00,42.42,23.89,75.01,52.60,1.09,1.57
1325,30.54,86.98,42.42,23.87,74.97,52.59,2.00,1.57
1326,30.55,87.00,42.41,23.88,74.99,52.62,0.38,1.56
1327,30.54,86.98,42.43,23.88,74.99,52.58,1.91,1.55
1328,30.54,86.98,42.43,23.88,74.99,52.59,1.49,1.54
1329,30.54,86.98,42.43,23.87,74.97,52.57,1.21,1.53
1330,30.54,86.98,42.42,23.88,74.99,52.59,1.02,1.52
1331,30.54,86.98,42.42,23.88,74.99,52.58,0.88,1.51
1332,30.54,86.98,42.42,23.88,74.99,52.58,0.79,1.50
1333,30.53,86.96,42.40,23.88,74.99,52.57,2.00,1.50
1334,30.53,86.96,42.42,23.88,74.99,52.58,1.66,1.49
1335,30.53,86.96,42.43,23.89,75.01,52.56,1.31,1.48
1336,30.51,86.92,42.41,23.88,74.99,52.57,2.00,1.48
1337,30.53,86.96,42.42,23.87,74.97,52.57,0.10,1.48
1338,30.54,86.98,42.42,23.87,74.97,52.56,0.10,1.48
1339,30.51,86.92,42.42,23.86,74.95,52.59,2.00,1.48
1340,30.51,86.92,42.40,23.87,74.97,52.57,2.00,1.48
1341,30.53,86.96,42.41,23.86,74.95,52.57,0.10,1.48
1342,30.51,86.92,42.42,23.89,75.01,52.58,2.00,1.48
1343,30.53,86.96,42.41,23.85,74.93,52.56,0.10,1.48
1344,30.51,86.92,42.40,23.88,74.99,52.56,2.00,1.48
1345,30.52,86.94,42.42,23.86,74.95,52.57,0.39,1.47
1346,30.52,86.94,42.42,23.85,74.93,52.56,0.46,1.46
1347,30.53,86.96,42.42,23.86,74.95,52.58,0.10,1.46
1348,30.53,86.96,42.42,23.85,74.93,52.55,0.10,1.46
1349,30.51,86.92,42.42,23.88,74.99,52.56,2.00,1.46
1350,30.51,86.92,42.43,23.87,74.97,52.57,2.00,1.46
1351,30.52,86.94,42.43,23.85,74.93,52.58,0.15,1.45
1352,30.53,86.96,42.42,23.86,74.95,52.53,0.10,1.45
1353,30.52,86.94,42.43,23.86,74.95,52.55,0.87,1.44
1354,30.52,86.94,42.42,23.85,74.93,52.54,0.77,1.43
1355,30.53,86.96,42.42,23.86,74.95,52.56,0.10,1.43
1356,30.51,86.92,42.43,23.84,74.91,52.55,2.00,1.43
1357,30.53,86.96,42.42,23.83,74.89,52.56,0.10,1.43
1358,30.54,86.98,42.42,23.85,74.93,52.56,0.10,1.43
1359,30.53,86.96,42.42,23.84,74.91,52.55,0.36,1.42
1360,30.52,86.94,42.42,23.86,74.95,52.56,1.87,1.41
1361,30.52,86.94,42.42,23.85,74.93,52.55,1.43,1.40
1362,30.51,86.92,42.40,23.85,74.93,52.56,2.00,1.40
1363,30.51,86.92,42.42,23.86,74.95,52.57,1.91,1.39
1364,30.52,86.94,42.42,23.88,74.99,52.57,0.10,1.39
1365,30.51,86.92,42.42,23.85,74.93,52.57,1.63,1.38
1366,30.51,86.92,42.40,23.86,74.95,52.56,1.27,1.37
1367,30.51,86.92,42.41,23.85,74.93,52.55,1.02,1.36
1368,30.49,86.88,42.40,23.84,74.91,52.55,2.00,1.36
1369,30.51,86.92,42.41,23.84,74.91,52.55,0.10,1.36
1370,30.50,86.90,42.39,23.87,74.97,52.56,1.49,1.35
1371,30.48,86.86,42.42,23.86,74.95,52.57,2.00,1.35
1372,30.50,86.90,42.39,23.84,74.91,52.55,0.10,1.35
1373,30.51,86.92,42.40,23.86,74.95,52.56,0.10,1.35
1374,30.51,86.92,42.40,23.86,74.95,52.56,0.10,1.35
1375,30.49,86.88,42.41,23.85,74.93,52.56,2.00,1.35
1376,30.49,86.88,42.40,23.86,74.95,52.56,1.93,1.34
1377,30.50,86.90,42.40,23.86,74.95,52.57,0.10,1.34
1378,30.49,86.88,42.39,23.83,74.89,52.57,1.64,1.33
1379,30.49,86.88,42.40,23.85,74.93,52.56,1.26,1.32
1380,30.51,86.92,42.40,23.86,74.95,52.58,0.10,1.32
1381,30.49,86.88,42.39,23.86,74.95,52.57,1.81,1.31
1382,30.48,86.86,42.39,23.86,74.95,52.59,2.00,1.31
1383,30.48,86.86,42.39,23.85,74.93,52.57,2.00,1.31
1384,30.47,86.84,42.39,23.85,74.93,52.56,2.00,1.31
1385,30.50,86.90,42.39,23.85,74.93,52.57,0.10,1.31
1386,30.46,86.82,42.42,23.87,74.97,52.58,2.00,1.31
1387,30.48,86.86,42.39,23.86,74.95,52.56,0.31,1.30
1388,30.49,86.88,42.39,23.84,74.91,52.57,0.10,1.30
1389,30.48,86.86,42.39,23.86,74.95,52.57,0.90,1.29
1390,30.45,86.80,42.39,23.88,74.99,52.59,2.00,1.29
1391,30.46,86.82,42.39,23.86,74.95,52.57,2.00,1.29
1392,30.46,86.82,42.39,23.86,74.95,52.57,1.62,1.28
1393,30.45,86.80,42.39,23.87,74.97,52.58,2.00,1.28
1394,30.46,86.82,42.39,23.87,74.97,52.58,0.54,1.28
1395,30.46,86.82,42.40,23.88,74.99,52.60,0.53,1.27
1396,30.46,86.82,42.39,23.86,74.95,52.59,0.53,1.26
1397,30.45,86.80,42.40,23.86,74.95,52.60,1.97,1.25
1398,30.45,86.80,42.39,23.88,74.99,52.58,1.48,1.24
1399,30.47,86.84,42.40,23.91,75.05,52.59,0.10,1.24
1400,30.47,86.84,42.39,23.89,75.01,52.59,0.10,1.24
1401,30.46,86.82,42.41,23.88,74.99,52.59,0.94,1.23
1402,30.46,86.82,42.41,23.90,75.03,52.59,0.79,1.22
1403,30.45,86.80,42.40,23.90,75.03,52.57,2.00,1.22
1404,30.46,86.82,42.42,23.88,74.99,52.59,0.14,1.22
1405,30.47,86.84,42.40,23.91,75.05,52.57,0.10,1.22
1406,30.46,86.82,42.40,23.91,75.05,52.59,0.80,1.21
1407,30.44,86.78,42.39,23.88,74.99,52.59,2.00,1.21
1408,30.46,86.82,42.40,23.90,75.03,52.58,0.10,1.21
1409,30.46,86.82,42.41,23.90,75.03,52.57,0.10,1.21
1410,30.46,86.82,42.40,23.90,75.03,52.57,0.11,1.20
1411,30.46,86.82,42.39,23.89,75.01,52.59,0.22,1.19
1412,30.45,86.80,42.41,23.88,74.99,52.57,1.74,1.18
1413,30.45,86.80,42.41,23.88,74.99,52.57,1.31,1.17
1414,30.45,86.80,42.39,23.88,74.99,52.56,1.02,1.16
1415,30.45,86.80,42.40,23.88,74.99,52.56,0.82,1.16
1416,30.46,86.82,42.41,23.88,74.99,52.56,0.10,1.16
1417,30.42,86.76,42.42,23.91,75.05,52.56,2.00,1.16
1418,30.42,86.76,42.42,23.88,74.99,52.56,2.00,1.16
1419,30.44,86.78,42.42,23.88,74.99,52.55,0.58,1.15
1420,30.44,86.78,42.42,23.88,74.99,52.56,0.53,1.14
1421,30.44,86.78,42.42,23.87,74.97,52.56,0.49,1.13
1422,30.40,86.73,42.40,23.88,74.99,52.56,2.00,1.13
1423,30.42,86.76,42.42,23.88,74.99,52.53,0.47,1.12
1424,30.44,86.78,42.42,23.88,74.99,52.54,0.10,1.12
1425,30.40,86.73,42.42,23.88,74.99,52.56,2.00,1.12
1426,30.41,86.74,42.41,23.88,74.99,52.53,1.26,1.12
1427,30.41,86.74,42.41,23.88,74.99,52.53,0.98,1.11
1428,30.44,86.78,42.42,23.87,74.97,52.53,0.10,1.11
1429,30.42,86.76,42.41,23.87,74.97,52.56,0.18,1.10
1430,30.42,86.76,42.42,23.88,74.99,52.56,0.25,1.09
1431,30.41,86.74,42.43,23.86,74.95,52.56,1.75,1.08
1432,30.41,86.74,42.41,23.87,74.97,52.55,1.30,1.08
1433,30.44,86.78,42.42,23.88,74.99,52.56,0.10,1.08
1434,30.45,86.80,42.44,23.88,74.99,52.55,0.10,1.08
1435,30.44,86.78,42.42,23.89,75.01,52.53,0.10,1.08
1436,30.41,86.74,42.40,23.88,74.99,52.54,2.00,1.08
1437,30.45,86.80,42.42,23.88,74.99,52.56,0.10,1.08
1438,30.41,86.74,42.42,23.88,74.99,52.54,2.00,1.08
1439,30.41,86.74,42.43,23.88,74.99,52.54,2.00,1.08
1440,30.42,86.76,42.42,23.89,75.01,52.53,0.10,1.08
1441,30.42,86.76,42.44,23.87,74.97,52.53,0.19,1.07
1442,30.42,86.76,42.42,23.86,74.95,52.54,0.25,1.06
1443,30.41,86.74,42.40,23.86,74.95,52.53,1.73,1.05
1444,30.44,86.78,42.42,23.85,74.93,52.53,0.10,1.05
1445,30.41,86.74,42.42,23.87,74.97,52.53,1.93,1.04
1446,30.41,86.74,42.42,23.86,74.95,52.53,1.41,1.04
1447,30.42,86.76,42.41,23.87,74.97,52.53,0.10,1.04
1448,30.42,86.76,42.41,23.88,74.99,52.53,0.10,1.04
1449,30.40,86.73,42.42,23.88,74.99,52.54,2.00,1.04
1450,30.41,86.74,42.40,23.86,74.95,52.56,0.62,1.03
1451,30.41,86.74,42.39,23.88,74.99,52.53,0.53,1.02
1452,30.39,86.71,42.39,23.87,74.97,52.54,2.00,1.02
1453,30.39,86.71,42.40,23.89,75.01,52.53,2.00,1.02
1454,30.40,86.73,42.40,23.90,75.03,52.56,0.26,1.01
1455,30.40,86.73,42.41,23.88,74.99,52.53,0.29,1.00
1456,30.40,86.73,42.41,23.87,74.97,52.55,0.30,1.00
1457,30.41,86.74,42.39,23.88,74.99,52.53,0.10,1.00
1458,30.40,86.73,42.39,23.87,74.97,52.54,0.80,0.99
1459,30.39,86.71,42.40,23.88,74.99,52.54,2.00,0.99
1460,30.38,86.69,42.39,23.87,74.97,52.55,2.00,0.99
1461,30.40,86.73,42.38,23.89,75.01,52.53,0.10,0.99
1462,30.39,86.71,42.39,23.88,74.99,52.55,1.03,0.98
1463,30.39,86.71,42.39,23.86,74.95,52.52,0.79,0.97
1464,30.39,86.71,42.39,23.86,74.95,52.54,0.64,0.97
1465,30.37,86.67,42.39,23.88,74.99,52.53,2.00,0.97
1466,30.39,86.71,42.37,23.87,74.97,52.53,0.10,0.97
1467,30.39,86.71,42.38,23.89,75.01,52.53,0.10,0.97
1468,30.39,86.71,42.37,23.88,74.99,52.56,0.10,0.97
1469,30.38,86.69,42.38,23.87,74.97,52.54,1.54,0.96
1470,30.36,86.65,42.39,23.87,74.97,52.56,2.00,0.96
1471,30.36,86.65,42.36,23.87,74.97,52.53,2.00,0.96
1472,30.36,86.65,42.36,23.87,74.97,52.57,2.00,0.95
1473,30.36,86.65,42.35,23.88,74.99,52.55,1.45,0.95
1474,30.34,86.61,42.36,23.88,74.99,52.56,2.00,0.95
1475,30.36,86.65,42.38,23.88,74.99,52.54,0.10,0.95
1476,30.36,86.65,42.37,23.88,74.99,52.55,0.10,0.95
1477,30.37,86.67,42.39,23.89,75.01,52.56,0.10,0.95
1478,30.35,86.63,42.36,23.88,74.99,52.56,2.00,0.95
1479,30.37,86.67,42.36,23.88,74.99,52.53,0.10,0.95
1480,30.34,86.61,42.38,23.90,75.03,52.54,2.00,0.95
1481,30.35,86.63,42.36,23.89,75.01,52.54,1.06,0.94
1482,30.34,86.61,42.36,23.87,74.97,52.53,2.00,0.94
1483,30.35,86.63,42.36,23.87,74.97,52.55,0.20,0.93
1484,30.32,86.57,42.36,23.88,74.99,52.53,2.00,0.93
1485,30.34,86.61,42.36,23.88,74.99,52.53,0.31,0.93
1486,30.34,86.61,42.38,23.88,74.99,52.53,0.33,0.92
1487,30.34,86.61,42.38,23.88,74.99,52.54,0.34,0.91
1488,30.33,86.59,42.36,23.88,74.99,52.53,1.79,0.91
1489,30.33,86.59,42.36,23.89,75.01,52.52,1.31,0.90
1490,30.32,86.57,42.37,23.88,74.99,52.53,2.00,0.90
1491,30.34,86.61,42.36,23.88,74.99,52.53,0.10,0.90
1492,30.32,86.57,42.36,23.87,74.97,52.53,2.00,0.90
1493,30.32,86.57,42.36,23.87,74.97,52.53,1.63,0.89
1494,30.33,86.59,42.36,23.86,74.95,52.53,0.10,0.89
1495,30.32,86.57,42.38,23.86,74.95,52.53,1.41,0.89
1496,30.33,86.59,42.37,23.86,74.95,52.54,0.10,0.89
1497,30.32,86.57,42.39,23.86,74.95,52.53,1.31,0.88
1498,30.33,86.59,42.40,23.84,74.91,52.52,0.10,0.88
1499,30.32,86.57,42.37,23.86,74.95,52.52,1.26,0.88
1500,30.34,86.61,42.40,23.85,74.93,52.53,0.10,0.88
1501,30.34,86.61,42.39,23.85,74.93,52.53,0.10,0.88
1502,30.33,86.59,42.41,23.85,74.93,52.54,0.77,0.87
1503,30.33,86.59,42.38,23.85,74.93,52.53,0.62,0.86
1504,30.33,86.59,42.39,23.86,74.95,52.54,0.52,0.86
1505,30.32,86.57,42.39,23.85,74.93,52.53,1.90,0.85
1506,30.32,86.57,42.40,23.86,74.95,52.53,1.38,0.85
1507,30.32,86.57,42.40,23.86,74.95,52.53,1.02,0.84
1508,30.34,86.61,42.39,23.86,74.95,52.53,0.10,0.84
1509,30.31,86.55,42.41,23.84,74.91,52.55,2.00,0.84
1510,30.33,86.59,42.39,23.85,74.93,52.54,0.10,0.84
1511,30.32,86.57,42.40,23.86,74.95,52.56,1.05,0.83
1512,30.31,86.55,42.39,23.85,74.93,52.56,2.00,0.83
1513,30.32,86.57,42.41,23.85,74.93,52.56,0.16,0.83
1514,30.31,86.55,42.40,23.87,74.97,52.56,1.66,0.82
1515,30.31,86.55,42.40,23.85,74.93,52.56,1.21,0.82
1516,30.32,86.57,42.39,23.87,74.97,52.56,0.10,0.82
1517,30.32,86.57,42.39,23.86,74.95,52.55,0.10,0.82
1518,30.32,86.57,42.39,23.86,74.95,52.56,0.10,0.82
1519,30.30,86.53,42.39,23.86,74.95,52.56,2.00,0.82
1520,30.30,86.53,42.39,23.86,74.95,52.55,2.00,0.82
1521,30.31,86.55,42.39,23.88,74.99,52.56,0.10,0.82
1522,30.28,86.51,42.40,23.87,74.97,52.56,2.00,0.82
1523,30.30,86.53,42.40,23.89,75.01,52.56,0.69,0.81
1524,30.30,86.53,42.41,23.88,74.99,52.56,0.57,0.80
1525,30.30,86.53,42.39,23.89,75.01,52.56,0.48,0.80
1526,30.30,86.53,42.42,23.89,75.01,52.54,0.43,0.79
1527,30.31,86.55,42.39,23.88,74.99,52.56,0.10,0.79
1528,30.32,86.57,42.39,23.89,75.01,52.56,0.10,0.79
1529,30.31,86.55,42.40,23.91,75.05,52.56,0.17,0.79
1530,30.32,86.57,42.40,23.90,75.03,52.56,0.10,0.79
1531,30.30,86.53,42.39,23.89,75.01,52.55,2.00,0.79
1532,30.31,86.55,42.39,23.91,75.05,52.56,0.10,0.79
1533,30.28,86.51,42.39,23.91,75.05,52.55,2.00,0.79
1534,30.32,86.57,42.43,23.92,75.06,52.56,0.10,0.79
1535,30.30,86.53,42.41,23.92,75.06,52.56,1.52,0.78
1536,30.30,86.53,42.41,23.90,75.03,52.54,1.11,0.78
1537,30.31,86.55,42.40,23.92,75.06,52.54,0.10,0.78
1538,30.30,86.53,42.40,23.91,75.05,52.52,1.13,0.77
1539,30.31,86.55,42.41,23.90,75.03,52.54,0.10,0.77
1540,30.27,86.49,42.41,23.91,75.05,52.53,2.00,0.77
1541,30.28,86.51,42.40,23.90,75.03,52.53,1.35,0.76
1542,30.28,86.51,42.39,23.91,75.05,52.52,1.00,0.76
1543,30.28,86.51,42.39,23.91,75.05,52.51,0.76,0.75
1544,30.27,86.49,42.42,23.90,75.03,52.51,2.00,0.75
1545,30.28,86.51,42.42,23.89,75.01,52.51,0.10,0.75
1546,30.31,86.55,42.41,23.88,74.99,52.51,0.10,0.75
1547,30.27,86.49,42.41,23.88,74.99,52.52,2.00,0.75
1548,30.28,86.51,42.40,23.89,75.01,52.52,0.37,0.75
1549,30.26,86.47,42.39,23.89,75.01,52.51,2.00,0.75
1550,30.26,86.47,42.41,23.86,74.95,52.51,2.00,0.75
1551,30.25,86.45,42.40,23.88,74.99,52.51,2.00,0.75
1552,30.25,86.45,42.41,23.86,74.95,52.52,2.00,0.75
1553,30.26,86.47,42.41,23.88,74.99,52.51,0.10,0.74
1554,30.26,86.47,42.39,23.88,74.99,52.51,0.17,0.74
1555,30.24,86.44,42.39,23.88,74.99,52.50,2.00,0.74
1556,30.25,86.45,42.39,23.87,74.97,52.51,0.74,0.73
1557,30.23,86.42,42.39,23.89,75.01,52.52,2.00,0.73
1558,30.25,86.45,42.39,23.89,75.01,52.52,0.10,0.73
1559,30.22,86.40,42.39,23.87,74.97,52.52,2.00,0.73
1560,30.24,86.44,42.38,23.89,75.01,52.52,0.10,0.73
1561,30.24,86.44,42.39,23.88,74.99,52.51,0.11,0.73
1562,30.24,86.44,42.42,23.88,74.99,52.52,0.19,0.73
1563,30.24,86.44,42.40,23.88,74.99,52.53,0.23,0.72
1564,30.24,86.44,42.40,23.88,74.99,52.51,0.26,0.72
1565,30.23,86.42,42.40,23.89,75.01,52.52,1.73,0.71
1566,30.23,86.42,42.41,23.88,74.99,52.51,1.26,0.71
1567,30.26,86.47,42.40,23.90,75.03,52.51,0.10,0.71
1568,30.22,86.40,42.42,23.90,75.03,52.52,2.00,0.71
1569,30.23,86.42,42.40,23.91,75.05,52.52,1.08,0.70
1570,30.24,86.44,42.41,23.89,75.01,52.53,0.10,0.70
1571,30.23,86.42,42.41,23.89,75.01,52.52,1.14,0.70
1572,30.22,86.40,42.42,23.88,74.99,52.51,2.00,0.70
1573,30.22,86.40,42.42,23.89,75.01,52.52,1.65,0.69
1574,30.22,86.40,42.42,23.90,75.03,52.49,1.21,0.69
1575,30.22,86.40,42.42,23.90,75.03,52.52,0.92,0.69
1576,30.22,86.40,42.42,23.88,74.99,52.51,0.72,0.68
1577,30.22,86.40,42.41,23.91,75.05,52.50,0.58,0.68
1578,30.24,86.44,42.42,23.88,74.99,52.51,0.10,0.68
1579,30.22,86.40,42.41,23.89,75.01,52.50,1.39,0.67
1580,30.21,86.38,42.42,23.91,75.05,52.51,2.00,0.67
1581,30.21,86.38,42.43,23.91,75.05,52.50,1.76,0.67
1582,30.21,86.38,42.42,23.92,75.06,52.52,1.28,0.66
1583,30.22,86.40,42.43,23.94,75.08,52.50,0.10,0.66
1584,30.22,86.40,42.45,23.90,75.03,52.49,0.10,0.66
1585,30.21,86.38,42.42,23.92,75.06,52.49,1.40,0.66
1586,30.22,86.40,42.42,23.94,75.08,52.51,0.10,0.66
1587,30.20,86.36,42.42,23.94,75.08,52.50,2.00,0.66
1588,30.21,86.38,42.43,23.95,75.10,52.49,0.48,0.66
1589,30.19,86.34,42.42,23.96,75.12,52.51,2.00,0.66
1590,30.21,86.38,42.42,23.94,75.08,52.49,0.10,0.66
1591,30.22,86.40,42.43,23.94,75.08,52.47,0.10,0.66
1592,30.22,86.40,42.43,23.94,75.08,52.49,0.10,0.66
1593,30.20,86.36,42.44,23.94,75.08,52.47,2.00,0.66
1594,30.19,86.34,42.43,23.91,75.05,52.48,2.00,0.66
1595,30.21,86.38,42.45,23.92,75.06,52.48,0.10,0.66
1596,30.19,86.34,42.43,23.94,75.08,52.45,2.00,0.66
1597,30.19,86.34,42.44,23.92,75.06,52.44,1.80,0.65
1598,30.20,86.36,42.45,23.92,75.06,52.43,0.10,0.65
1599,30.20,86.36,42.46,23.94,75.08,52.45,0.10,0.65
1600,30.19,86.34,42.45,23.91,75.05,52.44,1.57,0.65
1601,30.18,86.32,42.43,23.92,75.06,52.46,2.00,0.65
1602,30.19,86.34,42.44,23.91,75.05,52.42,0.41,0.65
1603,30.18,86.32,42.45,23.92,75.06,52.42,1.83,0.64
1604,30.19,86.34,42.44,23.94,75.08,52.46,0.10,0.64
1605,30.18,86.32,42.43,23.91,75.05,52.41,1.49,0.64
1606,30.19,86.34,42.45,23.92,75.06,52.43,0.10,0.64
1607,30.18,86.32,42.43,23.91,75.05,52.43,1.33,0.64
1608,30.18,86.32,42.44,23.92,75.06,52.42,1.00,0.63
1609,30.18,86.32,42.45,23.90,75.03,52.41,0.78,0.63
1610,30.18,86.32,42.45,23.92,75.06,52.43,0.63,0.63
1611,30.19,86.34,42.45,23.92,75.06,52.43,0.10,0.63
1612,30.18,86.32,42.45,23.90,75.03,52.40,0.94,0.62
1613,30.18,86.32,42.44,23.90,75.03,52.41,0.74,0.62
1614,30.18,86.32,42.45,23.90,75.03,52.40,0.60,0.62
1615,30.18,86.32,42.45,23.92,75.06,52.40,0.51,0.61
1616,30.18,86.32,42.46,23.92,75.06,52.41,0.44,0.61
1617,30.16,86.28,42.46,23.94,75.08,52.42,2.00,0.61
1618,30.18,86.32,42.44,23.91,75.05,52.42,0.10,0.61
1619,30.16,86.28,42.45,23.91,75.05,52.40,2.00,0.61
1620,30.18,86.32,42.47,23.91,75.05,52.40,0.10,0.61
1621,30.18,86.32,42.47,23.92,75.06,52.38,0.10,0.61
1622,30.17,86.30,42.45,23.91,75.05,52.40,1.17,0.61
1623,30.16,86.28,42.45,23.91,75.05,52.40,2.00,0.61
1624,30.17,86.30,42.45,23.91,75.05,52.40,0.23,0.60
1625,30.17,86.30,42.47,23.90,75.03,52.39,0.26,0.60
1626,30.18,86.32,42.44,23.92,75.06,52.39,0.10,0.60
1627,30.19,86.34,42.45,23.91,75.05,52.39,0.10,0.60
1628,30.18,86.32,42.45,23.92,75.06,52.39,0.13,0.60
1629,30.18,86.32,42.44,23.91,75.05,52.37,0.19,0.59
1630,30.18,86.32,42.45,23.92,75.06,52.38,0.22,0.59
1631,30.17,86.30,42.45,23.91,75.05,52.37,1.69,0.59
1632,30.17,86.30,42.45,23.91,75.05,52.37,1.23,0.58
1633,30.15,86.26,42.47,23.91,75.05,52.37,2.00,0.58
1634,30.16,86.28,42.45,23.92,75.06,52.37,1.21,0.58
1635,30.16,86.28,42.45,23.89,75.01,52.37,0.92,0.58
1636,30.16,86.28,42.44,23.89,75.01,52.37,0.72,0.57
1637,30.15,86.26,42.45,23.89,75.01,52.37,2.00,0.57
1638,30.15,86.26,42.44,23.89,75.01,52.36,1.47,0.57
1639,30.15,86.26,42.45,23.88,74.99,52.36,1.09,0.57
1640,30.16,86.28,42.45,23.89,75.01,52.37,0.10,0.57
1641,30.16,86.28,42.45,23.87,74.97,52.36,0.10,0.57
1642,30.17,86.30,42.45,23.87,74.97,52.36,0.10,0.57
1643,30.16,86.28,42.44,23.88,74.99,52.36,0.52,0.56
1644,30.16,86.28,42.44,23.89,75.01,52.35,0.45,0.56
1645,30.15,86.26,42.47,23.88,74.99,52.36,1.85,0.56
1646,30.13,86.24,42.45,23.88,74.99,52.36,2.00,0.56
1647,30.16,86.28,42.44,23.86,74.95,52.36,0.10,0.56
1648,30.13,86.24,42.45,23.89,75.01,52.36,2.00,0.56
1649,30.15,86.26,42.45,23.88,74.99,52.36,0.25,0.56
1650,30.13,86.24,42.44,23.88,74.99,52.37,1.72,0.55
1651,30.15,86.26,42.45,23.87,74.97,52.36,0.10,0.55
1652,30.15,86.26,42.45,23.86,74.95,52.36,0.10,0.55
1653,30.13,86.24,42.45,23.86,74.95,52.37,1.54,0.55
1654,30.12,86.22,42.44,23.87,74.97,52.36,2.00,0.55
1655,30.15,86.26,42.44,23.87,74.97,52.39,0.10,0.55
1656,30.11,86.20,42.45,23.86,74.95,52.36,2.00,0.55
1657,30.12,86.22,42.44,23.86,74.95,52.36,1.17,0.55
1658,30.12,86.22,42.43,23.87,74.97,52.36,0.89,0.55
1659,30.12,86.22,42.44,23.86,74.95,52.36,0.71,0.54
1660,30.10,86.18,42.42,23.88,74.99,52.36,2.00,0.54
1661,30.12,86.22,42.43,23.86,74.95,52.38,0.10,0.54
1662,30.12,86.22,42.44,23.86,74.95,52.37,0.10,0.54
1663,30.10,86.18,42.43,23.86,74.95,52.37,2.00,0.54
1664,30.10,86.18,42.44,23.85,74.93,52.38,2.00,0.54
1665,30.11,86.20,42.43,23.86,74.95,52.39,0.10,0.54
1666,30.10,86.18,42.42,23.86,74.95,52.40,1.60,0.54
1667,30.11,86.20,42.44,23.85,74.93,52.39,0.10,0.54
1668,30.07,86.13,42.43,23.86,74.95,52.37,2.00,0.54
1669,30.09,86.17,42.43,23.85,74.93,52.39,1.07,0.54
1670,30.09,86.17,42.45,23.85,74.93,52.39,0.85,0.54
1671,30.08,86.15,42.43,23.84,74.91,52.40,2.00,0.54
1672,30.09,86.17,42.44,23.83,74.89,52.40,0.12,0.54
1673,30.08,86.15,42.44,23.83,74.89,52.39,1.65,0.54
1674,30.10,86.18,42.45,23.83,74.89,52.38,0.10,0.54
1675,30.09,86.17,42.45,23.83,74.89,52.38,0.46,0.53
1676,30.09,86.17,42.42,23.81,74.85,52.38,0.44,0.53
1677,30.09,86.17,42.45,23.83,74.89,52.38,0.42,0.53
1678,30.09,86.17,42.45,23.81,74.85,52.40,0.40,0.53
1679,30.08,86.15,42.45,23.84,74.91,52.38,1.84,0.53
1680,30.08,86.15,42.44,23.83,74.89,52.39,1.36,0.53
1681,30.09,86.17,42.45,23.83,74.89,52.41,0.10,0.53
1682,30.09,86.17,42.43,23.83,74.89,52.41,0.10,0.53
1683,30.08,86.15,42.45,23.83,74.89,52.40,1.47,0.52
1684,30.07,86.13,42.46,23.83,74.89,52.40,2.00,0.52
1685,30.07,86.13,42.43,23.83,74.89,52.40,1.84,0.52
1686,30.07,86.13,42.45,23.83,74.89,52.40,1.36,0.52
1687,30.08,86.15,42.45,23.82,74.87,52.38,0.10,0.52
1688,30.07,86.13,42.46,23.82,74.87,52.41,1.31,0.52
1689,30.09,86.17,42.46,23.84,74.91,52.41,0.10,0.52
1690,30.07,86.13,42.45,23.83,74.89,52.40,1.76,0.52
1691,30.08,86.15,42.45,23.83,74.89,52.41,0.10,0.52
1692,30.08,86.15,42.45,23.82,74.87,52.41,0.10,0.52
1693,30.07,86.13,42.45,23.82,74.87,52.41,1.60,0.52
1694,30.07,86.13,42.45,23.82,74.87,52.42,1.20,0.52
1695,30.05,86.09,42.45,23.83,74.89,52.43,2.00,0.52
1696,30.06,86.11,42.44,23.83,74.89,52.40,1.25,0.51
1697,30.06,86.11,42.43,23.84,74.91,52.42,0.97,0.51
1698,30.05,86.09,42.45,23.83,74.89,52.40,2.00,0.51
1699,30.06,86.11,42.45,23.82,74.87,52.41,0.19,0.51
1700,30.08,86.15,42.45,23.83,74.89,52.40,0.10,0.51
1701,30.05,86.09,42.45,23.82,74.87,52.41,2.00,0.51
1702,30.08,86.15,42.45,23.81,74.85,52.41,0.10,0.51
1703,30.09,86.17,42.45,23.84,74.91,52.40,0.10,0.51
1704,30.08,86.15,42.47,23.82,74.87,52.41,0.10,0.51
1705,30.07,86.13,42.45,23.82,74.87,52.42,1.33,0.51
1706,30.08,86.15,42.45,23.83,74.89,52.41,0.10,0.51
1707,30.08,86.15,42.43,23.82,74.87,52.43,0.10,0.51
1708,30.05,86.09,42.45,23.82,74.87,52.41,2.00,0.51
1709,30.09,86.17,42.45,23.81,74.85,52.43,0.10,0.51
1710,30.08,86.15,42.46,23.80,74.83,52.41,0.10,0.51
1711,30.06,86.11,42.45,23.81,74.85,52.43,2.00,0.51
1712,30.08,86.15,42.45,23.79,74.81,52.43,0.10,0.51
1713,30.07,86.13,42.45,23.80,74.83,52.43,1.00,0.51
1714,30.08,86.15,42.43,23.81,74.85,52.42,0.10,0.51
1715,30.05,86.09,42.42,23.80,74.83,52.41,2.00,0.51
1716,30.07,86.13,42.45,23.80,74.83,52.43,0.10,0.51
1717,30.06,86.11,42.43,23.79,74.81,52.44,1.54,0.51
1718,30.06,86.11,42.45,23.80,74.83,52.44,1.16,0.51
1719,30.07,86.13,42.44,23.79,74.81,52.43,0.10,0.51
1720,30.06,86.11,42.44,23.79,74.81,52.43,1.22,0.51
1721,30.06,86.11,42.42,23.79,74.81,52.43,0.95,0.50
1722,30.07,86.13,42.44,23.77,74.79,52.44,0.10,0.50
1723,30.08,86.15,42.43,23.80,74.83,52.44,0.10,0.50
1724,30.06,86.11,42.45,23.80,74.83,52.44,1.84,0.50
1725,30.07,86.13,42.43,23.80,74.83,52.43,0.10,0.50
1726,30.06,86.11,42.45,23.79,74.81,52.43,1.52,0.50
1727,30.04,86.07,42.42,23.76,74.78,52.44,2.00,0.50
1728,30.05,86.09,42.43,23.80,74.83,52.44,1.39,0.50
1729,30.06,86.11,42.42,23.80,74.83,52.44,0.10,0.50
1730,30.05,86.09,42.42,23.77,74.79,52.44,1.33,0.50
1731,30.07,86.13,42.43,23.79,74.81,52.43,0.10,0.50
1732,30.06,86.11,42.43,23.77,74.79,52.44,0.33,0.50
1733,30.06,86.11,42.43,23.77,74.79,52.44,0.35,0.50
1734,30.05,86.09,42.45,23.80,74.83,52.45,1.82,0.50
1735,30.06,86.11,42.43,23.79,74.81,52.46,0.10,0.50
1736,30.04,86.07,42.42,23.76,74.78,52.46,2.00,0.50
1737,30.04,86.07,42.42,23.80,74.83,52.47,2.00,0.50
1738,30.05,86.09,42.42,23.79,74.81,52.43,0.11,0.50
1739,30.04,86.07,42.43,23.79,74.81,52.45,1.66,0.49
1740,30.06,86.11,42.43,23.79,74.81,52.46,0.10,0.49
1741,30.05,86.09,42.43,23.79,74.81,52.46,0.48,0.49
1742,30.03,86.05,42.42,23.79,74.81,52.46,2.00,0.49
1743,30.07,86.13,42.44,23.79,74.81,52.44,0.10,0.49
1744,30.05,86.09,42.41,23.76,74.78,52.46,0.75,0.49
1745,30.06,86.11,42.42,23.79,74.81,52.47,0.10,0.49
1746,30.05,86.09,42.42,23.74,74.74,52.46,1.04,0.49
1747,30.05,86.09,42.42,23.76,74.78,52.46,0.83,0.49
1748,30.06,86.11,42.39,23.75,74.76,52.46,0.10,0.49
1749,30.07,86.13,42.41,23.75,74.76,52.46,0.10,0.49
1750,30.07,86.13,42.41,23.76,74.78,52.47,0.10,0.49
1751,30.04,86.07,42.42,23.76,74.78,52.47,2.00,0.49
1752,30.07,86.13,42.42,23.76,74.78,52.46,0.10,0.49
1753,30.04,86.07,42.42,23.73,74.72,52.46,2.00,0.49
1754,30.06,86.11,42.42,23.74,74.74,52.46,0.10,0.49
1755,30.05,86.09,42.42,23.74,74.74,52.46,1.23,0.49
1756,30.05,86.09,42.40,23.74,74.74,52.46,0.95,0.49
1757,30.05,86.09,42.41,23.76,74.78,52.47,0.77,0.49
1758,30.05,86.09,42.41,23.75,74.76,52.48,0.65,0.49
1759,30.05,86.09,42.40,23.75,74.76,52.48,0.57,0.49
1760,30.05,86.09,42.42,23.75,74.76,52.49,0.51,0.49
1761,30.06,86.11,42.41,23.76,74.78,52.49,0.10,0.49
1762,30.05,86.09,42.39,23.75,74.76,52.49,0.93,0.48
1763,30.04,86.07,42.39,23.76,74.78,52.50,2.00,0.48
1764,30.02,86.03,42.38,23.76,74.78,52.51,2.00,0.48
1765,30.03,86.05,42.39,23.76,74.78,52.51,1.71,0.48
1766,30.03,86.05,42.39,23.75,74.76,52.51,1.28,0.48
1767,30.04,86.07,42.39,23.76,74.78,52.52,0.10,0.48
1768,30.03,86.05,42.38,23.79,74.81,52.52,1.29,0.48
1769,30.03,86.05,42.39,23.80,74.83,52.52,1.01,0.48
1770,30.02,86.03,42.39,23.77,74.79,52.51,2.00,0.48
1771,30.01,86.01,42.36,23.79,74.81,52.53,2.00,0.48
1772,30.03,86.05,42.37,23.79,74.81,52.53,0.10,0.48
1773,30.03,86.05,42.37,23.76,74.78,52.52,0.10,0.48
1774,30.03,86.05,42.39,23.79,74.81,52.53,0.10,0.48
1775,30.03,86.05,42.36,23.77,74.79,52.52,0.11,0.48
1776,30.02,86.03,42.38,23.79,74.81,52.52,1.67,0.48
1777,30.01,86.01,42.39,23.79,74.81,52.53,2.00,0.48
1778,30.02,86.03,42.37,23.75,74.76,52.52,0.52,0.48
1779,30.02,86.03,42.39,23.75,74.76,52.52,0.50,0.48
1780,30.03,86.05,42.38,23.79,74.81,52.52,0.10,0.48
1781,30.02,86.03,42.39,23.79,74.81,52.50,0.95,0.48
1782,30.04,86.07,42.38,23.80,74.83,52.53,0.10,0.48
1783,30.04,86.07,42.39,23.76,74.78,52.52,0.10,0.48
1784,30.03,86.05,42.39,23.75,74.76,52.51,0.74,0.48
1785,30.03,86.05,42.39,23.76,74.78,52.53,0.64,0.48
1786,30.03,86.05,42.39,23.80,74.83,52.53,0.57,0.48
1787,30.02,86.03,42.39,23.79,74.81,52.52,1.97,0.48
1788,30.01,86.01,42.38,23.80,74.83,52.53,2.00,0.48
1789,30.00,85.99,42.36,23.79,74.81,52.52,2.00,0.48
