timestamp,ambient_c,ambient_rh,set_c,err_c,duty_cycle
1521530119.81,23.517,61.337,29.000,-5.483,0.000
1521530120.22,23.528,61.307,29.000,-5.472,0.000
1521530120.63,23.496,61.299,29.000,-5.504,0.000
1521530121.04,23.496,61.276,29.000,-5.504,0.000
1521530121.44,23.507,61.291,29.000,-5.493,0.000
1521530121.85,23.496,61.276,29.000,-5.504,0.000
1521530122.26,23.507,61.307,29.000,-5.493,0.000
1521530122.67,23.507,61.291,29.000,-5.493,0.000
1521530123.08,23.496,61.299,29.000,-5.504,0.000
1521530123.48,23.507,61.276,29.000,-5.493,0.000
1521530123.89,23.507,61.291,29.000,-5.493,0.000
1521530124.30,23.496,61.284,29.000,-5.504,0.000
1521530124.71,23.517,61.307,29.000,-5.483,0.000
1521530125.12,23.507,61.307,29.000,-5.493,0.000
1521530125.52,23.507,61.291,29.000,-5.493,0.000
1521530125.93,23.496,61.284,29.000,-5.504,0.000
1521530126.34,23.507,61.307,29.000,-5.493,0.000
1521530126.75,23.507,61.299,29.000,-5.493,0.000
1521530127.15,23.507,61.268,29.000,-5.493,0.000
1521530127.56,23.485,61.268,29.000,-5.515,0.000
1521530127.97,23.485,61.261,29.000,-5.515,0.000
1521530128.38,23.496,61.261,29.000,-5.504,0.000
1521530128.79,23.496,61.268,29.000,-5.504,0.000
1521530129.19,23.507,61.261,29.000,-5.493,0.000
1521530129.60,23.507,61.261,29.000,-5.493,0.000
1521530130.01,23.528,61.268,29.000,-5.472,0.000
1521530130.42,23.528,61.261,29.000,-5.472,0.000
1521530130.83,23.496,61.261,29.000,-5.504,0.000
1521530131.23,23.507,61.253,29.000,-5.493,0.000
1521530131.64,23.507,61.268,29.000,-5.493,0.000
1521530132.05,23.517,61.253,29.000,-5.483,0.000
1521530132.46,23.496,61.230,29.000,-5.504,0.000
1521530132.87,23.496,61.245,29.000,-5.504,0.000
1521530133.27,23.517,61.230,29.000,-5.483,0.000
1521530133.68,23.507,61.230,29.000,-5.493,0.000
1521530134.09,23.517,61.245,29.000,-5.483,0.000
1521530134.50,23.507,61.230,29.000,-5.493,0.000
1521530134.90,23.496,61.238,29.000,-5.504,0.000
1521530135.31,23.496,61.207,29.000,-5.504,0.000
1521530135.72,23.507,61.215,29.000,-5.493,0.000
1521530136.13,23.507,61.230,29.000,-5.493,0.000
1521530136.54,23.528,61.223,29.000,-5.472,0.000
1521530136.94,23.507,61.200,29.000,-5.493,0.000
1521530137.35,23.507,61.223,29.000,-5.493,0.000
1521530137.76,23.517,61.207,29.000,-5.483,0.000
1521530138.17,23.507,61.215,29.000,-5.493,0.000
1521530138.58,23.507,61.215,29.000,-5.493,0.000
1521530138.98,23.496,61.192,29.000,-5.504,0.000
1521530139.39,23.517,61.192,29.000,-5.483,0.000
1521530139.80,23.485,61.169,29.000,-5.515,0.000
1521530140.21,23.496,61.192,29.000,-5.504,0.000
1521530140.62,23.496,61.169,29.000,-5.504,0.000
1521530141.02,23.507,61.192,29.000,-5.493,0.000
1521530141.43,23.507,61.192,29.000,-5.493,0.000
1521530141.84,23.507,61.139,29.000,-5.493,0.000
1521530142.25,23.507,61.154,29.000,-5.493,0.000
1521530142.66,23.517,61.169,29.000,-5.483,0.000
1521530143.06,23.517,61.139,29.000,-5.483,0.000
1521530143.47,23.507,61.131,29.000,-5.493,0.000
1521530143.88,23.496,61.146,29.000,-5.504,0.000
1521530144.29,23.517,61.108,29.000,-5.483,0.000
1521530144.70,23.507,61.116,29.000,-5.493,0.000
1521530145.10,23.507,61.108,29.000,-5.493,0.000
1521530145.51,23.507,61.123,29.000,-5.493,0.000
1521530145.92,23.507,61.101,29.000,-5.493,0.000
1521530146.33,23.528,61.108,29.000,-5.472,0.000
1521530146.73,23.517,61.085,29.000,-5.483,0.000
1521530147.14,23.507,61.108,29.000,-5.493,0.000
1521530147.55,23.496,61.093,29.000,-5.504,0.000
1521530147.96,23.517,61.078,29.000,-5.483,0.000
1521530148.37,23.496,61.078,29.000,-5.504,0.000
1521530148.77,23.539,61.078,29.000,-5.461,0.000
1521530149.18,23.496,61.062,29.000,-5.504,0.000
1521530149.59,23.507,61.078,29.000,-5.493,0.000
1521530150.00,23.528,61.078,29.000,-5.472,0.000
1521530150.41,23.507,61.085,29.000,-5.493,0.000
1521530150.81,23.507,61.062,29.000,-5.493,0.000
1521530151.22,23.507,61.047,29.000,-5.493,0.000
1521530151.63,23.517,61.078,29.000,-5.483,0.000
1521530152.04,23.496,61.070,29.000,-5.504,0.000
1521530152.45,23.507,61.062,29.000,-5.493,0.000
1521530152.85,23.539,61.062,29.000,-5.461,0.000
1521530153.26,23.517,61.039,29.000,-5.483,0.000
1521530153.67,23.517,61.055,29.000,-5.483,0.000
1521530154.08,23.539,61.039,29.000,-5.461,0.000
1521530154.49,23.517,61.039,29.000,-5.483,0.000
1521530154.89,23.528,61.055,29.000,-5.472,0.000
1521530155.30,23.517,61.047,29.000,-5.483,0.000
1521530155.71,23.507,61.047,29.000,-5.493,0.000
1521530156.12,23.528,61.070,29.000,-5.472,0.000
1521530156.52,23.528,61.062,29.000,-5.472,0.000
1521530156.93,23.528,61.055,29.000,-5.472,0.000
1521530157.34,23.507,61.062,29.000,-5.493,0.000
1521530157.75,23.496,61.055,29.000,-5.504,0.000
1521530158.16,23.517,61.070,29.000,-5.483,0.000
1521530158.57,23.517,61.062,29.000,-5.483,0.000
1521530158.97,23.528,61.055,29.000,-5.472,0.000
1521530159.38,23.528,61.078,29.000,-5.472,0.000
1521530159.79,23.528,61.062,29.000,-5.472,0.000
1521530160.20,23.496,61.062,29.000,-5.504,0.000
1521530160.60,23.507,61.062,29.000,-5.493,0.000
1521530161.01,23.507,61.078,29.000,-5.493,0.000
1521530161.42,23.517,61.062,29.000,-5.483,0.000
1521530161.83,23.517,61.070,29.000,-5.483,0.000
1521530162.24,23.517,61.078,29.000,-5.483,0.000
1521530162.64,23.517,61.093,29.000,-5.483,0.000
1521530163.05,23.517,61.101,29.000,-5.483,0.000
1521530163.46,23.507,61.093,29.000,-5.493,0.000
1521530163.87,23.517,61.101,29.000,-5.483,0.000
1521530164.28,23.507,61.078,29.000,-5.493,0.000
1521530164.68,23.517,61.093,29.000,-5.483,0.000
1521530165.09,23.539,61.101,29.000,-5.461,0.000
1521530165.50,23.507,61.093,29.000,-5.493,0.000
1521530165.91,23.517,61.078,29.000,-5.483,0.000
1521530166.31,23.507,61.101,29.000,-5.493,0.000
1521530166.72,23.528,61.101,29.000,-5.472,0.000
1521530167.13,23.528,61.093,29.000,-5.472,0.000
1521530167.54,23.517,61.108,29.000,-5.483,0.000
1521530167.95,23.517,61.078,29.000,-5.483,0.000
1521530168.35,23.517,61.078,29.000,-5.483,0.000
1521530168.76,23.507,61.085,29.000,-5.493,0.000
1521530169.17,23.517,61.078,29.000,-5.483,0.000
1521530169.58,23.507,61.085,29.000,-5.493,0.000
1521530169.99,23.528,61.078,29.000,-5.472,0.000
1521530170.39,23.528,61.062,29.000,-5.472,0.000
1521530170.80,23.517,61.062,29.000,-5.483,0.000
1521530171.21,23.507,61.062,29.000,-5.493,0.000
1521530171.62,23.517,61.062,29.000,-5.483,0.000
1521530172.03,23.528,61.062,29.000,-5.472,0.000
1521530172.43,23.528,61.078,29.000,-5.472,0.000
1521530172.84,23.539,61.039,29.000,-5.461,0.000
1521530173.25,23.550,61.062,29.000,-5.450,0.000
1521530173.66,23.517,61.055,29.000,-5.483,0.000
1521530174.07,23.507,61.039,29.000,-5.493,0.000
1521530174.47,23.528,61.062,29.000,-5.472,0.000
1521530174.88,23.507,61.062,29.000,-5.493,0.000
1521530175.29,23.528,61.039,29.000,-5.472,0.000
1521530175.70,23.528,61.039,29.000,-5.472,0.000
1521530176.10,23.528,61.024,29.000,-5.472,0.000
1521530176.51,23.550,61.047,29.000,-5.450,0.000
1521530176.92,23.517,61.039,29.000,-5.483,0.000
1521530177.33,23.507,61.039,29.000,-5.493,0.000
1521530177.74,23.528,61.039,29.000,-5.472,0.000
1521530178.15,23.507,61.001,29.000,-5.493,0.000
1521530178.55,23.539,61.024,29.000,-5.461,0.000
1521530178.96,23.517,61.024,29.000,-5.483,0.000
1521530179.37,23.517,61.001,29.000,-5.483,0.000
1521530179.78,23.528,61.032,29.000,-5.472,0.000
1521530180.18,23.517,61.017,29.000,-5.483,0.000
1521530180.59,23.539,61.001,29.000,-5.461,0.000
1521530181.00,23.517,60.994,29.000,-5.483,0.000
1521530181.41,23.517,61.001,29.000,-5.483,0.000
1521530181.82,23.528,61.001,29.000,-5.472,0.000
1521530182.22,23.539,61.001,29.000,-5.461,0.000
1521530182.63,23.550,61.009,29.000,-5.450,0.000
1521530183.04,23.539,60.986,29.000,-5.461,0.000
1521530183.45,23.528,60.986,29.000,-5.472,0.000
1521530183.86,23.517,60.986,29.000,-5.483,0.000
1521530184.26,23.528,60.978,29.000,-5.472,0.000
1521530184.67,23.539,60.986,29.000,-5.461,0.000
1521530185.08,23.507,60.986,29.000,-5.493,0.000
1521530185.49,23.517,60.986,29.000,-5.483,0.000
1521530185.89,23.507,60.978,29.000,-5.493,0.000
1521530186.30,23.528,61.001,29.000,-5.472,0.000
1521530186.71,23.550,60.978,29.000,-5.450,0.000
1521530187.12,23.528,60.986,29.000,-5.472,0.000
1521530187.53,23.528,60.956,29.000,-5.472,0.000
1521530187.93,23.507,60.978,29.000,-5.493,0.000
1521530188.34,23.528,60.971,29.000,-5.472,0.000
1521530188.75,23.528,60.956,29.000,-5.472,0.000
1521530189.16,23.539,60.978,29.000,-5.461,0.000
1521530189.57,23.528,60.956,29.000,-5.472,0.000
1521530189.97,23.550,60.948,29.000,-5.450,0.000
1521530190.38,23.550,60.956,29.000,-5.450,0.000
1521530190.79,23.550,60.963,29.000,-5.450,0.000
1521530191.20,23.550,60.933,29.000,-5.450,0.000
1521530191.61,23.539,60.933,29.000,-5.461,0.000
1521530192.01,23.550,60.933,29.000,-5.450,0.000
1521530192.42,23.528,60.948,29.000,-5.472,0.000
1521530192.83,23.560,60.925,29.000,-5.440,0.000
1521530193.24,23.550,60.933,29.000,-5.450,0.000
1521530193.65,23.550,60.925,29.000,-5.450,0.000
1521530194.05,23.528,60.917,29.000,-5.472,0.000
1521530194.46,23.539,60.917,29.000,-5.461,0.000
1521530194.87,23.539,60.925,29.000,-5.461,0.000
1521530195.28,23.528,60.933,29.000,-5.472,0.000
1521530195.68,23.539,60.933,29.000,-5.461,0.000
1521530196.09,23.528,60.902,29.000,-5.472,0.000
1521530196.50,23.539,60.910,29.000,-5.461,0.000
1521530196.91,23.539,60.917,29.000,-5.461,0.000
1521530197.32,23.550,60.895,29.000,-5.450,0.000
1521530197.73,23.539,60.917,29.000,-5.461,0.000
1521530198.13,23.550,60.887,29.000,-5.450,0.000
1521530198.54,23.528,60.895,29.000,-5.472,0.000
1521530198.95,23.528,60.895,29.000,-5.472,0.000
1521530199.36,23.528,60.887,29.000,-5.472,0.000
1521530199.76,23.550,60.895,29.000,-5.450,0.000
1521530200.17,23.550,60.879,29.000,-5.450,0.000
1521530200.58,23.539,60.895,29.000,-5.461,0.000
1521530200.99,23.539,60.879,29.000,-5.461,0.000
1521530201.40,23.539,60.887,29.000,-5.461,0.000
1521530201.80,23.539,60.879,29.000,-5.461,0.000
1521530202.21,23.539,60.887,29.000,-5.461,0.000
1521530202.62,23.517,60.864,29.000,-5.483,0.000
1521530203.03,23.539,60.879,29.000,-5.461,0.000
1521530203.44,23.528,60.856,29.000,-5.472,0.000
1521530203.84,23.550,60.879,29.000,-5.450,0.000
1521530204.25,23.550,60.856,29.000,-5.450,0.000
1521530204.66,23.550,60.864,29.000,-5.450,0.000
1521530205.07,23.550,60.856,29.000,-5.450,0.000
1521530205.48,23.550,60.872,29.000,-5.450,0.000
1521530205.88,23.539,60.849,29.000,-5.461,0.000
1521530206.29,23.539,60.864,29.000,-5.461,0.000
1521530206.70,23.550,60.856,29.000,-5.450,0.000
1521530207.11,23.539,60.887,29.000,-5.461,0.000
1521530207.52,23.550,60.872,29.000,-5.450,0.000
1521530207.92,23.560,60.864,29.000,-5.440,0.000
1521530208.33,23.550,60.864,29.000,-5.450,0.000
1521530208.74,23.550,60.879,29.000,-5.450,0.000
1521530209.15,23.528,60.872,29.000,-5.472,0.000
1521530209.55,23.528,60.879,29.000,-5.472,0.000
1521530209.96,23.528,60.864,29.000,-5.472,0.000
1521530210.37,23.539,60.872,29.000,-5.461,0.000
1521530210.78,23.528,60.879,29.000,-5.472,0.000
1521530211.19,23.528,60.887,29.000,-5.472,0.000
1521530211.60,23.517,60.872,29.000,-5.483,0.000
1521530212.00,23.539,60.879,29.000,-5.461,0.000
1521530212.41,23.560,60.887,29.000,-5.440,0.000
1521530212.82,23.550,60.879,29.000,-5.450,0.000
1521530213.23,23.539,60.887,29.000,-5.461,0.000
1521530213.63,23.539,60.879,29.000,-5.461,0.000
1521530214.04,23.528,60.879,29.000,-5.472,0.000
1521530214.45,23.550,60.887,29.000,-5.450,0.000
1521530214.86,23.539,60.887,29.000,-5.461,0.000
1521530215.27,23.550,60.879,29.000,-5.450,0.000
1521530215.67,23.550,60.879,29.000,-5.450,0.000
1521530216.08,23.539,60.887,29.000,-5.461,0.000
1521530216.49,23.550,60.887,29.000,-5.450,0.000
1521530216.90,23.517,60.879,29.000,-5.483,0.000
1521530217.31,23.539,60.895,29.000,-5.461,0.000
1521530217.71,23.550,60.887,29.000,-5.450,0.000
1521530218.12,23.539,60.887,29.000,-5.461,0.000
1521530218.53,23.528,60.879,29.000,-5.472,0.000
1521530218.94,23.550,60.895,29.000,-5.450,0.000
1521530219.35,23.550,60.879,29.000,-5.450,0.000
1521530219.75,23.550,60.887,29.000,-5.450,0.000
1521530220.16,23.550,60.864,29.000,-5.450,0.000
1521530220.57,23.539,60.864,29.000,-5.461,0.000
1521530220.98,23.550,60.879,29.000,-5.450,0.000
1521530221.38,23.550,60.856,29.000,-5.450,0.000
1521530221.79,23.539,60.864,29.000,-5.461,0.000
1521530222.20,23.539,60.872,29.000,-5.461,0.000
1521530222.61,23.528,60.856,29.000,-5.472,0.000
1521530223.02,23.539,60.849,29.000,-5.461,0.000
1521530223.42,23.550,60.849,29.000,-5.450,0.000
1521530223.83,23.539,60.856,29.000,-5.461,0.000
1521530224.24,23.550,60.841,29.000,-5.450,0.000
1521530224.65,23.528,60.833,29.000,-5.472,0.000
1521530225.06,23.539,60.841,29.000,-5.461,0.000
1521530225.46,23.539,60.849,29.000,-5.461,0.000
1521530225.87,23.539,60.818,29.000,-5.461,0.000
1521530226.28,23.550,60.818,29.000,-5.450,0.000
1521530226.69,23.539,60.849,29.000,-5.461,0.000
1521530227.10,23.528,60.826,29.000,-5.472,0.000
1521530227.50,23.550,60.818,29.000,-5.450,0.000
1521530227.91,23.550,60.818,29.000,-5.450,0.000
1521530228.32,23.550,60.811,29.000,-5.450,0.000
1521530228.73,23.539,60.803,29.000,-5.461,0.000
1521530229.13,23.550,60.795,29.000,-5.450,0.000
1521530229.54,23.528,60.818,29.000,-5.472,0.000
1521530229.95,23.507,60.803,29.000,-5.493,0.000
1521530230.36,23.550,60.788,29.000,-5.450,0.000
1521530230.77,23.539,60.818,29.000,-5.461,0.000
1521530231.18,23.550,60.803,29.000,-5.450,0.000
1521530231.58,23.550,60.811,29.000,-5.450,0.000
1521530231.99,23.560,60.803,29.000,-5.440,0.000
1521530232.40,23.539,60.795,29.000,-5.461,0.000
1521530232.81,23.550,60.803,29.000,-5.450,0.000
1521530233.21,23.560,60.795,29.000,-5.440,0.000
1521530233.62,23.528,60.795,29.000,-5.472,0.000
1521530234.03,23.550,60.788,29.000,-5.450,0.000
1521530234.44,23.550,60.780,29.000,-5.450,0.000
1521530234.85,23.571,60.780,29.000,-5.429,0.000
1521530235.25,23.528,60.780,29.000,-5.472,0.000
1521530235.66,23.550,60.788,29.000,-5.450,0.000
1521530236.07,23.539,60.772,29.000,-5.461,0.000
1521530236.48,23.560,60.788,29.000,-5.440,0.000
1521530236.89,23.560,60.780,29.000,-5.440,0.000
1521530237.29,23.550,60.765,29.000,-5.450,0.000
1521530237.70,23.560,60.765,29.000,-5.440,0.000
1521530238.11,23.550,60.788,29.000,-5.450,0.000
1521530238.52,23.528,60.780,29.000,-5.472,0.000
1521530238.93,23.550,60.780,29.000,-5.450,0.000
1521530239.33,23.550,60.750,29.000,-5.450,0.000
1521530239.74,23.560,60.780,29.000,-5.440,0.000
1521530240.15,23.550,60.772,29.000,-5.450,0.000
1521530240.56,23.560,60.780,29.000,-5.440,0.000
1521530240.96,23.571,60.765,29.000,-5.429,0.000
1521530241.37,23.550,60.765,29.000,-5.450,0.000
1521530241.78,23.539,60.765,29.000,-5.461,0.000
1521530242.19,23.571,60.765,29.000,-5.429,0.000
1521530242.60,23.550,60.765,29.000,-5.450,0.000
1521530243.00,23.550,60.757,29.000,-5.450,0.000
1521530243.41,23.560,60.742,29.000,-5.440,0.000
1521530243.82,23.539,60.757,29.000,-5.461,0.000
1521530244.23,23.550,60.765,29.000,-5.450,0.000
1521530244.64,23.539,60.750,29.000,-5.461,0.000
1521530245.04,23.550,60.757,29.000,-5.450,0.000
1521530245.45,23.550,60.742,29.000,-5.450,0.000
1521530245.86,23.560,60.750,29.000,-5.440,0.000
1521530246.27,23.550,60.765,29.000,-5.450,0.000
1521530246.68,23.560,60.734,29.000,-5.440,0.000
1521530247.08,23.550,60.750,29.000,-5.450,0.000
1521530247.49,23.550,60.750,29.000,-5.450,0.000
1521530247.90,23.528,60.734,29.000,-5.472,0.000
1521530248.31,23.539,60.750,29.000,-5.461,0.000
1521530248.71,23.560,60.742,29.000,-5.440,0.000
1521530249.12,23.550,60.750,29.000,-5.450,0.000
1521530249.53,23.539,60.727,29.000,-5.461,0.000
1521530249.94,23.550,60.742,29.000,-5.450,0.000
1521530250.35,23.550,60.750,29.000,-5.450,0.000
1521530250.76,23.550,60.719,29.000,-5.450,0.000
1521530251.16,23.550,60.719,29.000,-5.450,0.000
1521530251.57,23.528,60.711,29.000,-5.472,0.000
1521530251.98,23.550,60.719,29.000,-5.450,0.000
1521530252.39,23.550,60.719,29.000,-5.450,0.000
1521530252.80,23.539,60.719,29.000,-5.461,0.000
1521530253.20,23.550,60.727,29.000,-5.450,0.000
1521530253.61,23.560,60.719,29.000,-5.440,0.000
1521530254.02,23.550,60.727,29.000,-5.450,0.000
1521530254.43,23.550,60.727,29.000,-5.450,0.000
1521530254.83,23.539,60.727,29.000,-5.461,0.000
1521530255.24,23.550,60.727,29.000,-5.450,0.000
1521530255.65,23.528,60.727,29.000,-5.472,0.000
1521530256.06,23.571,60.711,29.000,-5.429,0.000
1521530256.47,23.539,60.711,29.000,-5.461,0.000
1521530256.87,23.560,60.711,29.000,-5.440,0.000
1521530257.28,23.550,60.734,29.000,-5.450,0.000
1521530257.69,23.550,60.711,29.000,-5.450,0.000
1521530258.10,23.539,60.719,29.000,-5.461,0.000
1521530258.51,23.550,60.711,29.000,-5.450,0.000
1521530258.91,23.560,60.711,29.000,-5.440,0.000
1521530259.32,23.560,60.711,29.000,-5.440,0.000
1521530259.73,23.550,60.689,29.000,-5.450,0.000
1521530260.14,23.550,60.711,29.000,-5.450,0.000
1521530260.55,23.560,60.711,29.000,-5.440,0.000
1521530260.95,23.550,60.689,29.000,-5.450,0.000
1521530261.36,23.550,60.689,29.000,-5.450,0.000
1521530261.77,23.550,60.681,29.000,-5.450,0.000
1521530262.18,23.550,60.689,29.000,-5.450,0.000
1521530262.58,23.550,60.681,29.000,-5.450,0.000
1521530262.99,23.539,60.689,29.000,-5.461,0.000
1521530263.40,23.550,60.673,29.000,-5.450,0.000
1521530263.81,23.550,60.689,29.000,-5.450,0.000
1521530264.22,23.560,60.681,29.000,-5.440,0.000
1521530264.62,23.560,60.673,29.000,-5.440,0.000
1521530265.04,23.560,60.689,29.000,-5.440,0.000
1521530265.44,23.528,60.689,29.000,-5.472,0.000
1521530265.85,23.571,60.696,29.000,-5.429,0.000
1521530266.26,23.550,60.689,29.000,-5.450,0.000
1521530266.66,23.560,60.696,29.000,-5.440,0.000
1521530267.08,23.560,60.666,29.000,-5.440,0.000
1521530267.48,23.539,60.689,29.000,-5.461,0.000
1521530267.89,23.539,60.689,29.000,-5.461,0.000
1521530268.30,23.571,60.689,29.000,-5.429,0.000
1521530268.71,23.550,60.681,29.000,-5.450,0.000
1521530269.11,23.571,60.704,29.000,-5.429,0.000
1521530269.52,23.550,60.711,29.000,-5.450,0.000
1521530269.93,23.539,60.681,29.000,-5.461,0.000
1521530270.34,23.550,60.689,29.000,-5.450,0.000
1521530270.74,23.560,60.689,29.000,-5.440,0.000
1521530271.15,23.560,60.696,29.000,-5.440,0.000
1521530271.56,23.550,60.673,29.000,-5.450,0.000
1521530271.97,23.550,60.681,29.000,-5.450,0.000
1521530272.37,23.571,60.673,29.000,-5.429,0.000
1521530272.79,23.560,60.681,29.000,-5.440,0.000
1521530273.19,23.528,60.673,29.000,-5.472,0.000
1521530273.60,23.550,60.681,29.000,-5.450,0.000
1521530274.01,23.560,60.666,29.000,-5.440,0.000
1521530274.42,23.560,60.666,29.000,-5.440,0.000
1521530274.83,23.550,60.666,29.000,-5.450,0.000
1521530275.23,23.560,60.650,29.000,-5.440,0.000
1521530275.64,23.550,60.673,29.000,-5.450,0.000
1521530276.05,23.560,60.681,29.000,-5.440,0.000
1521530276.46,23.560,60.673,29.000,-5.440,0.000
1521530276.86,23.560,60.666,29.000,-5.440,0.000
1521530277.27,23.560,60.673,29.000,-5.440,0.000
1521530277.68,23.550,60.666,29.000,-5.450,0.000
1521530278.09,23.560,60.673,29.000,-5.440,0.000
1521530278.50,23.560,60.658,29.000,-5.440,0.000
1521530278.90,23.571,60.673,29.000,-5.429,0.000
1521530279.31,23.539,60.673,29.000,-5.461,0.000
1521530279.72,23.571,60.689,29.000,-5.429,0.000
1521530280.13,23.550,60.673,29.000,-5.450,0.000
1521530280.54,23.571,60.673,29.000,-5.429,0.000
1521530280.94,23.560,60.696,29.000,-5.440,0.000
1521530281.35,23.550,60.689,29.000,-5.450,0.000
1521530281.76,23.560,60.673,29.000,-5.440,0.000
1521530282.17,23.571,60.673,29.000,-5.429,0.000
1521530282.57,23.528,60.666,29.000,-5.472,0.000
1521530282.98,23.560,60.666,29.000,-5.440,0.000
1521530283.39,23.550,60.673,29.000,-5.450,0.000
1521530283.80,23.550,60.681,29.000,-5.450,0.000
1521530284.21,23.539,60.689,29.000,-5.461,0.000
1521530284.61,23.539,60.673,29.000,-5.461,0.000
1521530285.02,23.560,60.689,29.000,-5.440,0.000
1521530285.43,23.550,60.673,29.000,-5.450,0.000
1521530285.84,23.550,60.650,29.000,-5.450,0.000
1521530286.25,23.550,60.650,29.000,-5.450,0.000
1521530286.66,23.539,60.673,29.000,-5.461,0.000
1521530287.06,23.571,60.666,29.000,-5.429,0.000
1521530287.47,23.550,60.650,29.000,-5.450,0.000
1521530287.88,23.560,60.673,29.000,-5.440,0.000
1521530288.29,23.550,60.658,29.000,-5.450,0.000
1521530288.70,23.560,60.650,29.000,-5.440,0.000
1521530289.10,23.550,60.643,29.000,-5.450,0.000
1521530289.51,23.550,60.658,29.000,-5.450,0.000
1521530289.92,23.550,60.673,29.000,-5.450,0.000
1521530290.33,23.539,60.643,29.000,-5.461,0.000
1521530290.74,23.582,60.635,29.000,-5.418,0.000
1521530291.14,23.560,60.635,29.000,-5.440,0.000
1521530291.55,23.539,60.635,29.000,-5.461,0.000
1521530291.96,23.550,60.635,29.000,-5.450,0.000
1521530292.37,23.550,60.635,29.000,-5.450,0.000
1521530292.78,23.571,60.635,29.000,-5.429,0.000
1521530293.18,23.539,60.628,29.000,-5.461,0.000
1521530293.59,23.550,60.628,29.000,-5.450,0.000
1521530294.00,23.550,60.628,29.000,-5.450,0.000
1521530294.41,23.560,60.650,29.000,-5.440,0.000
1521530294.82,23.550,60.643,29.000,-5.450,0.000
1521530295.22,23.539,60.635,29.000,-5.461,0.000
1521530295.63,23.550,60.650,29.000,-5.450,0.000
1521530296.04,23.550,60.643,29.000,-5.450,0.000
1521530296.45,23.550,60.635,29.000,-5.450,0.000
1521530296.85,23.550,60.650,29.000,-5.450,0.000
1521530297.26,23.550,60.643,29.000,-5.450,0.000
1521530297.67,23.550,60.658,29.000,-5.450,0.000
1521530298.08,23.550,60.643,29.000,-5.450,0.000
1521530298.49,23.550,60.635,29.000,-5.450,0.000
1521530298.89,23.550,60.650,29.000,-5.450,0.000
1521530299.30,23.550,60.650,29.000,-5.450,0.000
1521530299.71,23.539,60.650,29.000,-5.461,0.000
1521530300.12,23.539,60.666,29.000,-5.461,0.000
1521530300.52,23.528,60.658,29.000,-5.472,0.000
1521530300.93,23.550,60.643,29.000,-5.450,0.000
1521530301.34,23.560,60.628,29.000,-5.440,0.000
1521530301.75,23.560,60.650,29.000,-5.440,0.000
1521530302.16,23.550,60.658,29.000,-5.450,0.000
1521530302.56,23.560,60.673,29.000,-5.440,0.000
1521530302.97,23.550,60.658,29.000,-5.450,0.000
1521530303.38,23.571,60.650,29.000,-5.429,0.000
1521530303.79,23.528,60.650,29.000,-5.472,0.000
1521530304.20,23.560,60.666,29.000,-5.440,0.000
1521530304.60,23.550,60.666,29.000,-5.450,0.000
1521530305.01,23.550,60.681,29.000,-5.450,0.000
1521530305.42,23.550,60.650,29.000,-5.450,0.000
1521530305.83,23.539,60.673,29.000,-5.461,0.000
1521530306.24,23.539,60.658,29.000,-5.461,0.000
1521530306.64,23.528,60.673,29.000,-5.472,0.000
1521530307.05,23.550,60.650,29.000,-5.450,0.000
1521530307.46,23.571,60.650,29.000,-5.429,0.000
1521530307.87,23.550,60.643,29.000,-5.450,0.000
1521530308.27,23.550,60.666,29.000,-5.450,0.000
1521530308.69,23.550,60.650,29.000,-5.450,0.000
1521530309.09,23.550,60.666,29.000,-5.450,0.000
1521530309.50,23.539,60.673,29.000,-5.461,0.000
1521530309.91,23.539,60.658,29.000,-5.461,0.000
1521530310.32,23.560,60.681,29.000,-5.440,0.000
1521530310.72,23.539,60.681,29.000,-5.461,0.000
1521530311.13,23.550,60.666,29.000,-5.450,0.000
1521530311.54,23.550,60.650,29.000,-5.450,0.000
1521530311.95,23.550,60.673,29.000,-5.450,0.000
1521530312.36,23.550,60.666,29.000,-5.450,0.000
1521530312.76,23.560,60.673,29.000,-5.440,0.000
1521530313.17,23.528,60.650,29.000,-5.472,0.000
1521530313.58,23.539,60.681,29.000,-5.461,0.000
1521530313.99,23.539,60.666,29.000,-5.461,0.000
1521530314.40,23.550,60.681,29.000,-5.450,0.000
1521530314.80,23.539,60.673,29.000,-5.461,0.000
1521530315.21,23.528,60.681,29.000,-5.472,0.000
1521530315.62,23.560,60.681,29.000,-5.440,0.000
1521530316.03,23.539,60.673,29.000,-5.461,0.000
1521530316.43,23.539,60.673,29.000,-5.461,0.000
1521530316.84,23.528,60.658,29.000,-5.472,0.000
1521530317.25,23.539,60.658,29.000,-5.461,0.000
1521530317.66,23.539,60.673,29.000,-5.461,0.000
1521530318.07,23.528,60.681,29.000,-5.472,0.000
1521530318.47,23.539,60.666,29.000,-5.461,0.000
1521530318.88,23.550,60.658,29.000,-5.450,0.000
1521530319.29,23.550,60.658,29.000,-5.450,0.000
1521530319.70,23.550,60.666,29.000,-5.450,0.000
1521530320.11,23.528,60.635,29.000,-5.472,0.000
1521530320.51,23.560,60.635,29.000,-5.440,0.000
1521530320.92,23.550,60.650,29.000,-5.450,0.000
1521530321.33,23.550,60.666,29.000,-5.450,0.000
1521530321.74,23.550,60.635,29.000,-5.450,0.000
1521530322.15,23.539,60.635,29.000,-5.461,0.000
1521530322.55,23.550,60.635,29.000,-5.450,0.000
1521530322.96,23.539,60.635,29.000,-5.461,0.000
1521530323.37,23.539,60.650,29.000,-5.461,0.000
1521530323.78,23.550,60.635,29.000,-5.450,0.000
1521530324.19,23.539,60.635,29.000,-5.461,0.000
1521530324.59,23.571,60.612,29.000,-5.429,0.000
1521530325.00,23.550,60.628,29.000,-5.450,0.000
1521530325.41,23.550,60.635,29.000,-5.450,0.000
1521530325.82,23.550,60.643,29.000,-5.450,0.000
1521530326.22,23.560,60.612,29.000,-5.440,0.000
1521530326.63,23.550,60.612,29.000,-5.450,0.000
1521530327.04,23.560,60.612,29.000,-5.440,0.000
1521530327.45,23.560,60.612,29.000,-5.440,0.000
1521530327.86,23.539,60.605,29.000,-5.461,0.000
1521530328.27,23.550,60.597,29.000,-5.450,0.000
1521530328.67,23.550,60.612,29.000,-5.450,0.000
1521530329.08,23.539,60.597,29.000,-5.461,0.000
1521530329.49,23.550,60.597,29.000,-5.450,0.000
1521530329.90,23.539,60.605,29.000,-5.461,0.000
1521530330.30,23.528,60.597,29.000,-5.472,0.000
1521530330.71,23.550,60.597,29.000,-5.450,0.000
1521530331.12,23.550,60.605,29.000,-5.450,0.000
1521530331.53,23.560,60.605,29.000,-5.440,0.000
1521530331.94,23.550,60.612,29.000,-5.450,0.000
1521530332.34,23.539,60.612,29.000,-5.461,0.000
1521530332.75,23.550,60.597,29.000,-5.450,0.000
1521530333.16,23.550,60.597,29.000,-5.450,0.000
1521530333.57,23.550,60.597,29.000,-5.450,0.000
1521530333.98,23.550,60.612,29.000,-5.450,0.000
1521530334.38,23.560,60.620,29.000,-5.440,0.000
1521530334.79,23.560,60.628,29.000,-5.440,0.000
1521530335.20,23.539,60.612,29.000,-5.461,0.000
1521530335.61,23.571,60.612,29.000,-5.429,0.000
1521530336.01,23.571,60.612,29.000,-5.429,0.000
1521530336.42,23.550,60.628,29.000,-5.450,0.000
1521530336.83,23.560,60.628,29.000,-5.440,0.000
1521530337.24,23.550,60.620,29.000,-5.450,0.000
1521530337.65,23.550,60.612,29.000,-5.450,0.000
1521530338.05,23.539,60.612,29.000,-5.461,0.000
1521530338.46,23.550,60.620,29.000,-5.450,0.000
1521530338.87,23.550,60.597,29.000,-5.450,0.000
1521530339.28,23.560,60.597,29.000,-5.440,0.000
1521530339.69,23.550,60.620,29.000,-5.450,0.000
1521530340.09,23.560,60.612,29.000,-5.440,0.000
1521530340.50,23.571,60.628,29.000,-5.429,0.000
1521530340.91,23.550,60.612,29.000,-5.450,0.000
1521530341.32,23.571,60.612,29.000,-5.429,0.000
1521530341.73,23.550,60.612,29.000,-5.450,0.000
1521530342.13,23.550,60.612,29.000,-5.450,0.000
1521530342.54,23.550,60.635,29.000,-5.450,0.000
1521530342.95,23.550,60.612,29.000,-5.450,0.000
1521530343.36,23.560,60.597,29.000,-5.440,0.000
1521530343.77,23.528,60.635,29.000,-5.472,0.000
1521530344.17,23.550,60.605,29.000,-5.450,0.000
1521530344.58,23.560,60.605,29.000,-5.440,0.000
1521530344.99,23.550,60.612,29.000,-5.450,0.000
1521530345.40,23.550,60.612,29.000,-5.450,0.000
1521530345.80,23.550,60.605,29.000,-5.450,0.000
1521530346.21,23.539,60.612,29.000,-5.461,0.000
1521530346.62,23.528,60.612,29.000,-5.472,0.000
1521530347.03,23.560,60.605,29.000,-5.440,0.000
1521530347.44,23.539,60.612,29.000,-5.461,0.000
1521530347.85,23.539,60.597,29.000,-5.461,0.000
1521530348.25,23.550,60.605,29.000,-5.450,0.000
1521530348.66,23.550,60.612,29.000,-5.450,0.000
1521530349.07,23.550,60.597,29.000,-5.450,0.000
1521530349.48,23.560,60.597,29.000,-5.440,0.000
1521530349.88,23.571,60.597,29.000,-5.429,0.000
1521530350.29,23.560,60.605,29.000,-5.440,0.000
1521530350.70,23.550,60.628,29.000,-5.450,0.000
1521530351.11,23.550,60.620,29.000,-5.450,0.000
1521530351.52,23.560,60.628,29.000,-5.440,0.000
1521530351.92,23.560,60.605,29.000,-5.440,0.000
1521530352.33,23.539,60.612,29.000,-5.461,0.000
1521530352.74,23.560,60.605,29.000,-5.440,0.000
1521530353.15,23.550,60.612,29.000,-5.450,0.000
1521530353.56,23.550,60.597,29.000,-5.450,0.000
1521530353.96,23.550,60.628,29.000,-5.450,0.000
1521530354.37,23.560,60.605,29.000,-5.440,0.000
1521530354.78,23.539,60.635,29.000,-5.461,0.000
1521530355.19,23.571,60.605,29.000,-5.429,0.000
1521530355.60,23.571,60.605,29.000,-5.429,0.000
1521530356.00,23.560,60.605,29.000,-5.440,0.000
1521530356.41,23.550,60.628,29.000,-5.450,0.000
1521530356.82,23.539,60.635,29.000,-5.461,0.000
1521530357.23,23.550,60.620,29.000,-5.450,0.000
1521530357.63,23.571,60.620,29.000,-5.429,0.000
1521530358.04,23.550,60.612,29.000,-5.450,0.000
1521530358.45,23.550,60.612,29.000,-5.450,0.000
1521530358.86,23.560,60.605,29.000,-5.440,0.000
1521530359.27,23.560,60.597,29.000,-5.440,0.000
1521530359.67,23.539,60.635,29.000,-5.461,0.000
1521530360.08,23.560,60.620,29.000,-5.440,0.000
1521530360.49,23.550,60.620,29.000,-5.450,0.000
1521530360.90,23.550,60.620,29.000,-5.450,0.000
1521530361.31,23.560,60.612,29.000,-5.440,0.000
1521530361.71,23.560,60.612,29.000,-5.440,0.000
1521530362.12,23.560,60.620,29.000,-5.440,0.000
1521530362.53,23.560,60.620,29.000,-5.440,0.000
1521530362.94,23.560,60.643,29.000,-5.440,0.000
1521530363.35,23.550,60.635,29.000,-5.450,0.000
1521530363.75,23.550,60.628,29.000,-5.450,0.000
1521530364.16,23.539,60.612,29.000,-5.461,0.000
1521530364.57,23.550,60.612,29.000,-5.450,0.000
1521530364.98,23.560,60.612,29.000,-5.440,0.000
1521530365.39,23.560,60.589,29.000,-5.440,0.000
1521530365.79,23.550,60.597,29.000,-5.450,0.000
1521530366.20,23.571,60.597,29.000,-5.429,0.000
1521530366.61,23.550,60.605,29.000,-5.450,0.000
1521530367.02,23.528,60.597,29.000,-5.472,0.000
1521530367.43,23.560,60.589,29.000,-5.440,0.000
1521530367.83,23.560,60.597,29.000,-5.440,0.000
1521530368.24,23.550,60.597,29.000,-5.450,0.000
1521530368.65,23.560,60.597,29.000,-5.440,0.000
1521530369.06,23.550,60.589,29.000,-5.450,0.000
1521530369.47,23.550,60.582,29.000,-5.450,0.000
1521530369.87,23.550,60.597,29.000,-5.450,0.000
1521530370.28,23.560,60.589,29.000,-5.440,0.000
1521530370.69,23.560,60.589,29.000,-5.440,0.000
1521530371.10,23.550,60.566,29.000,-5.450,0.000
1521530371.50,23.539,60.574,29.000,-5.461,0.000
1521530371.91,23.560,60.566,29.000,-5.440,0.000
1521530372.32,23.571,60.574,29.000,-5.429,0.000
1521530372.73,23.550,60.582,29.000,-5.450,0.000
1521530373.14,23.550,60.559,29.000,-5.450,0.000
1521530373.54,23.550,60.566,29.000,-5.450,0.000
1521530373.95,23.571,60.559,29.000,-5.429,0.000
1521530374.36,23.539,60.559,29.000,-5.461,0.000
1521530374.77,23.550,60.582,29.000,-5.450,0.000
1521530375.18,23.550,60.559,29.000,-5.450,0.000
1521530375.58,23.560,60.551,29.000,-5.440,0.000
1521530375.99,23.560,60.559,29.000,-5.440,0.000
1521530376.40,23.550,60.559,29.000,-5.450,0.000
1521530376.81,23.539,60.559,29.000,-5.461,0.000
1521530377.22,23.550,60.574,29.000,-5.450,0.000
1521530377.62,23.550,60.574,29.000,-5.450,0.000
1521530378.03,23.550,60.559,29.000,-5.450,0.000
1521530378.44,23.550,60.559,29.000,-5.450,0.000
1521530378.85,23.550,60.559,29.000,-5.450,0.000
1521530379.25,23.550,60.559,29.000,-5.450,0.000
1521530379.66,23.560,60.559,29.000,-5.440,0.000
1521530380.07,23.539,60.544,29.000,-5.461,0.000
1521530380.48,23.539,60.544,29.000,-5.461,0.000
1521530380.89,23.550,60.544,29.000,-5.450,0.000
1521530381.30,23.550,60.559,29.000,-5.450,0.000
1521530381.70,23.539,60.536,29.000,-5.461,0.000
1521530382.11,23.550,60.544,29.000,-5.450,0.000
1521530382.52,23.550,60.551,29.000,-5.450,0.000
1521530382.93,23.550,60.544,29.000,-5.450,0.000
1521530383.33,23.550,60.544,29.000,-5.450,0.000
1521530383.74,23.550,60.559,29.000,-5.450,0.000
1521530384.15,23.560,60.559,29.000,-5.440,0.000
1521530384.56,23.528,60.544,29.000,-5.472,0.000
1521530384.97,23.550,60.559,29.000,-5.450,0.000
1521530385.37,23.517,60.544,29.000,-5.483,0.000
1521530385.78,23.560,60.551,29.000,-5.440,0.000
1521530386.19,23.560,60.551,29.000,-5.440,0.000
1521530386.60,23.550,60.551,29.000,-5.450,0.000
1521530387.01,23.550,60.544,29.000,-5.450,0.000
1521530387.41,23.528,60.528,29.000,-5.472,0.000
1521530387.82,23.550,60.551,29.000,-5.450,0.000
1521530388.23,23.539,60.544,29.000,-5.461,0.000
1521530388.64,23.550,60.559,29.000,-5.450,0.000
1521530389.05,23.560,60.551,29.000,-5.440,0.000
1521530389.45,23.560,60.544,29.000,-5.440,0.000
1521530389.86,23.571,60.544,29.000,-5.429,0.000
1521530390.27,23.560,60.551,29.000,-5.440,0.000
1521530390.68,23.560,60.536,29.000,-5.440,0.000
1521530391.08,23.560,60.544,29.000,-5.440,0.000
1521530391.49,23.560,60.544,29.000,-5.440,0.000
1521530391.90,23.550,60.544,29.000,-5.450,0.000
1521530392.31,23.539,60.521,29.000,-5.461,0.000
1521530392.72,23.550,60.544,29.000,-5.450,0.000
1521530393.12,23.550,60.544,29.000,-5.450,0.000
1521530393.53,23.539,60.544,29.000,-5.461,0.000
1521530393.94,23.550,60.536,29.000,-5.450,0.000
1521530394.35,23.539,60.559,29.000,-5.461,0.000
1521530394.76,23.550,60.551,29.000,-5.450,0.000
1521530395.16,23.560,60.559,29.000,-5.440,0.000
1521530395.57,23.550,60.544,29.000,-5.450,0.000
1521530395.98,23.517,60.544,29.000,-5.483,0.000
1521530396.39,23.528,60.551,29.000,-5.472,0.000
1521530396.80,23.550,60.551,29.000,-5.450,0.000
1521530397.20,23.539,60.551,29.000,-5.461,0.000
1521530397.61,23.539,60.551,29.000,-5.461,0.000
1521530398.02,23.528,60.559,29.000,-5.472,0.000
1521530398.43,23.550,60.536,29.000,-5.450,0.000
1521530398.83,23.539,60.551,29.000,-5.461,0.000
1521530399.24,23.550,60.544,29.000,-5.450,0.000
1521530399.65,23.539,60.544,29.000,-5.461,0.000
1521530400.06,23.528,60.544,29.000,-5.472,0.000
1521530400.47,23.539,60.559,29.000,-5.461,0.000
1521530400.88,23.539,60.544,29.000,-5.461,0.000
1521530401.28,23.539,60.559,29.000,-5.461,0.000
1521530401.69,23.550,60.544,29.000,-5.450,0.000
1521530402.10,23.528,60.536,29.000,-5.472,0.000
1521530402.51,23.539,60.544,29.000,-5.461,0.000
1521530402.91,23.560,60.544,29.000,-5.440,0.000
1521530403.32,23.550,60.551,29.000,-5.450,0.000
1521530403.73,23.550,60.544,29.000,-5.450,0.000
1521530404.14,23.550,60.528,29.000,-5.450,0.000
1521530404.55,23.550,60.521,29.000,-5.450,0.000
1521530404.95,23.550,60.536,29.000,-5.450,0.000
1521530405.36,23.550,60.521,29.000,-5.450,0.000
1521530405.77,23.550,60.521,29.000,-5.450,0.000
1521530406.18,23.550,60.544,29.000,-5.450,0.000
1521530406.59,23.560,60.505,29.000,-5.440,0.000
1521530406.99,23.571,60.513,29.000,-5.429,0.000
1521530407.40,23.528,60.521,29.000,-5.472,0.000
1521530407.81,23.550,60.505,29.000,-5.450,0.000
1521530408.22,23.550,60.513,29.000,-5.450,0.000
1521530408.63,23.550,60.490,29.000,-5.450,0.000
1521530409.03,23.560,60.536,29.000,-5.440,0.000
1521530409.44,23.539,60.505,29.000,-5.461,0.000
1521530409.85,23.539,60.490,29.000,-5.461,0.000
1521530410.26,23.560,60.498,29.000,-5.440,0.000
1521530410.66,23.550,60.505,29.000,-5.450,0.000
1521530411.07,23.539,60.505,29.000,-5.461,0.000
1521530411.48,23.550,60.505,29.000,-5.450,0.000
1521530411.89,23.550,60.483,29.000,-5.450,0.000
1521530412.30,23.539,60.505,29.000,-5.461,0.000
1521530412.70,23.528,60.490,29.000,-5.472,0.000
1521530413.11,23.550,60.483,29.000,-5.450,0.000
1521530413.52,23.539,60.483,29.000,-5.461,0.000
1521530413.93,23.539,60.490,29.000,-5.461,0.000
1521530414.34,23.550,60.505,29.000,-5.450,0.000
1521530414.74,23.550,60.498,29.000,-5.450,0.000
1521530415.15,23.550,60.483,29.000,-5.450,0.000
1521530415.56,23.550,60.498,29.000,-5.450,0.000
1521530415.97,23.560,60.498,29.000,-5.440,0.000
1521530416.38,23.539,60.483,29.000,-5.461,0.000
1521530416.78,23.539,60.490,29.000,-5.461,0.000
1521530417.19,23.550,60.483,29.000,-5.450,0.000
1521530417.60,23.560,60.483,29.000,-5.440,0.000
1521530418.01,23.539,60.483,29.000,-5.461,0.000
1521530418.41,23.560,60.475,29.000,-5.440,0.000
1521530418.82,23.539,60.475,29.000,-5.461,0.000
1521530419.23,23.539,60.483,29.000,-5.461,0.000
1521530419.64,23.550,60.467,29.000,-5.450,0.000
1521530420.05,23.539,60.467,29.000,-5.461,0.000
1521530420.46,23.550,60.460,29.000,-5.450,0.000
1521530420.86,23.550,60.467,29.000,-5.450,0.000
1521530421.27,23.550,60.452,29.000,-5.450,0.000
1521530421.68,23.539,60.467,29.000,-5.461,0.000
1521530422.09,23.550,60.467,29.000,-5.450,0.000
1521530422.49,23.560,60.460,29.000,-5.440,0.000
1521530422.90,23.550,60.460,29.000,-5.450,0.000
1521530423.31,23.560,60.467,29.000,-5.440,0.000
1521530423.72,23.560,60.452,29.000,-5.440,0.000
1521530424.13,23.550,60.483,29.000,-5.450,0.000
1521530424.53,23.550,60.467,29.000,-5.450,0.000
1521530424.94,23.550,60.467,29.000,-5.450,0.000
1521530425.35,23.539,60.444,29.000,-5.461,0.000
1521530425.76,23.550,60.467,29.000,-5.450,0.000
1521530426.17,23.560,60.467,29.000,-5.440,0.000
1521530426.57,23.539,60.460,29.000,-5.461,0.000
1521530426.98,23.550,60.483,29.000,-5.450,0.000
1521530427.39,23.539,60.475,29.000,-5.461,0.000
1521530427.80,23.550,60.467,29.000,-5.450,0.000
1521530428.21,23.539,60.483,29.000,-5.461,0.000
1521530428.61,23.550,60.467,29.000,-5.450,0.000
1521530429.02,23.560,60.490,29.000,-5.440,0.000
1521530429.43,23.550,60.467,29.000,-5.450,0.000
1521530429.84,23.550,60.475,29.000,-5.450,0.000
1521530430.25,23.560,60.452,29.000,-5.440,0.000
1521530430.65,23.550,60.475,29.000,-5.450,0.000
1521530431.06,23.528,60.483,29.000,-5.472,0.000
1521530431.47,23.550,60.483,29.000,-5.450,0.000
1521530431.88,23.539,60.483,29.000,-5.461,0.000
1521530432.28,23.550,60.467,29.000,-5.450,0.000
1521530432.69,23.550,60.467,29.000,-5.450,0.000
1521530433.10,23.550,60.483,29.000,-5.450,0.000
1521530433.51,23.550,60.467,29.000,-5.450,0.000
1521530433.92,23.560,60.467,29.000,-5.440,0.000
1521530434.32,23.539,60.467,29.000,-5.461,0.000
1521530434.73,23.539,60.467,29.000,-5.461,0.000
1521530435.14,23.550,60.475,29.000,-5.450,0.000
1521530435.55,23.528,60.483,29.000,-5.472,0.000
1521530435.96,23.560,60.475,29.000,-5.440,0.000
1521530436.36,23.560,60.467,29.000,-5.440,0.000
1521530436.77,23.539,60.475,29.000,-5.461,0.000
1521530437.18,23.560,60.467,29.000,-5.440,0.000
1521530437.59,23.560,60.467,29.000,-5.440,0.000
1521530438.00,23.539,60.444,29.000,-5.461,0.000
1521530438.40,23.560,60.444,29.000,-5.440,0.000
1521530438.81,23.539,60.452,29.000,-5.461,0.000
1521530439.22,23.571,60.452,29.000,-5.429,0.000
1521530439.63,23.560,60.467,29.000,-5.440,0.000
1521530440.04,23.560,60.444,29.000,-5.440,0.000
1521530440.44,23.550,60.460,29.000,-5.450,0.000
1521530440.85,23.539,60.452,29.000,-5.461,0.000
1521530441.26,23.550,60.444,29.000,-5.450,0.000
1521530441.67,23.560,60.467,29.000,-5.440,0.000
1521530442.08,23.550,60.467,29.000,-5.450,0.000
1521530442.48,23.560,60.460,29.000,-5.440,0.000
1521530442.89,23.560,60.467,29.000,-5.440,0.000
1521530443.30,23.571,60.467,29.000,-5.429,0.000
1521530443.71,23.560,60.467,29.000,-5.440,0.000
1521530444.11,23.550,60.467,29.000,-5.450,0.000
1521530444.52,23.539,60.467,29.000,-5.461,0.000
1521530444.93,23.550,60.467,29.000,-5.450,0.000
1521530445.34,23.539,60.467,29.000,-5.461,0.000
1521530445.75,23.550,60.467,29.000,-5.450,0.000
1521530446.15,23.539,60.460,29.000,-5.461,0.000
1521530446.56,23.550,60.467,29.000,-5.450,0.000
1521530446.97,23.539,60.475,29.000,-5.461,0.000
1521530447.38,23.560,60.475,29.000,-5.440,0.000
1521530447.79,23.571,60.467,29.000,-5.429,0.000
1521530448.20,23.539,60.475,29.000,-5.461,0.000
1521530448.60,23.550,60.483,29.000,-5.450,0.000
1521530449.01,23.550,60.467,29.000,-5.450,0.000
1521530449.42,23.560,60.452,29.000,-5.440,0.000
1521530449.83,23.560,60.467,29.000,-5.440,0.000
1521530450.23,23.550,60.483,29.000,-5.450,0.000
1521530450.64,23.550,60.483,29.000,-5.450,0.000
1521530451.05,23.560,60.444,29.000,-5.440,0.000
1521530451.46,23.571,60.483,29.000,-5.429,0.000
1521530451.87,23.560,60.467,29.000,-5.440,0.000
1521530452.27,23.550,60.490,29.000,-5.450,0.000
1521530452.68,23.550,60.483,29.000,-5.450,0.000
1521530453.09,23.560,60.498,29.000,-5.440,0.000
1521530453.50,23.560,60.483,29.000,-5.440,0.000
1521530453.91,23.550,60.483,29.000,-5.450,0.000
1521530454.31,23.550,60.483,29.000,-5.450,0.000
1521530454.72,23.550,60.483,29.000,-5.450,0.000
1521530455.13,23.560,60.475,29.000,-5.440,0.000
1521530455.54,23.560,60.483,29.000,-5.440,0.000
1521530455.95,23.550,60.498,29.000,-5.450,0.000
1521530456.35,23.550,60.490,29.000,-5.450,0.000
1521530456.76,23.560,60.505,29.000,-5.440,0.000
1521530457.17,23.550,60.505,29.000,-5.450,0.000
1521530457.58,23.550,60.505,29.000,-5.450,0.000
1521530457.99,23.539,60.467,29.000,-5.461,0.000
1521530458.39,23.560,60.505,29.000,-5.440,0.000
1521530458.80,23.560,60.498,29.000,-5.440,0.000
1521530459.21,23.539,60.490,29.000,-5.461,0.000
1521530459.62,23.550,60.513,29.000,-5.450,0.000
1521530460.03,23.539,60.505,29.000,-5.461,0.000
1521530460.43,23.571,60.505,29.000,-5.429,0.000
1521530460.84,23.539,60.498,29.000,-5.461,0.000
1521530461.25,23.550,60.513,29.000,-5.450,0.000
1521530461.66,23.560,60.490,29.000,-5.440,0.000
1521530462.06,23.550,60.483,29.000,-5.450,0.000
1521530462.47,23.528,60.498,29.000,-5.472,0.000
1521530462.88,23.550,60.483,29.000,-5.450,0.000
1521530463.29,23.550,60.513,29.000,-5.450,0.000
1521530463.70,23.560,60.505,29.000,-5.440,0.000
1521530464.10,23.539,60.498,29.000,-5.461,0.000
1521530464.51,23.528,60.483,29.000,-5.472,0.000
1521530464.92,23.550,60.483,29.000,-5.450,0.000
1521530465.33,23.550,60.483,29.000,-5.450,0.000
1521530465.74,23.560,60.475,29.000,-5.440,0.000
1521530466.14,23.550,60.498,29.000,-5.450,0.000
1521530466.55,23.550,60.483,29.000,-5.450,0.000
1521530466.96,23.550,60.467,29.000,-5.450,0.000
1521530467.37,23.539,60.467,29.000,-5.461,0.000
1521530467.78,23.539,60.467,29.000,-5.461,0.000
1521530468.18,23.560,60.467,29.000,-5.440,0.000
1521530468.59,23.550,60.444,29.000,-5.450,0.000
1521530469.00,23.550,60.467,29.000,-5.450,0.000
1521530469.41,23.539,60.460,29.000,-5.461,0.000
1521530469.81,23.539,60.467,29.000,-5.461,0.000
1521530470.22,23.539,60.460,29.000,-5.461,0.000
1521530470.63,23.539,60.460,29.000,-5.461,0.000
1521530471.04,23.550,60.475,29.000,-5.450,0.000
1521530471.45,23.539,60.467,29.000,-5.461,0.000
1521530471.85,23.550,60.467,29.000,-5.450,0.000
1521530472.26,23.528,60.460,29.000,-5.472,0.000
1521530472.67,23.550,60.444,29.000,-5.450,0.000
1521530473.08,23.550,60.444,29.000,-5.450,0.000
1521530473.49,23.560,60.467,29.000,-5.440,0.000
1521530473.89,23.550,60.467,29.000,-5.450,0.000
1521530474.31,23.560,60.460,29.000,-5.440,0.000
1521530474.71,23.539,60.467,29.000,-5.461,0.000
1521530475.12,23.560,60.467,29.000,-5.440,0.000
1521530475.53,23.550,60.475,29.000,-5.450,0.000
1521530475.93,23.539,60.475,29.000,-5.461,0.000
1521530476.34,23.539,60.467,29.000,-5.461,0.000
1521530476.75,23.560,60.475,29.000,-5.440,0.000
1521530477.16,23.550,60.483,29.000,-5.450,0.000
1521530477.57,23.550,60.467,29.000,-5.450,0.000
1521530477.97,23.550,60.483,29.000,-5.450,0.000
1521530478.38,23.539,60.483,29.000,-5.461,0.000
1521530478.79,23.528,60.467,29.000,-5.472,0.000
1521530479.20,23.550,60.483,29.000,-5.450,0.000
1521530479.60,23.550,60.505,29.000,-5.450,0.000
1521530480.02,23.550,60.483,29.000,-5.450,0.000
1521530480.42,23.550,60.483,29.000,-5.450,0.000
1521530480.83,23.571,60.483,29.000,-5.429,0.000
1521530481.24,23.539,60.505,29.000,-5.461,0.000
1521530481.64,23.539,60.505,29.000,-5.461,0.000
1521530482.06,23.550,60.490,29.000,-5.450,0.000
1521530482.46,23.550,60.483,29.000,-5.450,0.000
1521530482.87,23.539,60.498,29.000,-5.461,0.000
1521530483.28,23.550,60.505,29.000,-5.450,0.000
1521530483.68,23.528,60.490,29.000,-5.472,0.000
1521530484.09,23.550,60.498,29.000,-5.450,0.000
1521530484.50,23.539,60.490,29.000,-5.461,0.000
1521530484.91,23.550,60.483,29.000,-5.450,0.000
1521530485.32,23.539,60.490,29.000,-5.461,0.000
1521530485.73,23.550,60.498,29.000,-5.450,0.000
1521530486.13,23.517,60.505,29.000,-5.483,0.000
1521530486.54,23.539,60.490,29.000,-5.461,0.000
1521530486.95,23.550,60.483,29.000,-5.450,0.000
1521530487.36,23.539,60.490,29.000,-5.461,0.000
1521530487.77,23.539,60.467,29.000,-5.461,0.000
1521530488.17,23.528,60.498,29.000,-5.472,0.000
1521530488.58,23.550,60.483,29.000,-5.450,0.000
1521530488.99,23.528,60.475,29.000,-5.472,0.000
1521530489.40,23.550,60.467,29.000,-5.450,0.000
1521530489.81,23.539,60.483,29.000,-5.461,0.000
1521530490.21,23.560,60.467,29.000,-5.440,0.000
1521530490.62,23.560,60.475,29.000,-5.440,0.000
1521530491.03,23.550,60.467,29.000,-5.450,0.000
1521530491.44,23.550,60.475,29.000,-5.450,0.000
1521530491.85,23.550,60.467,29.000,-5.450,0.000
1521530492.25,23.560,60.467,29.000,-5.440,0.000
1521530492.66,23.550,60.490,29.000,-5.450,0.000
1521530493.07,23.539,60.483,29.000,-5.461,0.000
1521530493.48,23.560,60.513,29.000,-5.440,0.000
1521530493.89,23.539,60.483,29.000,-5.461,0.000
1521530494.29,23.539,60.505,29.000,-5.461,0.000
1521530494.70,23.550,60.483,29.000,-5.450,0.000
1521530495.11,23.539,60.498,29.000,-5.461,0.000
1521530495.52,23.571,60.483,29.000,-5.429,0.000
1521530495.92,23.539,60.483,29.000,-5.461,0.000
1521530496.33,23.550,60.490,29.000,-5.450,0.000
1521530496.74,23.528,60.475,29.000,-5.472,0.000
1521530497.15,23.539,60.490,29.000,-5.461,0.000
1521530497.56,23.550,60.490,29.000,-5.450,0.000
1521530497.97,23.550,60.483,29.000,-5.450,0.000
1521530498.37,23.539,60.475,29.000,-5.461,0.000
1521530498.78,23.539,60.467,29.000,-5.461,0.000
1521530499.19,23.571,60.475,29.000,-5.429,0.000
1521530499.60,23.550,60.490,29.000,-5.450,0.000
1521530500.00,23.560,60.483,29.000,-5.440,0.000
1521530500.41,23.539,60.452,29.000,-5.461,0.000
1521530500.82,23.550,60.490,29.000,-5.450,0.000
1521530501.23,23.550,60.467,29.000,-5.450,0.000
1521530501.64,23.550,60.490,29.000,-5.450,0.000
1521530502.04,23.539,60.483,29.000,-5.461,0.000
1521530502.45,23.560,60.483,29.000,-5.440,0.000
1521530502.86,23.528,60.475,29.000,-5.472,0.000
1521530503.27,23.539,60.467,29.000,-5.461,0.000
1521530503.68,23.550,60.452,29.000,-5.450,0.000
1521530504.08,23.571,60.452,29.000,-5.429,0.000
1521530504.49,23.517,60.475,29.000,-5.483,0.000
1521530504.90,23.550,60.460,29.000,-5.450,0.000
1521530505.31,23.550,60.467,29.000,-5.450,0.000
1521530505.71,23.528,60.452,29.000,-5.472,0.000
1521530506.12,23.550,60.460,29.000,-5.450,0.000
1521530506.53,23.550,60.452,29.000,-5.450,0.000
1521530506.94,23.550,60.444,29.000,-5.450,0.000
1521530507.35,23.550,60.460,29.000,-5.450,0.000
1521530507.75,23.550,60.467,29.000,-5.450,0.000
1521530508.16,23.550,60.467,29.000,-5.450,0.000
1521530508.57,23.550,60.467,29.000,-5.450,0.000
1521530508.98,23.550,60.467,29.000,-5.450,0.000
1521530509.39,23.571,60.467,29.000,-5.429,0.000
1521530509.79,23.550,60.444,29.000,-5.450,0.000
1521530510.20,23.517,60.460,29.000,-5.483,0.000
1521530510.61,23.550,60.444,29.000,-5.450,0.000
1521530511.02,23.550,60.452,29.000,-5.450,0.000
1521530511.43,23.539,60.444,29.000,-5.461,0.000
1521530511.83,23.560,60.429,29.000,-5.440,0.000
1521530512.24,23.539,60.429,29.000,-5.461,0.000
1521530512.65,23.539,60.437,29.000,-5.461,0.000
1521530513.06,23.550,60.429,29.000,-5.450,0.000
1521530513.47,23.550,60.452,29.000,-5.450,0.000
1521530513.87,23.571,60.429,29.000,-5.429,0.000
1521530514.28,23.550,60.444,29.000,-5.450,0.000
1521530514.69,23.539,60.422,29.000,-5.461,0.000
1521530515.10,23.550,60.444,29.000,-5.450,0.000
1521530515.50,23.528,60.444,29.000,-5.472,0.000
1521530515.91,23.550,60.429,29.000,-5.450,0.000
1521530516.32,23.539,60.429,29.000,-5.461,0.000
1521530516.73,23.550,60.437,29.000,-5.450,0.000
1521530517.14,23.550,60.444,29.000,-5.450,0.000
1521530517.55,23.539,60.444,29.000,-5.461,0.000
1521530517.95,23.539,60.437,29.000,-5.461,0.000
1521530518.36,23.528,60.437,29.000,-5.472,0.000
1521530518.77,23.550,60.460,29.000,-5.450,0.000
1521530519.18,23.550,60.444,29.000,-5.450,0.000
1521530519.58,23.539,60.452,29.000,-5.461,0.000
1521530519.99,23.560,60.452,29.000,-5.440,0.000
1521530520.40,23.550,60.460,29.000,-5.450,0.000
1521530520.81,23.539,60.467,29.000,-5.461,0.000
1521530521.22,23.571,60.460,29.000,-5.429,0.000
1521530521.62,23.560,60.467,29.000,-5.440,0.000
1521530522.03,23.539,60.467,29.000,-5.461,0.000
1521530522.44,23.550,60.483,29.000,-5.450,0.000
1521530522.85,23.528,60.460,29.000,-5.472,0.000
1521530523.26,23.539,60.444,29.000,-5.461,0.000
1521530523.66,23.550,60.452,29.000,-5.450,0.000
1521530524.07,23.550,60.452,29.000,-5.450,0.000
1521530524.48,23.560,60.467,29.000,-5.440,0.000
1521530524.89,23.550,60.452,29.000,-5.450,0.000
1521530525.30,23.539,60.452,29.000,-5.461,0.000
1521530525.70,23.528,60.444,29.000,-5.472,0.000
1521530526.11,23.550,60.452,29.000,-5.450,0.000
1521530526.52,23.550,60.444,29.000,-5.450,0.000
1521530526.93,23.550,60.444,29.000,-5.450,0.000
1521530527.34,23.539,60.467,29.000,-5.461,0.000
1521530527.74,23.528,60.444,29.000,-5.472,0.000
1521530528.15,23.528,60.444,29.000,-5.472,0.000
1521530528.56,23.550,60.444,29.000,-5.450,0.000
1521530528.97,23.528,60.429,29.000,-5.472,0.000
1521530529.37,23.528,60.437,29.000,-5.472,0.000
1521530529.78,23.539,60.422,29.000,-5.461,0.000
1521530530.19,23.550,60.429,29.000,-5.450,0.000
1521530530.60,23.550,60.444,29.000,-5.450,0.000
1521530531.01,23.528,60.444,29.000,-5.472,0.000
1521530531.42,23.539,60.444,29.000,-5.461,0.000
1521530531.82,23.539,60.406,29.000,-5.461,0.000
1521530532.23,23.528,60.437,29.000,-5.472,0.000
1521530532.64,23.560,60.414,29.000,-5.440,0.000
1521530533.05,23.550,60.414,29.000,-5.450,0.000
1521530533.45,23.560,60.422,29.000,-5.440,0.000
1521530533.86,23.528,60.406,29.000,-5.472,0.000
1521530534.27,23.550,60.422,29.000,-5.450,0.000
1521530534.68,23.539,60.406,29.000,-5.461,0.000
1521530535.09,23.550,60.414,29.000,-5.450,0.000
1521530535.49,23.539,60.429,29.000,-5.461,0.000
1521530535.90,23.550,60.429,29.000,-5.450,0.000
1521530536.31,23.550,60.399,29.000,-5.450,0.000
1521530536.72,23.550,60.429,29.000,-5.450,0.000
1521530537.13,23.550,60.437,29.000,-5.450,0.000
