timestamp,ltz1000-4
1515900455.544,7189539.7
1515900458.897,7189540.5
1515900462.248,7189539.7
1515900465.601,7189539.6
1515900468.952,7189540.0
1515900472.305,7189539.1
1515900475.657,7189540.5
1515900479.008,7189540.2
1515900482.361,7189541.5
1515900485.713,7189540.0
1515900489.065,7189540.4
1515900492.417,7189538.9
1515900495.770,7189540.0
1515900499.121,7189538.3
1515900502.473,7189539.2
1515900505.826,7189540.1
1515900509.177,7189540.0
1515900512.530,7189541.0
1515900515.881,7189539.7
1515900519.234,7189540.9
1515900522.586,7189542.1
1515900525.938,7189540.2
1515900529.290,7189540.8
1515900532.643,7189539.7
1515900535.994,7189539.0
1515900539.347,7189539.6
1515900542.699,7189539.2
1515900546.050,7189540.4
1515900549.403,7189540.0
1515900552.755,7189541.1
1515900556.107,7189539.4
1515900559.459,7189539.9
1515900562.811,7189539.4
1515900566.163,7189540.2
1515900569.515,7189541.3
1515900572.868,7189541.9
1515900576.219,7189539.2
1515900579.572,7189540.0
1515900582.924,7189540.2
1515900586.275,7189541.1
1515900589.628,7189540.0
1515900592.980,7189538.9
1515900596.332,7189527.1
1515900599.685,7189524.4
1515900603.036,7189524.5
1515900606.388,7189519.2
1515900609.740,7189522.9
1515900613.092,7189523.1
1515900616.445,7189524.1
1515900619.797,7189522.7
1515900623.149,7189524.3
1515900626.501,7189523.5
1515900629.853,7189521.5
1515900633.205,7189521.0
1515900636.557,7189520.8
1515900639.910,7189521.1
1515900643.261,7189521.7
1515900646.613,7189521.1
1515900649.966,7189519.8
1515900653.317,7189520.3
1515900656.670,7189520.8
1515900660.022,7189519.5
1515900663.374,7189518.6
1515900666.726,7189520.5
1515900670.078,7189520.3
1515900673.431,7189520.5
1515900676.782,7189520.7
1515900680.135,7189520.7
1515900683.486,7189521.2
1515900686.839,7189520.5
1515900690.191,7189521.5
1515900693.543,7189522.2
1515900696.895,7189520.8
1515900700.247,7189520.5
1515900703.599,7189521.7
1515900706.951,7189521.5
1515900710.303,7189522.5
1515900713.655,7189522.4
1515900717.008,7189521.0
1515900720.359,7189521.7
1515900723.712,7189521.2
1515900727.063,7189522.4
1515900730.416,7189521.0
1515900733.768,7189520.3
1515900737.120,7189520.0
1515900740.472,7189520.2
1515900743.824,7189520.2
1515900747.177,7189520.7
1515900750.528,7189520.0
1515900753.881,7189519.5
1515900757.233,7189519.5
1515900760.585,7189519.8
1515900763.937,7189518.4
1515900767.289,7189519.5
1515900770.641,7189519.6
1515900773.993,7189519.8
1515900777.345,7189519.7
1515900780.697,7189521.5
1515900784.050,7189521.2
1515900787.401,7189521.9
1515900790.754,7189522.1
1515900794.105,7189523.0
1515900797.458,7189521.4
1515900800.810,7189521.7
1515900804.162,7189520.6
1515900807.514,7189522.7
1515900810.866,7189521.4
1515900814.218,7189522.1
1515900817.571,7189521.1
1515900820.922,7189522.6
1515900824.275,7189521.7
1515900827.626,7189520.5
1515900830.979,7189521.7
1515900834.331,7189522.6
1515900837.683,7189522.0
1515900841.035,7189521.5
1515900844.387,7189520.3
1515900847.739,7189521.4
1515900851.092,7189522.7
1515900854.443,7189522.5
1515900857.796,7189523.6
1515900861.148,7189522.4
1515900864.500,7189522.0
1515900867.852,7189522.1
1515900871.204,7189522.0
1515900874.556,7189522.2
1515900877.908,7189522.4
1515900881.260,7189522.7
1515900884.612,7189523.1
1515900887.965,7189522.2
1515900891.316,7189523.0
1515900894.669,7189522.2
1515900898.020,7189521.6
1515900901.373,7189522.5
1515900904.724,7189522.2
1515900908.077,7189521.9
1515900911.428,7189523.3
1515900914.781,7189523.5
1515900918.133,7189521.9
1515900921.485,7189523.0
1515900924.837,7189523.5
1515900928.189,7189522.7
1515900931.541,7189522.1
1515900934.894,7189522.7
1515900938.245,7189522.0
1515900941.598,7189521.2
1515900944.949,7189521.6
1515900948.302,7189521.7
1515900951.654,7189521.7
1515900955.006,7189521.0
1515900958.358,7189521.6
1515900961.711,7189521.6
1515900965.062,7189520.1
1515900968.415,7189521.2
1515900971.766,7189521.7
1515900975.119,7189520.8
1515900978.470,7189520.3
1515900981.823,7189519.7
1515900985.175,7189519.5
1515900988.527,7189521.4
1515900991.879,7189519.7
1515900995.232,7189520.6
1515900998.583,7189521.5
1515901001.936,7189521.5
1515901005.287,7189520.3
1515901008.639,7189521.9
1515901011.992,7189521.5
1515901015.343,7189522.9
1515901018.696,7189520.8
1515901022.048,7189521.1
1515901025.400,7189522.0
1515901028.752,7189521.5
1515901032.104,7189522.2
1515901035.456,7189521.1
1515901038.808,7189524.0
1515901042.160,7189522.7
1515901045.513,7189522.7
1515901048.864,7189522.2
1515901052.217,7189521.0
1515901055.569,7189524.0
1515901058.921,7189523.5
1515901062.273,7189520.8
1515901065.625,7189522.6
1515901068.977,7189521.9
1515901072.329,7189523.9
1515901075.682,7189523.6
1515901079.033,7189522.6
1515901082.386,7189524.0
1515901085.738,7189523.9
1515901089.090,7189522.2
1515901092.442,7189523.6
1515901095.794,7189522.2
1515901099.147,7189522.1
1515901102.498,7189524.4
1515901105.851,7189524.3
1515901109.202,7189524.0
1515901112.554,7189524.0
1515901115.907,7189524.0
1515901119.258,7189524.8
1515901122.611,7189525.0
1515901125.962,7189523.0
1515901129.315,7189524.9
1515901132.667,7189523.3
1515901136.019,7189521.7
1515901139.371,7189522.2
1515901142.723,7189522.7
1515901146.076,7189522.4
1515901149.427,7189521.6
1515901152.780,7189523.5
1515901156.132,7189524.1
1515901159.484,7189523.6
1515901162.836,7189525.8
1515901166.188,7189524.4
1515901169.540,7189524.3
1515901172.892,7189524.3
1515901176.244,7189522.2
1515901179.597,7189521.7
1515901182.948,7189523.1
1515901186.301,7189522.9
1515901189.652,7189523.6
1515901193.005,7189523.4
1515901196.357,7189523.6
1515901199.708,7189524.0
1515901203.061,7189523.3
1515901206.413,7189523.5
1515901209.765,7189523.9
1515901213.117,7189524.3
1515901216.470,7189525.2
1515901219.821,7189524.0
1515901223.174,7189524.8
1515901226.525,7189523.8
1515901229.878,7189524.8
1515901233.230,7189524.0
1515901236.582,7189523.5
1515901239.934,7189524.5
1515901243.286,7189525.0
1515901246.638,7189525.0
1515901249.990,7189525.5
1515901253.343,7189523.6
1515901256.694,7189524.0
1515901260.047,7189525.7
1515901263.399,7189524.8
1515901266.751,7189525.0
1515901270.103,7189524.8
1515901273.455,7189525.2
1515901276.807,7189524.1
1515901280.160,7189524.3
1515901283.511,7189522.9
1515901286.864,7189523.1
1515901290.215,7189524.5
1515901293.568,7189523.5
1515901296.920,7189522.5
1515901300.271,7189522.7
1515901303.624,7189523.5
1515901306.976,7189523.4
1515901310.328,7189523.6
1515901313.680,7189521.5
1515901317.032,7189523.0
1515901320.384,7189524.1
1515901323.737,7189523.9
1515901327.088,7189523.3
1515901330.441,7189524.7
1515901333.792,7189523.9
1515901337.145,7189523.0
1515901340.496,7189524.5
1515901343.849,7189523.0
1515901347.201,7189522.6
1515901350.553,7189522.0
1515901353.905,7189522.2
1515901357.258,7189522.5
1515901360.609,7189524.5
1515901363.962,7189523.8
1515901367.314,7189522.7
1515901370.665,7189524.7
1515901374.018,7189524.7
1515901377.370,7189524.0
1515901380.722,7189523.9
1515901384.074,7189522.2
1515901387.427,7189522.9
1515901390.778,7189523.1
1515901394.131,7189522.2
1515901397.482,7189522.2
1515901400.835,7189523.4
1515901404.187,7189521.5
1515901407.539,7189523.1
1515901410.891,7189523.3
1515901414.242,7189522.7
1515901417.595,7189523.8
1515901420.948,7189522.9
1515901424.299,7189523.3
1515901427.652,7189523.0
1515901431.003,7189523.6
1515901434.355,7189521.6
1515901437.708,7189522.9
1515901441.059,7189522.1
1515901444.412,7189523.0
1515901447.764,7189522.5
1515901451.116,7189523.9
1515901454.468,7189523.4
1515901457.820,7189524.5
1515901461.172,7189524.8
1515901464.525,7189524.0
1515901467.876,7189523.8
1515901471.229,7189523.0
1515901474.580,7189523.1
1515901477.933,7189524.5
1515901481.285,7189523.0
1515901484.637,7189522.2
1515901487.989,7189523.3
1515901491.341,7189523.8
1515901494.694,7189522.0
1515901498.045,7189523.9
1515901501.398,7189522.4
1515901504.749,7189521.7
1515901508.102,7189522.6
1515901511.453,7189521.9
1515901514.806,7189522.1
1515901518.158,7189522.9
1515901521.510,7189523.0
1515901524.862,7189522.6
1515901528.214,7189521.9
1515901531.566,7189523.9
1515901534.919,7189522.2
1515901538.270,7189521.6
1515901541.623,7189522.6
1515901544.974,7189522.0
1515901548.327,7189524.0
1515901551.679,7189523.0
1515901555.030,7189524.3
1515901558.383,7189523.1
1515901561.735,7189524.4
1515901565.087,7189522.4
1515901568.439,7189524.3
1515901571.791,7189523.3
1515901575.144,7189524.9
1515901578.495,7189522.6
1515901581.848,7189524.3
1515901585.200,7189524.4
1515901588.552,7189524.1
1515901591.904,7189521.9
1515901595.256,7189525.0
1515901598.608,7189524.5
1515901601.961,7189523.4
1515901605.312,7189523.1
1515901608.664,7189522.7
1515901612.017,7189523.5
1515901615.368,7189521.9
1515901618.721,7189523.3
1515901622.073,7189523.4
1515901625.425,7189523.5
1515901628.777,7189524.1
1515901632.129,7189524.3
1515901635.481,7189523.5
1515901638.833,7189524.3
1515901642.186,7189524.0
1515901645.537,7189522.7
1515901648.890,7189524.1
1515901652.242,7189524.8
1515901655.594,7189522.7
1515901658.946,7189523.1
1515901662.297,7189523.9
1515901665.650,7189522.6
1515901669.002,7189522.9
1515901672.661,7189522.6
1515901675.706,7189523.6
1515901679.058,7189520.0
1515901682.410,7189521.5
1515901685.763,7189520.0
1515901689.114,7189524.5
1515901692.467,7189524.4
1515901695.818,7189523.8
1515901699.171,7189524.3
1515901702.523,7189526.0
1515901705.875,7189524.4
1515901709.227,7189525.4
1515901712.579,7189524.7
1515901715.931,7189526.0
1515901719.284,7189526.3
1515901722.635,7189527.1
1515901725.988,7189524.3
1515901729.340,7189526.2
1515901732.692,7189524.5
1515901736.044,7189524.4
1515901739.396,7189524.8
1515901742.749,7189524.7
1515901746.100,7189524.4
1515901749.452,7189526.6
1515901752.805,7189526.0
1515901756.156,7189524.9
1515901759.509,7189526.0
1515901762.861,7189525.3
1515901766.213,7189523.6
1515901769.565,7189526.8
1515901772.917,7189526.0
1515901776.269,7189525.0
1515901779.621,7189525.4
1515901782.973,7189525.4
1515901786.325,7189523.9
1515901789.678,7189524.9
1515901793.029,7189526.0
1515901796.382,7189524.5
1515901799.734,7189525.5
1515901803.086,7189525.5
1515901806.438,7189524.9
1515901809.791,7189524.7
1515901813.142,7189525.9
1515901816.495,7189525.8
1515901819.846,7189524.8
1515901823.199,7189526.0
1515901826.551,7189523.6
1515901829.902,7189526.3
1515901833.255,7189525.9
1515901836.607,7189526.6
1515901839.959,7189524.8
1515901843.311,7189524.9
1515901846.663,7189526.3
1515901850.016,7189525.5
1515901853.367,7189524.5
1515901856.720,7189524.8
1515901860.071,7189526.3
1515901863.424,7189525.8
1515901866.776,7189525.9
1515901870.128,7189526.6
1515901873.480,7189525.3
1515901876.832,7189524.9
1515901880.184,7189525.7
1515901883.536,7189525.8
1515901886.889,7189525.2
1515901890.240,7189525.2
1515901893.593,7189526.2
1515901896.945,7189525.5
1515901900.297,7189525.8
1515901903.649,7189526.0
1515901907.001,7189526.3
1515901910.353,7189525.5
1515901913.705,7189525.9
1515901917.057,7189525.7
1515901920.410,7189525.5
1515901923.761,7189525.5
1515901927.114,7189525.9
1515901930.465,7189524.8
1515901933.818,7189528.2
1515901937.170,7189526.8
1515901940.522,7189525.7
1515901943.874,7189525.8
1515901947.226,7189524.9
1515901950.578,7189525.5
1515901953.930,7189525.4
1515901957.283,7189525.7
1515901960.634,7189525.0
1515901963.987,7189525.7
1515901967.339,7189526.2
1515901970.691,7189525.5
1515901974.043,7189525.8
1515901977.395,7189525.3
1515901980.747,7189524.4
1515901984.100,7189526.0
1515901987.451,7189525.4
1515901990.804,7189525.2
1515901994.155,7189525.5
1515901997.508,7189526.9
1515902000.860,7189525.8
1515902004.212,7189525.9
1515902007.564,7189525.8
1515902010.916,7189526.2
1515902014.269,7189524.4
1515902017.620,7189524.8
1515902020.973,7189524.9
1515902024.325,7189524.5
1515902027.677,7189525.4
1515902031.029,7189525.9
1515902034.381,7189525.4
1515902037.733,7189524.9
1515902041.086,7189525.0
1515902044.437,7189526.0
1515902047.790,7189525.3
1515902051.141,7189525.0
1515902054.493,7189526.3
1515902057.846,7189524.1
1515902061.198,7189524.9
1515902064.549,7189524.4
1515902067.902,7189524.5
1515902071.254,7189524.5
1515902074.606,7189524.3
1515902077.959,7189524.9
1515902081.310,7189524.8
1515902084.663,7189523.8
1515902088.014,7189523.6
1515902091.367,7189524.8
1515902094.719,7189525.5
1515902098.070,7189524.5
1515902101.423,7189524.0
1515902104.775,7189524.4
1515902108.127,7189525.2
1515902111.479,7189524.8
1515902114.831,7189525.2
1515902118.183,7189524.8
1515902121.536,7189525.2
1515902124.887,7189525.5
1515902128.240,7189524.1
1515902131.592,7189524.5
1515902134.944,7189525.9
1515902138.296,7189524.5
1515902141.648,7189524.3
1515902145.000,7189525.9
1515902148.353,7189526.0
1515902151.704,7189524.8
1515902155.056,7189525.4
1515902158.409,7189525.3
1515902161.760,7189525.0
1515902165.113,7189523.9
1515902168.465,7189524.3
1515902171.817,7189524.7
1515902175.169,7189524.0
1515902178.521,7189524.5
1515902181.873,7189525.4
1515902185.226,7189524.7
1515902188.577,7189524.3
1515902191.930,7189524.5
1515902195.282,7189525.5
1515902198.634,7189525.3
1515902201.986,7189524.1
1515902205.338,7189525.5
1515902208.690,7189525.7
1515902212.042,7189525.4
1515902215.394,7189524.5
1515902218.746,7189523.9
1515902222.099,7189524.3
1515902225.450,7189524.8
1515902228.803,7189525.7
1515902232.154,7189524.7
1515902235.507,7189525.2
1515902238.859,7189525.8
1515902242.211,7189525.2
1515902245.563,7189524.1
1515902248.916,7189525.2
1515902252.267,7189524.0
1515902255.619,7189524.3
1515902258.971,7189524.8
1515902262.324,7189524.3
1515902265.676,7189524.7
1515902269.028,7189523.6
1515902272.380,7189525.3
1515902275.732,7189524.5
1515902279.084,7189524.4
1515902282.436,7189525.0
1515902285.788,7189522.7
1515902289.141,7189524.1
1515902292.492,7189524.5
1515902295.845,7189525.0
1515902299.196,7189524.8
1515902302.549,7189524.8
1515902305.901,7189524.1
1515902309.253,7189524.9
1515902312.605,7189524.3
1515902315.957,7189525.5
1515902319.309,7189524.1
1515902322.662,7189524.0
1515902326.013,7189524.5
1515902329.366,7189524.5
1515902332.718,7189525.5
1515902336.069,7189525.5
1515902339.422,7189525.3
1515902342.773,7189524.5
1515902346.126,7189524.8
1515902349.478,7189525.7
1515902352.830,7189524.4
1515902356.183,7189524.0
1515902359.534,7189524.7
1515902362.887,7189523.8
1515902366.239,7189525.9
1515902369.590,7189523.8
1515902372.943,7189524.3
1515902376.294,7189524.0
1515902379.647,7189524.8
1515902382.999,7189524.0
1515902386.351,7189524.5
1515902389.704,7189524.0
1515902393.055,7189524.9
1515902396.408,7189525.2
1515902399.759,7189524.4
1515902403.112,7189523.8
1515902406.463,7189523.6
1515902409.816,7189524.8
1515902413.168,7189525.4
1515902416.520,7189524.9
1515902419.872,7189525.2
1515902423.225,7189525.2
1515902426.576,7189524.9
1515902429.929,7189525.4
1515902433.280,7189524.8
1515902436.633,7189524.5
1515902439.985,7189525.5
1515902443.337,7189525.4
1515902446.689,7189524.5
1515902450.041,7189525.0
1515902453.393,7189524.3
1515902456.745,7189525.0
1515902460.097,7189525.7
1515902463.450,7189526.3
1515902466.801,7189526.4
1515902470.154,7189526.6
1515902473.506,7189526.2
1515902476.858,7189526.6
1515902480.210,7189528.1
1515902483.562,7189526.2
1515902486.914,7189526.2
1515902490.266,7189526.3
1515902493.618,7189524.8
1515902496.971,7189524.8
1515902500.322,7189524.5
1515902503.675,7189525.2
1515902507.026,7189523.8
1515902510.379,7189524.0
1515902513.731,7189525.7
1515902517.083,7189523.9
1515902520.435,7189524.8
1515902523.787,7189524.5
1515902527.139,7189526.0
1515902530.491,7189526.0
1515902533.844,7189525.0
1515902537.195,7189525.4
1515902540.548,7189525.5
1515902543.900,7189524.3
1515902547.252,7189525.2
1515902550.604,7189524.7
1515902553.956,7189524.9
1515902557.308,7189525.5
1515902560.660,7189524.1
1515902564.012,7189524.4
1515902567.365,7189523.3
1515902570.716,7189522.7
1515902574.069,7189523.8
1515902577.421,7189523.8
1515902580.773,7189524.1
1515902584.125,7189524.0
1515902587.478,7189523.0
1515902590.829,7189523.3
1515902594.181,7189523.5
1515902597.533,7189524.8
1515902600.885,7189523.8
1515902604.237,7189523.5
1515902607.590,7189523.9
1515902610.941,7189523.1
1515902614.294,7189523.4
1515902617.646,7189523.1
1515902620.998,7189524.4
1515902624.350,7189523.8
1515902627.703,7189524.0
1515902631.054,7189523.9
1515902634.406,7189523.9
1515902637.759,7189524.3
1515902641.110,7189524.7
1515902644.462,7189524.0
1515902647.815,7189524.9
1515902651.166,7189523.5
1515902654.519,7189524.0
1515902657.871,7189524.9
1515902661.223,7189522.6
1515902664.575,7189521.6
1515902667.927,7189523.8
1515902671.279,7189521.0
1515902674.632,7189522.1
1515902677.983,7189522.5
1515902681.336,7189522.4
1515902684.687,7189523.6
1515902688.040,7189521.6
1515902691.392,7189521.9
1515902694.744,7189522.0
1515902698.096,7189523.0
1515902701.448,7189521.2
1515902704.800,7189522.9
1515902708.153,7189521.2
1515902711.504,7189522.2
1515902714.857,7189522.6
1515902718.209,7189522.9
1515902721.560,7189523.3
1515902724.913,7189522.5
1515902728.265,7189522.1
1515902731.617,7189522.5
1515902734.969,7189524.0
1515902738.321,7189523.0
1515902741.673,7189523.3
1515902745.026,7189522.4
1515902748.377,7189522.5
1515902751.730,7189521.5
1515902755.081,7189521.0
1515902758.434,7189520.5
1515902761.786,7189522.6
1515902765.138,7189521.2
1515902768.490,7189521.5
1515902771.842,7189520.8
1515902775.194,7189521.0
1515902778.547,7189522.0
1515902781.898,7189521.9
1515902785.251,7189522.4
1515902788.602,7189522.6
1515902791.955,7189523.8
1515902795.307,7189521.9
1515902798.659,7189521.7
1515902802.011,7189521.7
1515902805.363,7189522.0
1515902808.715,7189522.7
1515902812.068,7189521.1
1515902815.419,7189522.9
1515902818.772,7189522.0
1515902822.123,7189522.4
1515902825.476,7189524.0
1515902828.828,7189523.8
1515902832.180,7189522.1
1515902835.532,7189522.2
1515902838.884,7189522.7
1515902842.236,7189523.5
1515902845.588,7189523.6
1515902848.940,7189523.3
1515902852.293,7189523.3
1515902855.644,7189524.8
1515902858.997,7189522.7
1515902862.348,7189522.7
1515902865.701,7189523.1
1515902869.053,7189522.4
1515902872.405,7189523.5
1515902875.757,7189521.5
1515902879.110,7189522.6
1515902882.461,7189521.9
1515902885.813,7189522.5
1515902889.166,7189522.7
1515902892.517,7189521.1
1515902895.870,7189522.5
1515902899.221,7189522.7
1515902902.574,7189523.8
1515902905.926,7189522.7
1515902909.278,7189522.4
1515902912.630,7189522.0
1515902915.982,7189522.7
1515902919.334,7189523.0
1515902922.686,7189522.9
1515902926.038,7189521.6
1515902929.391,7189522.2
1515902932.743,7189521.7
1515902936.095,7189522.6
1515902939.446,7189523.5
1515902942.799,7189523.5
1515902946.151,7189523.5
1515902949.503,7189521.7
1515902952.855,7189522.7
1515902956.207,7189522.0
1515902959.559,7189523.4
1515902962.911,7189522.5
1515902966.263,7189523.6
1515902969.616,7189522.2
1515902972.967,7189524.0
1515902976.320,7189521.6
1515902979.672,7189523.3
1515902983.024,7189523.9
1515902986.376,7189523.5
1515902989.728,7189523.5
1515902993.081,7189523.8
1515902996.432,7189524.7
1515902999.784,7189523.9
1515903003.137,7189523.0
1515903006.488,7189523.4
1515903009.841,7189523.5
1515903013.192,7189522.4
1515903016.545,7189523.6
1515903019.897,7189522.5
1515903023.249,7189523.8
1515903026.601,7189522.5
1515903029.953,7189522.0
1515903033.306,7189522.0
1515903036.657,7189522.1
1515903040.010,7189522.4
1515903043.361,7189523.1
1515903046.713,7189521.2
1515903050.066,7189523.0
1515903053.417,7189524.5
1515903056.770,7189522.6
1515903060.122,7189522.5
1515903063.474,7189523.9
1515903066.827,7189523.1
1515903070.178,7189521.9
1515903073.531,7189524.0
1515903076.882,7189522.7
1515903080.235,7189524.3
1515903083.587,7189524.7
1515903086.939,7189524.0
1515903090.291,7189524.4
1515903093.643,7189523.1
1515903096.995,7189521.5
1515903100.347,7189523.3
1515903103.699,7189522.4
1515903107.051,7189523.5
1515903110.403,7189522.6
1515903113.756,7189521.7
1515903117.107,7189522.2
1515903120.460,7189522.5
1515903123.812,7189523.3
1515903127.164,7189521.5
1515903130.516,7189521.5
1515903133.868,7189521.5
1515903137.220,7189521.5
1515903140.572,7189521.5
1515903143.924,7189523.1
1515903147.276,7189521.7
1515903150.629,7189520.5
1515903153.981,7189523.8
1515903157.333,7189524.0
1515903160.685,7189522.2
1515903164.037,7189522.2
1515903167.389,7189522.0
1515903170.741,7189522.1
1515903174.094,7189520.5
1515903177.445,7189521.5
1515903180.798,7189523.3
1515903184.149,7189525.0
1515903187.502,7189520.8
1515903190.853,7189519.6
1515903194.206,7189523.8
1515903197.558,7189525.9
1515903200.910,7189524.7
1515903204.262,7189519.6
1515903207.614,7189520.6
1515903210.966,7189522.7
1515903214.319,7189524.0
1515903217.670,7189522.9
1515903221.022,7189523.3
1515903224.375,7189523.0
1515903227.727,7189522.7
1515903231.079,7189522.2
1515903234.431,7189522.7
1515903237.783,7189524.0
1515903241.135,7189522.7
1515903244.488,7189524.8
1515903247.839,7189523.1
1515903251.192,7189524.0
1515903254.543,7189523.3
1515903257.896,7189523.0
1515903261.247,7189521.5
1515903264.600,7189522.5
1515903267.951,7189523.4
1515903271.304,7189522.5
1515903274.656,7189523.4
1515903278.008,7189523.8
1515903281.360,7189522.5
1515903284.713,7189523.0
1515903288.064,7189522.7
1515903291.417,7189523.0
1515903294.768,7189524.3
1515903298.121,7189525.0
1515903301.472,7189524.3
1515903304.825,7189522.4
1515903308.177,7189524.0
1515903311.529,7189524.3
1515903314.881,7189523.1
1515903318.233,7189522.4
1515903321.586,7189524.4
1515903324.937,7189523.9
1515903328.290,7189523.3
1515903331.642,7189523.5
1515903334.994,7189523.0
1515903338.346,7189524.3
1515903341.698,7189523.9
1515903345.050,7189523.1
1515903348.402,7189523.0
1515903351.754,7189524.4
1515903355.106,7189523.5
1515903358.459,7189521.6
1515903361.810,7189521.2
1515903365.162,7189522.6
1515903368.515,7189521.9
1515903371.867,7189523.6
1515903375.219,7189522.0
1515903378.571,7189522.4
1515903381.923,7189522.7
1515903385.275,7189524.8
1515903388.627,7189523.0
1515903391.980,7189522.1
1515903395.331,7189524.0
1515903398.684,7189522.9
1515903402.036,7189521.5
1515903405.387,7189518.7
1515903408.740,7189517.2
1515903412.092,7189515.9
1515903415.444,7189516.7
1515903418.796,7189516.9
1515903422.148,7189517.4
1515903425.500,7189518.8
1515903428.853,7189517.3
1515903432.204,7189522.7
1515903435.557,7189523.0
1515903438.909,7189524.3
1515903442.261,7189528.3
1515903445.613,7189527.7
1515903448.965,7189526.9
1515903452.317,7189525.3
1515903455.670,7189525.3
1515903459.021,7189524.7
1515903462.373,7189528.2
1515903465.726,7189520.8
1515903469.077,7189522.9
1515903472.430,7189526.3
1515903475.782,7189522.2
1515903479.134,7189518.9
1515903482.486,7189517.0
1515903485.838,7189518.6
1515903489.190,7189516.8
1515903492.543,7189519.3
1515903495.894,7189518.3
1515903499.247,7189518.2
1515903502.598,7189517.7
1515903505.951,7189517.2
1515903509.303,7189517.0
1515903512.655,7189517.6
1515903516.007,7189517.3
1515903519.360,7189517.7
1515903522.711,7189518.2
1515903526.064,7189517.4
1515903529.415,7189517.8
1515903532.767,7189519.3
1515903536.120,7189516.4
1515903539.471,7189517.9
1515903542.824,7189515.9
1515903546.176,7189517.9
1515903549.528,7189517.4
1515903552.880,7189517.6
1515903556.232,7189517.0
1515903559.584,7189517.7
1515903562.937,7189517.7
1515903566.288,7189517.4
1515903569.641,7189518.1
1515903572.993,7189517.8
1515903576.345,7189517.7
1515903579.697,7189519.2
1515903583.049,7189516.5
1515903586.401,7189517.7
1515903589.753,7189518.7
1515903593.105,7189517.7
1515903596.457,7189517.4
1515903599.809,7189517.4
1515903603.161,7189516.9
1515903606.514,7189517.6
1515903609.866,7189517.4
1515903613.218,7189517.8
1515903616.570,7189518.1
1515903619.922,7189516.5
1515903623.274,7189518.2
1515903626.627,7189517.9
1515903629.978,7189518.2
1515903633.331,7189516.5
1515903636.682,7189516.7
1515903640.035,7189515.9
1515903643.386,7189516.7
1515903646.739,7189517.0
1515903650.091,7189516.0
1515903653.443,7189515.6
1515903656.795,7189516.9
1515903660.147,7189516.5
1515903663.499,7189516.2
1515903666.852,7189515.5
1515903670.203,7189516.7
1515903673.556,7189516.4
1515903676.908,7189515.4
1515903680.260,7189515.4
1515903683.612,7189515.9
1515903686.963,7189516.2
1515903690.316,7189516.9
1515903693.668,7189517.2
1515903697.020,7189516.2
1515903700.372,7189516.2
1515903703.725,7189517.6
1515903707.076,7189518.3
1515903710.429,7189517.0
1515903713.780,7189517.8
1515903717.133,7189517.4
1515903720.485,7189518.6
1515903723.837,7189517.8
1515903727.189,7189517.2
1515903730.541,7189517.4
1515903733.894,7189517.0
1515903737.245,7189517.7
1515903740.598,7189517.9
1515903743.949,7189516.4
1515903747.302,7189517.9
1515903750.654,7189517.7
1515903754.005,7189518.3
1515903757.358,7189517.7
1515903760.710,7189517.4
1515903764.062,7189518.9
1515903767.415,7189517.2
1515903770.766,7189516.9
1515903774.118,7189518.4
1515903777.471,7189519.1
1515903780.822,7189518.1
1515903784.175,7189519.3
1515903787.527,7189521.0
1515903790.879,7189520.3
1515903794.231,7189519.6
1515903797.583,7189519.8
1515903800.936,7189518.4
1515903804.287,7189518.9
1515903807.640,7189517.6
1515903810.991,7189519.1
1515903814.344,7189520.0
1515903817.695,7189519.1
1515903821.048,7189520.2
1515903824.400,7189520.8
1515903827.751,7189520.6
1515903831.104,7189520.1
1515903834.456,7189519.6
1515903837.808,7189521.0
1515903841.160,7189519.7
1515903844.512,7189520.7
1515903847.864,7189520.5
1515903851.217,7189520.0
1515903854.568,7189519.6
1515903857.921,7189521.0
1515903861.272,7189520.5
1515903864.625,7189520.0
1515903867.977,7189521.2
1515903871.329,7189520.5
1515903874.681,7189520.8
1515903878.034,7189520.1
1515903881.385,7189520.5
1515903884.738,7189520.1
1515903888.089,7189521.2
1515903891.442,7189520.0
1515903894.793,7189521.0
1515903898.146,7189519.5
1515903901.498,7189520.3
1515903904.850,7189522.5
1515903908.202,7189522.5
1515903911.554,7189520.6
1515903914.906,7189522.0
1515903918.259,7189523.5
1515903921.610,7189523.0
1515903924.963,7189523.1
1515903928.315,7189520.7
1515903931.667,7189522.1
1515903935.019,7189522.2
1515903938.371,7189519.8
1515903941.723,7189522.2
1515903945.076,7189522.0
1515903948.427,7189523.1
1515903951.780,7189521.9
1515903955.132,7189522.6
1515903958.483,7189521.0
1515903961.836,7189521.0
1515903965.188,7189522.2
1515903968.540,7189521.9
1515903971.892,7189522.1
1515903975.244,7189523.5
1515903978.596,7189522.2
1515903981.949,7189522.7
1515903985.300,7189522.0
1515903988.653,7189522.5
1515903992.004,7189519.7
1515903995.357,7189521.4
1515903998.709,7189519.8
1515904002.061,7189520.7
1515904005.413,7189521.0
1515904008.766,7189522.1
1515904012.117,7189521.5
1515904015.470,7189521.6
1515904018.821,7189522.1
1515904022.174,7189521.1
1515904025.525,7189522.5
1515904028.878,7189522.0
1515904032.230,7189521.4
1515904035.582,7189522.2
1515904038.934,7189521.7
1515904042.286,7189521.9
1515904045.638,7189521.1
1515904048.991,7189521.6
1515904052.342,7189521.1
1515904055.694,7189520.6
1515904059.046,7189521.1
1515904062.399,7189521.5
1515904065.751,7189522.4
1515904069.103,7189521.0
1515904072.455,7189521.6
1515904075.807,7189522.0
1515904079.159,7189521.0
1515904082.512,7189520.5
1515904085.863,7189520.2
1515904089.215,7189520.2
1515904092.567,7189520.7
1515904095.920,7189520.7
1515904099.272,7189520.2
1515904102.623,7189520.5
1515904105.976,7189521.5
1515904109.328,7189521.5
1515904112.680,7189521.6
1515904116.032,7189521.6
1515904119.384,7189520.7
1515904122.736,7189521.2
1515904126.089,7189521.2
1515904129.440,7189521.4
1515904132.793,7189521.2
1515904136.145,7189522.4
1515904139.497,7189520.5
1515904142.849,7189521.2
1515904146.201,7189520.6
1515904149.553,7189522.1
1515904152.906,7189520.2
1515904156.257,7189521.7
1515904159.609,7189520.6
1515904162.962,7189518.8
1515904166.313,7189520.8
1515904169.666,7189520.1
1515904173.017,7189521.2
1515904176.370,7189521.0
1515904179.722,7189520.6
1515904183.074,7189521.0
1515904186.426,7189519.7
1515904189.779,7189520.2
1515904193.130,7189519.8
1515904196.483,7189520.2
1515904199.834,7189520.2
1515904203.187,7189520.7
1515904206.539,7189520.1
1515904209.891,7189520.7
1515904213.243,7189520.7
1515904216.595,7189520.5
1515904219.948,7189520.2
1515904223.299,7189520.7
1515904226.652,7189519.7
1515904230.003,7189519.5
1515904233.356,7189520.6
1515904236.707,7189521.4
1515904240.060,7189521.4
1515904243.412,7189519.3
1515904246.764,7189519.6
1515904250.116,7189521.2
1515904253.468,7189521.1
1515904256.820,7189520.0
1515904260.172,7189519.5
1515904263.525,7189518.4
1515904266.876,7189520.5
1515904270.229,7189519.6
1515904273.580,7189518.8
1515904276.933,7189519.5
1515904280.285,7189519.1
1515904283.637,7189520.5
1515904286.989,7189521.1
1515904290.342,7189520.3
1515904293.693,7189521.5
1515904297.045,7189520.7
1515904300.397,7189520.0
1515904303.750,7189521.2
1515904307.102,7189520.0
1515904310.454,7189521.4
1515904313.806,7189519.1
1515904317.158,7189522.1
1515904320.510,7189520.0
1515904323.862,7189521.1
1515904327.214,7189521.5
1515904330.566,7189521.2
1515904333.919,7189521.0
1515904337.270,7189520.3
1515904340.623,7189520.3
1515904343.974,7189519.7
1515904347.327,7189522.5
1515904350.679,7189520.1
1515904354.031,7189519.7
1515904357.383,7189520.0
1515904360.735,7189520.7
1515904364.087,7189518.7
1515904367.439,7189518.6
1515904370.791,7189519.7
1515904374.144,7189521.7
1515904377.495,7189521.0
1515904380.848,7189520.3
1515904384.199,7189520.3
1515904387.552,7189521.0
1515904390.904,7189519.3
1515904394.256,7189518.8
1515904397.609,7189519.5
1515904400.960,7189518.1
1515904404.313,7189517.7
1515904407.664,7189519.6
1515904411.017,7189519.1
1515904414.368,7189520.0
1515904417.721,7189521.1
1515904421.073,7189519.5
1515904424.425,7189518.6
1515904427.777,7189519.1
1515904431.129,7189520.5
1515904434.481,7189519.5
1515904437.834,7189520.6
1515904441.185,7189520.6
1515904444.538,7189520.5
1515904447.889,7189520.5
1515904451.242,7189521.0
1515904454.594,7189520.6
1515904457.946,7189521.1
1515904461.298,7189520.2
1515904464.650,7189521.1
1515904468.003,7189519.5
1515904471.354,7189520.2
1515904474.707,7189520.5
1515904478.059,7189520.2
1515904481.410,7189519.7
1515904484.763,7189519.2
1515904488.115,7189517.9
1515904491.467,7189519.1
1515904494.819,7189518.3
1515904498.171,7189517.7
1515904501.524,7189519.2
1515904504.875,7189519.3
1515904508.228,7189520.1
1515904511.579,7189518.7
1515904514.932,7189518.3
1515904518.283,7189517.7
1515904521.636,7189516.7
1515904524.988,7189518.3
1515904528.340,7189518.7
1515904531.692,7189517.2
1515904535.044,7189517.6
1515904538.396,7189518.2
1515904541.748,7189517.7
1515904545.100,7189517.4
1515904548.453,7189517.4
1515904551.804,7189518.6
1515904555.157,7189516.0
1515904558.509,7189517.8
1515904561.861,7189517.2
1515904565.213,7189518.4
1515904568.566,7189517.7
1515904571.917,7189518.1
1515904575.270,7189517.4
1515904578.621,7189515.3
1515904581.974,7189516.2
1515904585.325,7189516.4
1515904588.678,7189515.9
1515904592.030,7189516.2
1515904595.382,7189516.8
1515904598.734,7189516.3
1515904602.086,7189518.6
1515904605.438,7189519.7
1515904608.790,7189519.1
1515904612.142,7189518.2
1515904615.495,7189516.9
1515904618.846,7189518.9
1515904622.199,7189519.7
1515904625.550,7189518.6
1515904628.903,7189516.7
1515904632.255,7189518.9
1515904635.607,7189518.9
1515904638.959,7189518.3
1515904642.311,7189518.3
1515904645.664,7189518.2
1515904649.015,7189518.9
1515904652.367,7189517.6
1515904655.720,7189517.6
1515904659.071,7189518.7
1515904662.424,7189519.6
1515904665.776,7189518.4
1515904669.128,7189518.1
1515904672.480,7189520.0
1515904675.832,7189519.5
1515904679.184,7189520.1
1515904682.536,7189518.7
1515904685.889,7189519.3
1515904689.241,7189520.2
1515904692.593,7189520.1
1515904695.945,7189520.5
1515904699.297,7189519.1
1515904702.649,7189519.6
1515904706.001,7189521.5
1515904709.353,7189521.9
1515904712.706,7189520.2
1515904716.057,7189521.2
1515904719.410,7189521.5
1515904722.761,7189520.2
1515904726.114,7189521.1
1515904729.465,7189521.5
1515904732.818,7189521.7
1515904736.170,7189521.9
1515904739.522,7189522.7
1515904742.874,7189522.7
1515904746.227,7189521.7
1515904749.578,7189521.2
1515904752.931,7189519.5
1515904756.282,7189518.2
1515904759.635,7189520.7
1515904762.986,7189520.3
1515904766.339,7189520.6
1515904769.691,7189519.3
1515904773.043,7189518.4
1515904776.395,7189517.2
1515904779.747,7189519.7
1515904783.099,7189520.5
1515904786.451,7189519.5
1515904789.804,7189519.6
1515904793.156,7189520.1
1515904796.507,7189520.5
1515904799.860,7189520.5
1515904803.211,7189518.9
1515904806.564,7189520.3
1515904809.916,7189519.7
1515904813.268,7189520.2
1515904816.621,7189518.8
1515904819.972,7189519.5
1515904823.325,7189520.0
1515904826.676,7189521.0
1515904830.028,7189520.2
1515904833.381,7189519.3
1515904836.732,7189520.2
1515904840.085,7189520.2
1515904843.437,7189520.5
1515904846.789,7189519.7
1515904850.142,7189520.7
1515904853.493,7189521.4
1515904856.845,7189520.0
1515904860.197,7189519.8
1515904863.550,7189520.1
1515904866.901,7189520.2
1515904870.254,7189520.7
1515904873.606,7189519.5
1515904876.958,7189521.1
1515904880.310,7189519.8
1515904883.662,7189521.0
1515904887.014,7189521.1
1515904890.367,7189520.7
1515904893.718,7189520.2
1515904897.071,7189520.5
1515904900.423,7189520.2
1515904903.775,7189521.5
1515904907.127,7189519.5
1515904910.479,7189520.0
1515904913.831,7189520.5
1515904917.183,7189520.5
1515904920.536,7189520.2
1515904923.887,7189521.0
1515904927.240,7189520.5
1515904930.591,7189520.7
1515904933.944,7189520.6
1515904937.296,7189520.7
1515904940.648,7189521.9
1515904944.000,7189521.5
1515904947.352,7189520.2
1515904950.704,7189522.2
1515904954.057,7189519.6
1515904957.408,7189520.2
1515904960.760,7189521.0
1515904964.112,7189521.0
1515904967.464,7189521.0
1515904970.817,7189520.3
1515904974.168,7189521.5
1515904977.521,7189520.3
1515904980.873,7189520.1
1515904984.225,7189519.8
1515904987.577,7189520.1
1515904990.929,7189520.7
1515904994.281,7189520.5
1515904997.633,7189520.1
1515905000.986,7189519.5
1515905004.337,7189518.6
1515905007.690,7189520.7
1515905011.041,7189521.2
1515905014.394,7189522.5
1515905017.746,7189522.5
1515905021.098,7189521.0
1515905024.450,7189522.5
1515905027.802,7189521.7
1515905031.155,7189521.4
1515905034.506,7189523.1
1515905037.859,7189522.7
1515905041.211,7189522.7
1515905044.563,7189521.1
1515905047.915,7189523.1
1515905051.266,7189522.2
1515905054.619,7189522.6
1515905057.971,7189521.0
1515905061.323,7189521.2
1515905064.676,7189521.7
1515905068.027,7189521.5
1515905071.379,7189522.2
1515905074.732,7189522.5
1515905078.083,7189523.0
1515905081.436,7189522.9
1515905084.788,7189522.9
1515905088.140,7189521.6
1515905091.492,7189522.2
1515905094.844,7189522.0
1515905098.196,7189522.2
1515905101.549,7189522.4
1515905104.900,7189521.2
1515905108.253,7189521.4
1515905111.604,7189522.7
1515905114.957,7189521.0
1515905118.309,7189519.3
1515905121.661,7189520.5
1515905125.013,7189520.5
1515905128.365,7189521.2
1515905131.717,7189519.6
1515905135.070,7189519.7
1515905138.421,7189520.0
1515905141.773,7189519.5
1515905145.126,7189519.2
1515905148.477,7189518.3
1515905151.830,7189519.1
1515905155.182,7189519.2
1515905158.534,7189519.5
1515905161.886,7189520.0
1515905165.238,7189520.7
1515905168.590,7189519.7
1515905171.943,7189520.1
1515905175.294,7189519.6
1515905178.647,7189518.4
1515905181.998,7189518.9
1515905185.351,7189519.8
1515905188.703,7189519.7
1515905192.055,7189520.0
1515905195.407,7189520.3
1515905198.760,7189519.6
1515905202.111,7189519.6
1515905205.463,7189518.2
1515905208.815,7189519.3
1515905212.168,7189520.0
1515905215.520,7189519.7
1515905218.871,7189520.1
1515905222.224,7189521.2
1515905225.576,7189520.2
1515905228.928,7189519.2
1515905232.280,7189518.2
1515905235.633,7189520.0
1515905238.984,7189518.7
1515905242.337,7189518.4
1515905245.688,7189519.7
1515905249.041,7189520.1
1515905252.393,7189520.1
1515905255.744,7189518.9
1515905259.097,7189517.8
1515905262.449,7189518.7
1515905265.801,7189519.5
1515905269.153,7189519.3
1515905272.506,7189518.8
1515905275.858,7189518.6
1515905279.209,7189520.0
1515905282.562,7189518.4
1515905285.913,7189519.6
1515905289.266,7189518.1
1515905292.618,7189519.1
1515905295.970,7189518.2
1515905299.322,7189518.3
1515905302.675,7189519.1
1515905306.026,7189518.4
1515905309.379,7189518.7
1515905312.730,7189518.7
1515905316.083,7189517.3
1515905319.434,7189519.1
1515905322.787,7189518.3
1515905326.139,7189517.8
1515905329.491,7189518.9
1515905332.843,7189518.4
1515905336.196,7189518.4
1515905339.547,7189519.2
1515905342.900,7189519.8
1515905346.251,7189520.3
1515905349.604,7189518.8
1515905352.955,7189520.0
1515905356.308,7189520.5
1515905359.660,7189520.0
1515905363.012,7189519.8
1515905366.364,7189519.8
1515905369.716,7189520.1
1515905373.068,7189519.1
1515905376.420,7189519.2
1515905379.772,7189518.7
1515905383.125,7189518.9
1515905386.476,7189517.8
1515905389.829,7189518.6
1515905393.181,7189518.8
1515905396.533,7189519.2
1515905399.885,7189519.1
1515905403.237,7189518.8
1515905406.589,7189518.4
1515905409.941,7189517.4
1515905413.293,7189518.2
1515905416.646,7189519.8
1515905419.997,7189518.9
1515905423.350,7189521.0
1515905426.702,7189520.1
1515905430.054,7189521.1
1515905433.406,7189522.1
1515905436.758,7189519.2
1515905440.110,7189518.4
1515905443.462,7189519.5
1515905446.814,7189519.3
1515905450.166,7189518.9
1515905453.519,7189517.8
1515905456.870,7189518.9
1515905460.223,7189518.2
1515905463.574,7189519.5
1515905466.927,7189518.7
1515905470.279,7189518.3
1515905473.631,7189519.7
1515905476.983,7189520.5
1515905480.335,7189520.0
1515905483.687,7189520.0
1515905487.040,7189518.7
1515905490.391,7189518.4
1515905493.744,7189519.3
1515905497.096,7189518.4
1515905500.448,7189519.1
1515905503.800,7189518.2
1515905507.152,7189518.3
1515905510.504,7189519.5
1515905513.856,7189519.5
1515905517.208,7189519.2
1515905520.561,7189517.0
1515905523.912,7189519.6
1515905527.265,7189517.4
1515905530.617,7189519.2
1515905533.969,7189519.2
1515905537.321,7189518.7
1515905540.673,7189517.7
1515905544.025,7189518.7
1515905547.377,7189518.2
1515905550.730,7189518.3
1515905554.081,7189518.9
1515905557.433,7189518.8
1515905560.785,7189518.6
1515905564.138,7189517.9
1515905567.490,7189517.2
1515905570.841,7189518.6
1515905574.194,7189519.2
1515905577.546,7189520.7
1515905580.898,7189517.9
1515905584.250,7189518.2
1515905587.603,7189518.8
1515905590.954,7189518.2
1515905594.306,7189518.3
1515905597.659,7189522.4
1515905601.010,7189525.5
1515905604.363,7189520.7
1515905607.715,7189519.6
1515905611.067,7189512.1
1515905614.419,7189519.8
1515905617.771,7189518.2
1515905621.123,7189519.7
1515905624.475,7189521.5
1515905627.827,7189522.9
1515905631.179,7189530.9
1515905634.532,7189530.1
1515905637.883,7189531.5
1515905641.236,7189522.7
1515905644.587,7189529.7
1515905647.940,7189533.9
1515905651.292,7189531.1
1515905654.644,7189530.4
1515905657.997,7189517.3
1515905661.348,7189521.5
1515905664.701,7189533.1
1515905668.053,7189532.6
1515905671.404,7189528.8
1515905674.757,7189533.0
1515905678.109,7189531.1
1515905681.461,7189535.3
1515905684.813,7189534.5
1515905688.165,7189533.9
1515905691.517,7189535.8
1515905694.869,7189530.6
1515905698.221,7189526.8
1515905701.574,7189532.6
1515905704.926,7189532.1
1515905708.278,7189525.0
1515905711.630,7189521.4
1515905714.982,7189524.9
1515905718.334,7189526.4
1515905721.686,7189525.0
1515905725.039,7189524.0
1515905728.390,7189521.7
1515905731.743,7189521.6
1515905735.094,7189522.2
1515905738.447,7189522.2
1515905741.799,7189519.5
1515905745.151,7189523.6
1515905748.503,7189520.2
1515905751.855,7189520.3
1515905755.207,7189523.3
1515905758.560,7189513.1
1515905761.911,7189514.0
1515905765.264,7189512.9
1515905768.615,7189515.5
1515905771.968,7189518.6
1515905775.319,7189518.1
1515905778.672,7189512.1
1515905782.023,7189511.0
1515905785.376,7189510.6
1515905788.728,7189510.7
1515905792.080,7189519.6
1515905795.432,7189524.1
1515905798.784,7189519.3
1515905802.136,7189515.9
1515905805.488,7189523.5
1515905808.840,7189523.0
1515905812.193,7189517.3
1515905815.544,7189520.0
1515905818.897,7189524.0
1515905822.249,7189539.7
1515905825.601,7189550.0
1515905828.953,7189546.6
1515905832.305,7189544.8
1515905835.657,7189545.8
1515905839.009,7189546.3
1515905842.361,7189546.5
1515905845.713,7189546.2
1515905849.066,7189547.6
1515905852.418,7189548.1
1515905855.770,7189527.8
1515905859.122,7189521.7
1515905862.475,7189520.6
1515905865.826,7189540.1
1515905869.178,7189547.1
1515905872.531,7189528.7
1515905875.882,7189531.8
1515905879.234,7189524.8
1515905882.587,7189536.3
1515905885.939,7189549.8
1515905889.291,7189544.9
1515905892.643,7189545.3
1515905895.995,7189547.1
1515905899.347,7189547.0
1515905902.700,7189546.1
1515905906.051,7189549.6
1515905909.404,7189547.1
1515905912.755,7189540.0
1515905916.108,7189541.8
1515905919.460,7189542.9
1515905922.811,7189545.1
1515905926.164,7189550.8
1515905929.516,7189519.8
1515905932.868,7189513.9
1515905936.220,7189528.6
1515905939.573,7189522.9
1515905942.924,7189523.0
1515905946.277,7189524.5
1515905949.629,7189522.7
1515905952.981,7189527.6
1515905956.333,7189527.8
1515905959.685,7189529.6
1515905963.037,7189530.9
1515905966.390,7189529.7
1515905969.741,7189530.0
1515905973.094,7189530.2
1515905976.445,7189531.0
1515905979.797,7189532.8
1515905983.150,7189531.1
1515905986.502,7189530.6
1515905989.853,7189528.5
1515905993.206,7189528.7
1515905996.558,7189516.8
1515905999.910,7189519.8
1515906003.262,7189522.9
1515906006.614,7189518.1
1515906009.967,7189519.3
1515906013.319,7189533.9
1515906016.670,7189528.1
1515906020.023,7189529.3
1515906023.374,7189528.5
1515906026.727,7189529.8
1515906030.079,7189528.5
1515906033.431,7189529.5
1515906036.783,7189529.1
1515906040.136,7189530.4
1515906043.487,7189529.1
1515906046.840,7189527.9
1515906050.192,7189527.6
1515906053.544,7189528.1
1515906056.896,7189526.6
1515906060.248,7189527.9
1515906063.600,7189530.1
1515906066.952,7189528.8
1515906070.305,7189531.0
1515906073.656,7189531.0
1515906077.008,7189531.6
1515906080.360,7189530.2
1515906083.713,7189531.1
1515906087.065,7189530.1
1515906090.416,7189529.0
1515906093.769,7189527.8
1515906097.121,7189528.3
1515906100.473,7189529.6
1515906103.825,7189528.1
1515906107.178,7189526.8
1515906110.529,7189526.4
1515906113.881,7189529.6
1515906117.234,7189528.5
1515906120.585,7189528.5
1515906123.938,7189527.8
1515906127.290,7189526.6
1515906130.642,7189527.1
1515906133.994,7189528.5
1515906137.346,7189527.6
1515906140.699,7189526.4
1515906144.050,7189525.9
1515906147.403,7189528.3
1515906150.754,7189516.2
1515906154.107,7189518.7
1515906157.459,7189516.9
1515906160.811,7189511.3
1515906164.163,7189511.1
1515906167.516,7189516.2
1515906170.867,7189522.6
1515906174.219,7189521.9
1515906177.572,7189518.2
1515906180.924,7189526.8
1515906184.276,7189519.2
1515906187.627,7189511.8
1515906190.980,7189514.8
1515906194.332,7189509.7
1515906197.684,7189521.1
1515906201.036,7189513.0
1515906204.389,7189514.9
1515906207.740,7189512.9
1515906211.093,7189514.6
1515906214.445,7189514.5
1515906217.796,7189513.9
1515906221.149,7189512.4
1515906224.501,7189513.9
1515906227.853,7189537.7
1515906231.205,7189543.4
1515906234.557,7189526.9
1515906237.909,7189529.3
1515906241.261,7189522.2
1515906244.613,7189521.0
1515906247.965,7189525.0
1515906251.318,7189531.2
1515906254.669,7189533.0
1515906258.022,7189528.5
1515906261.374,7189529.1
1515906264.726,7189530.7
1515906268.078,7189531.8
1515906271.430,7189531.9
1515906274.782,7189530.9
1515906278.134,7189528.6
1515906281.486,7189520.3
1515906284.838,7189520.1
1515906288.191,7189521.0
1515906291.543,7189532.6
1515906294.895,7189524.4
1515906298.247,7189519.1
1515906301.599,7189517.7
1515906304.951,7189518.3
1515906308.303,7189523.1
1515906311.655,7189522.5
1515906315.007,7189522.1
1515906318.360,7189522.0
1515906321.711,7189522.2
1515906325.064,7189523.3
1515906328.416,7189523.6
1515906331.768,7189524.3
1515906335.120,7189524.8
1515906338.472,7189522.6
1515906341.824,7189524.4
1515906345.177,7189522.6
1515906348.528,7189522.1
1515906351.880,7189521.6
1515906355.233,7189521.7
1515906358.584,7189523.3
1515906361.937,7189522.7
1515906365.288,7189521.2
1515906368.641,7189523.4
1515906371.993,7189520.3
1515906375.345,7189521.7
1515906378.697,7189521.0
1515906382.049,7189521.2
1515906385.402,7189519.8
1515906388.753,7189523.3
1515906392.106,7189521.5
1515906395.457,7189519.5
1515906398.810,7189521.7
1515906402.162,7189523.3
1515906405.514,7189530.4
1515906408.866,7189526.3
1515906412.218,7189520.5
1515906415.570,7189524.7
1515906418.923,7189526.8
1515906422.274,7189523.5
1515906425.627,7189529.3
1515906428.979,7189523.5
1515906432.331,7189526.4
1515906435.683,7189532.9
1515906439.035,7189534.7
1515906442.387,7189530.2
1515906445.739,7189521.6
1515906449.092,7189523.1
1515906452.443,7189523.4
1515906455.795,7189530.2
1515906459.148,7189528.6
1515906462.499,7189528.7
1515906465.852,7189529.6
1515906469.203,7189527.1
1515906472.556,7189523.9
1515906475.909,7189522.4
1515906479.260,7189523.8
1515906482.613,7189523.3
1515906485.964,7189522.2
1515906489.316,7189522.2
1515906492.669,7189522.7
1515906496.021,7189524.3
1515906499.373,7189522.7
1515906502.724,7189523.5
1515906506.077,7189526.4
1515906509.429,7189533.3
1515906512.782,7189532.8
1515906516.133,7189532.1
1515906519.485,7189532.3
1515906522.837,7189527.1
1515906526.189,7189528.6
1515906529.542,7189527.3
1515906532.893,7189531.1
1515906536.246,7189534.7
1515906539.598,7189534.5
1515906542.949,7189533.4
1515906546.302,7189533.4
1515906549.654,7189535.3
1515906553.006,7189534.8
1515906556.359,7189536.6
1515906559.710,7189536.7
1515906563.062,7189536.7
1515906566.415,7189535.8
1515906569.767,7189537.2
1515906573.119,7189535.2
1515906576.471,7189536.4
1515906579.823,7189526.6
1515906583.175,7189528.2
1515906586.528,7189543.9
1515906589.879,7189544.6
1515906593.231,7189545.8
1515906596.584,7189544.7
1515906599.935,7189544.6
1515906603.288,7189538.3
1515906606.640,7189524.7
1515906609.991,7189525.5
1515906613.344,7189528.1
1515906616.696,7189527.1
1515906620.048,7189530.4
1515906623.400,7189531.5
1515906626.753,7189528.3
1515906630.104,7189522.0
1515906633.457,7189523.0
1515906636.808,7189521.5
1515906640.161,7189521.9
1515906643.513,7189531.4
1515906646.865,7189533.3
1515906650.217,7189533.1
1515906653.569,7189531.6
1515906656.921,7189524.0
1515906660.274,7189532.5
1515906663.625,7189531.9
1515906666.977,7189532.1
1515906670.330,7189534.3
1515906673.682,7189532.1
1515906677.033,7189528.6
1515906680.386,7189530.4
1515906683.738,7189534.8
1515906687.090,7189536.2
1515906690.442,7189536.1
1515906693.794,7189534.7
1515906697.146,7189534.7
1515906700.499,7189533.7
1515906703.850,7189534.9
1515906707.202,7189536.8
1515906710.555,7189536.4
1515906713.907,7189537.8
1515906717.258,7189535.9
1515906720.611,7189535.9
1515906723.963,7189535.9
1515906727.315,7189533.8
1515906730.668,7189517.7
1515906734.020,7189519.6
1515906737.371,7189531.5
1515906740.724,7189535.4
1515906744.076,7189535.6
1515906747.428,7189536.1
1515906750.780,7189536.2
1515906754.132,7189524.8
1515906757.484,7189532.1
1515906760.836,7189533.9
1515906764.189,7189536.3
1515906767.541,7189535.3
1515906770.892,7189534.9
1515906774.245,7189535.4
1515906777.596,7189535.3
1515906780.949,7189534.5
1515906784.300,7189526.4
1515906787.653,7189535.8
1515906791.005,7189534.9
1515906794.357,7189535.2
1515906797.710,7189534.3
1515906801.061,7189525.8
1515906804.414,7189522.9
1515906807.766,7189529.7
1515906811.117,7189531.9
1515906814.470,7189531.6
1515906817.822,7189530.1
1515906821.174,7189520.6
1515906824.526,7189512.6
1515906827.878,7189526.6
1515906831.230,7189527.6
1515906834.582,7189533.0
1515906837.935,7189534.7
1515906841.286,7189519.8
1515906844.639,7189522.2
1515906847.991,7189527.2
1515906851.343,7189527.7
1515906854.695,7189521.6
1515906858.047,7189521.6
1515906861.400,7189522.6
1515906864.751,7189522.7
1515906868.103,7189523.1
1515906871.456,7189523.0
1515906874.807,7189523.1
1515906878.160,7189521.5
1515906881.511,7189521.5
1515906884.864,7189520.7
1515906888.216,7189520.7
1515906891.568,7189522.4
1515906894.920,7189524.7
1515906898.272,7189521.7
1515906901.625,7189522.2
1515906904.977,7189522.1
1515906908.328,7189522.1
1515906911.681,7189521.2
1515906915.032,7189522.0
1515906918.385,7189521.6
1515906921.737,7189520.2
1515906925.089,7189519.5
1515906928.441,7189521.9
1515906931.794,7189520.3
1515906935.145,7189521.1
1515906938.497,7189522.2
1515906941.850,7189521.4
1515906945.201,7189521.2
1515906948.554,7189521.7
1515906951.906,7189522.4
1515906955.258,7189520.6
1515906958.610,7189522.9
1515906961.962,7189521.2
1515906965.314,7189522.6
1515906968.666,7189522.1
1515906972.019,7189522.2
1515906975.370,7189522.1
1515906978.723,7189524.0
1515906982.075,7189523.5
1515906985.426,7189522.7
1515906988.779,7189522.0
1515906992.131,7189523.3
1515906995.483,7189525.3
1515906998.835,7189526.6
1515907002.187,7189525.8
1515907005.539,7189522.2
1515907008.892,7189522.6
1515907012.243,7189523.0
1515907015.596,7189523.3
1515907018.948,7189522.0
1515907022.300,7189521.9
1515907025.652,7189523.0
1515907029.004,7189523.4
1515907032.356,7189522.4
1515907035.709,7189521.5
1515907039.060,7189521.4
1515907042.412,7189522.2
1515907045.764,7189522.5
1515907049.116,7189523.4
1515907052.469,7189524.5
1515907055.820,7189521.7
1515907059.173,7189522.2
1515907062.525,7189523.0
1515907065.877,7189522.9
1515907069.229,7189523.8
1515907072.581,7189523.4
1515907075.933,7189521.7
1515907079.285,7189522.0
1515907082.638,7189522.6
1515907085.989,7189521.7
1515907089.342,7189523.0
1515907092.694,7189520.6
1515907096.046,7189521.9
1515907099.398,7189523.0
1515907102.751,7189524.1
1515907106.102,7189526.2
1515907109.455,7189537.3
1515907112.806,7189538.1
1515907116.159,7189538.1
1515907119.511,7189539.4
1515907122.862,7189538.7
1515907126.215,7189528.1
1515907129.567,7189524.9
1515907132.919,7189524.5
1515907136.272,7189525.0
1515907139.623,7189525.2
1515907142.975,7189524.0
1515907146.328,7189524.8
1515907149.680,7189524.1
1515907153.032,7189523.3
1515907156.383,7189524.7
1515907159.736,7189524.3
1515907163.088,7189524.1
1515907166.440,7189525.4
1515907169.792,7189524.3
1515907173.144,7189523.5
1515907176.497,7189524.9
1515907179.848,7189524.9
1515907183.201,7189525.3
1515907186.553,7189524.9
1515907189.905,7189524.9
1515907193.257,7189527.1
1515907196.609,7189526.3
1515907199.961,7189523.6
1515907203.313,7189526.2
1515907206.666,7189525.3
1515907210.017,7189522.7
1515907213.370,7189526.2
1515907216.721,7189524.4
1515907220.074,7189525.3
1515907223.426,7189524.8
1515907226.778,7189525.8
1515907230.130,7189525.5
1515907233.482,7189526.9
1515907236.834,7189526.2
1515907240.186,7189526.0
1515907243.539,7189526.3
1515907246.890,7189526.3
1515907250.243,7189527.2
1515907253.595,7189528.5
1515907256.946,7189533.4
1515907260.299,7189532.5
1515907263.651,7189532.4
1515907267.003,7189532.4
1515907270.356,7189528.8
1515907273.707,7189524.7
1515907277.060,7189525.5
1515907280.412,7189526.8
1515907283.764,7189527.4
1515907287.116,7189527.1
1515907290.468,7189524.0
1515907293.820,7189524.4
1515907297.172,7189525.2
1515907300.524,7189528.1
1515907303.876,7189528.8
1515907307.229,7189521.7
1515907310.580,7189522.9
1515907313.933,7189526.0
1515907317.285,7189524.1
1515907320.637,7189527.6
1515907323.989,7189529.5
1515907327.341,7189528.7
1515907330.693,7189529.6
1515907334.046,7189528.7
1515907337.397,7189530.4
1515907340.750,7189530.7
1515907344.101,7189530.5
1515907347.454,7189530.6
1515907350.806,7189530.4
1515907354.158,7189527.2
1515907357.510,7189525.9
1515907360.862,7189525.9
1515907364.214,7189526.6
1515907367.566,7189524.9
1515907370.918,7189525.5
1515907374.271,7189524.9
1515907377.622,7189527.7
1515907380.975,7189525.0
1515907384.327,7189528.1
1515907387.679,7189524.7
1515907391.031,7189525.7
1515907394.383,7189526.9
1515907397.735,7189525.5
1515907401.088,7189524.0
1515907404.439,7189524.4
1515907407.791,7189524.4
1515907411.144,7189524.5
1515907414.496,7189525.3
1515907417.847,7189525.2
1515907421.200,7189525.8
1515907424.552,7189527.1
1515907427.904,7189527.1
1515907431.257,7189526.6
1515907434.608,7189525.7
1515907437.960,7189527.7
1515907441.313,7189526.8
1515907444.665,7189527.3
1515907448.017,7189525.0
1515907451.369,7189525.4
1515907454.721,7189527.3
1515907458.073,7189527.7
1515907461.425,7189525.8
1515907464.778,7189526.0
1515907468.129,7189526.7
1515907471.481,7189525.3
1515907474.834,7189526.4
1515907478.186,7189525.5
1515907481.537,7189527.2
1515907484.890,7189526.3
1515907488.242,7189525.7
1515907491.594,7189525.4
1515907494.946,7189524.1
1515907498.298,7189525.4
1515907501.651,7189526.3
1515907505.002,7189533.3
1515907508.355,7189530.4
1515907511.707,7189528.6
1515907515.058,7189528.7
1515907518.411,7189528.7
1515907521.763,7189527.4
1515907525.116,7189527.4
1515907528.467,7189527.1
1515907531.820,7189525.5
1515907535.171,7189526.0
1515907538.524,7189526.6
1515907541.876,7189527.6
1515907545.228,7189525.3
1515907548.580,7189526.9
1515907551.932,7189526.8
1515907555.284,7189530.0
1515907558.636,7189527.9
1515907561.988,7189527.1
1515907565.341,7189527.8
1515907568.693,7189527.3
1515907572.045,7189526.4
1515907575.397,7189526.7
1515907578.749,7189529.6
1515907582.101,7189526.9
1515907585.453,7189527.4
1515907588.806,7189526.6
1515907592.157,7189525.4
1515907595.509,7189524.7
1515907598.861,7189526.7
1515907602.214,7189525.4
1515907605.566,7189527.7
1515907608.918,7189528.8
1515907612.270,7189533.4
1515907615.622,7189537.3
1515907618.975,7189524.8
1515907622.326,7189525.4
1515907625.678,7189527.1
1515907629.031,7189534.2
1515907632.382,7189538.6
1515907635.735,7189541.4
1515907639.087,7189542.7
1515907642.439,7189543.3
1515907645.791,7189545.8
1515907649.143,7189539.4
1515907652.495,7189528.8
1515907655.848,7189527.6
1515907659.199,7189535.6
1515907662.552,7189540.6
1515907665.904,7189539.6
1515907669.256,7189540.4
1515907672.608,7189539.5
1515907675.960,7189542.0
1515907679.312,7189541.5
1515907682.664,7189540.4
1515907686.016,7189540.5
1515907689.368,7189540.1
1515907692.721,7189541.6
1515907696.072,7189541.3
1515907699.425,7189540.1
1515907702.777,7189534.3
1515907706.128,7189526.2
1515907709.481,7189528.7
1515907712.833,7189538.1
1515907716.185,7189531.6
1515907719.537,7189529.0
1515907722.889,7189536.1
1515907726.241,7189541.3
1515907729.593,7189532.1
1515907732.945,7189528.8
1515907736.297,7189528.3
1515907739.650,7189520.2
1515907743.002,7189521.2
1515907746.354,7189520.3
1515907749.706,7189522.0
1515907753.058,7189534.4
1515907756.410,7189534.5
1515907759.762,7189535.2
1515907763.115,7189534.8
1515907766.467,7189535.3
1515907769.818,7189533.8
1515907773.171,7189534.7
1515907776.523,7189532.1
1515907779.875,7189535.8
1515907783.227,7189524.8
1515907786.579,7189533.3
1515907789.931,7189534.2
1515907793.283,7189535.4
1515907796.635,7189535.8
1515907799.987,7189535.8
1515907803.339,7189534.0
1515907806.692,7189533.3
1515907810.043,7189536.6
1515907813.396,7189536.2
1515907816.748,7189536.3
1515907820.100,7189536.1
1515907823.452,7189536.3
1515907826.805,7189535.8
1515907830.156,7189522.4
1515907833.508,7189524.8
1515907836.861,7189525.2
1515907840.212,7189524.0
1515907843.565,7189524.1
1515907846.916,7189522.6
1515907850.269,7189522.1
1515907853.621,7189522.6
1515907856.973,7189522.9
1515907860.325,7189523.3
1515907863.677,7189521.0
1515907867.029,7189521.2
1515907870.381,7189521.9
1515907873.734,7189525.0
1515907877.086,7189524.5
1515907880.438,7189523.8
1515907883.789,7189523.1
1515907887.142,7189524.7
1515907890.495,7189523.4
1515907893.846,7189524.0
1515907897.198,7189524.7
1515907900.551,7189524.4
1515907903.902,7189525.0
1515907907.255,7189520.7
1515907910.607,7189520.2
1515907913.959,7189522.6
1515907917.311,7189522.2
1515907920.663,7189532.0
1515907924.015,7189534.3
1515907927.368,7189526.3
1515907930.719,7189533.7
1515907934.072,7189531.6
1515907937.423,7189536.6
1515907940.776,7189537.5
1515907944.128,7189538.5
1515907947.480,7189535.2
1515907950.832,7189533.9
1515907954.184,7189533.8
1515907957.536,7189533.8
1515907960.888,7189533.0
1515907964.241,7189534.5
1515907967.592,7189533.1
1515907970.945,7189529.2
1515907974.296,7189530.6
1515907977.649,7189524.1
1515907981.001,7189524.0
1515907984.353,7189535.3
1515907987.705,7189535.6
1515907991.057,7189535.0
1515907994.409,7189533.4
1515907997.762,7189534.2
1515908001.113,7189535.0
1515908004.466,7189535.0
1515908007.817,7189534.0
1515908011.169,7189534.0
1515908014.522,7189534.0
1515908017.873,7189536.1
1515908021.226,7189533.9
1515908024.578,7189533.5
1515908027.930,7189533.5
1515908031.283,7189534.8
1515908034.634,7189533.7
1515908037.986,7189535.4
1515908041.338,7189534.5
1515908044.690,7189535.3
1515908048.042,7189532.9
1515908051.395,7189534.4
1515908054.747,7189533.0
1515908058.099,7189534.5
1515908061.451,7189534.3
1515908064.803,7189535.3
1515908068.155,7189534.7
1515908071.508,7189534.3
1515908074.859,7189532.3
1515908078.212,7189534.4
1515908081.563,7189536.7
1515908084.916,7189535.6
1515908088.268,7189534.9
1515908091.620,7189535.0
1515908094.972,7189534.0
1515908098.324,7189529.6
1515908101.676,7189530.4
1515908105.028,7189524.3
1515908108.380,7189534.4
1515908111.732,7189534.0
1515908115.084,7189533.0
1515908118.437,7189533.5
1515908121.789,7189534.9
1515908125.140,7189533.9
1515908128.493,7189534.4
1515908131.845,7189533.3
1515908135.197,7189532.0
1515908138.549,7189532.0
1515908141.902,7189533.1
1515908145.253,7189535.4
1515908148.606,7189536.1
1515908151.958,7189532.3
1515908155.309,7189533.8
1515908158.662,7189532.3
1515908162.014,7189529.5
1515908165.366,7189534.8
1515908168.718,7189534.0
1515908172.071,7189533.7
1515908175.422,7189533.5
1515908178.774,7189533.8
1515908182.126,7189532.8
1515908185.479,7189533.1
1515908188.830,7189533.4
1515908192.183,7189534.3
1515908195.535,7189533.8
1515908198.887,7189531.2
1515908202.239,7189516.5
1515908205.592,7189509.4
1515908208.943,7189522.9
1515908212.296,7189530.2
1515908215.647,7189525.0
1515908219.000,7189525.9
1515908222.352,7189526.0
1515908225.703,7189532.1
1515908229.056,7189532.5
1515908232.408,7189532.5
1515908235.760,7189534.0
1515908239.112,7189535.0
1515908242.465,7189534.4
1515908245.816,7189534.3
1515908249.168,7189533.1
1515908252.521,7189532.8
1515908255.872,7189532.9
1515908259.225,7189533.0
1515908262.576,7189534.4
1515908265.929,7189533.1
1515908269.281,7189533.7
1515908272.633,7189528.5
1515908275.985,7189529.8
1515908279.337,7189530.4
1515908282.689,7189535.9
1515908286.042,7189539.0
1515908289.393,7189540.0
1515908292.746,7189540.9
1515908296.097,7189539.4
1515908299.450,7189540.5
1515908302.802,7189539.0
1515908306.154,7189538.2
1515908309.506,7189539.6
1515908312.858,7189539.7
1515908316.210,7189540.6
1515908319.563,7189540.5
1515908322.914,7189538.2
1515908326.267,7189538.2
1515908329.619,7189529.7
1515908332.971,7189527.9
1515908336.323,7189524.5
1515908339.674,7189524.7
1515908343.027,7189516.4
1515908346.380,7189515.0
1515908349.731,7189519.2
1515908353.084,7189529.2
1515908356.435,7189530.7
1515908359.788,7189499.2
1515908363.139,7189492.6
1515908366.492,7189494.2
1515908369.843,7189492.6
1515908373.196,7189497.0
1515908376.548,7189494.2
1515908379.900,7189495.1
1515908383.252,7189492.6
1515908386.605,7189488.1
1515908389.956,7189494.1
1515908393.309,7189488.0
1515908396.660,7189486.0
1515908400.013,7189486.2
1515908403.364,7189485.2
1515908406.717,7189484.5
1515908410.069,7189485.2
1515908413.421,7189487.0
1515908416.773,7189484.2
1515908420.126,7189485.5
1515908423.477,7189487.0
1515908426.830,7189487.0
1515908430.181,7189486.5
1515908433.534,7189486.2
1515908436.886,7189485.6
1515908440.238,7189507.8
1515908443.590,7189514.1
1515908446.942,7189506.1
1515908450.294,7189508.7
1515908453.646,7189482.8
1515908456.999,7189479.9
1515908460.350,7189482.9
1515908463.703,7189483.1
1515908467.055,7189486.0
1515908470.407,7189488.0
1515908473.759,7189499.2
1515908477.111,7189506.6
1515908480.463,7189513.6
1515908483.816,7189511.3
1515908487.167,7189510.6
1515908490.520,7189510.5
1515908493.871,7189509.8
1515908497.224,7189510.7
1515908500.576,7189510.8
1515908503.927,7189511.6
1515908507.280,7189512.0
1515908510.632,7189512.4
1515908513.984,7189513.0
1515908517.336,7189513.4
1515908520.688,7189511.5
1515908524.040,7189512.6
1515908527.393,7189511.3
1515908530.744,7189510.8
1515908534.096,7189511.0
1515908537.449,7189509.4
1515908540.800,7189510.1
1515908544.153,7189511.3
1515908547.505,7189512.6
1515908550.857,7189512.1
1515908554.209,7189511.2
1515908557.561,7189510.5
1515908560.913,7189511.7
1515908564.265,7189512.6
1515908567.617,7189512.7
1515908570.969,7189511.1
1515908574.322,7189510.8
1515908577.673,7189511.1
1515908581.026,7189510.2
1515908584.378,7189512.1
1515908587.730,7189510.8
1515908591.083,7189509.8
1515908594.434,7189510.2
1515908597.787,7189510.8
1515908601.138,7189509.2
1515908604.491,7189508.9
1515908607.842,7189510.5
1515908611.195,7189509.6
1515908614.547,7189509.3
1515908617.898,7189509.9
1515908621.251,7189510.7
1515908624.603,7189512.0
1515908627.955,7189511.2
1515908631.307,7189510.3
1515908634.660,7189509.7
1515908638.011,7189512.6
1515908641.363,7189510.5
1515908644.716,7189510.5
1515908648.067,7189511.3
1515908651.420,7189510.1
1515908654.771,7189509.7
1515908658.124,7189509.2
1515908661.476,7189508.5
1515908664.828,7189509.6
1515908668.180,7189510.1
1515908671.532,7189510.8
1515908674.884,7189510.6
1515908678.236,7189511.0
1515908681.588,7189510.5
1515908684.941,7189509.9
1515908688.292,7189511.3
1515908691.645,7189509.8
1515908694.997,7189510.8
1515908698.349,7189511.0
1515908701.701,7189511.1
1515908705.054,7189510.8
1515908708.405,7189513.7
1515908711.758,7189519.6
1515908715.109,7189518.4
1515908718.462,7189519.1
1515908721.814,7189514.8
1515908725.165,7189511.5
1515908728.518,7189509.9
1515908731.870,7189515.4
1515908735.222,7189510.6
1515908738.574,7189510.5
1515908741.927,7189510.5
1515908745.278,7189510.8
1515908748.630,7189510.7
1515908751.983,7189511.2
1515908755.334,7189511.0
1515908758.687,7189511.0
1515908762.039,7189511.0
1515908765.390,7189510.6
1515908768.743,7189508.7
1515908772.095,7189511.1
1515908775.447,7189511.0
1515908778.799,7189509.8
1515908782.151,7189512.1
1515908785.503,7189510.2
1515908788.855,7189510.3
1515908792.208,7189511.2
1515908795.559,7189511.5
1515908798.912,7189511.6
1515908802.263,7189510.1
1515908805.616,7189512.1
1515908808.968,7189509.3
1515908812.320,7189514.5
1515908815.672,7189509.2
1515908819.024,7189508.8
1515908822.376,7189508.8
1515908825.729,7189509.9
1515908829.080,7189509.6
1515908832.433,7189510.6
1515908835.784,7189509.1
1515908839.137,7189509.1
1515908842.489,7189509.7
1515908845.841,7189510.1
1515908849.193,7189507.7
1515908852.546,7189513.4
1515908855.897,7189509.4
1515908859.250,7189511.1
1515908862.601,7189511.2
1515908865.954,7189510.5
1515908869.306,7189511.0
1515908872.657,7189511.3
1515908876.010,7189511.8
1515908879.362,7189511.5
1515908882.714,7189511.5
1515908886.066,7189510.8
1515908889.419,7189510.6
1515908892.770,7189511.0
1515908896.122,7189511.3
1515908899.474,7189511.6
1515908902.827,7189511.0
1515908906.179,7189510.5
1515908909.530,7189511.2
1515908912.883,7189511.6
1515908916.235,7189512.5
1515908919.587,7189510.5
1515908922.939,7189510.1
1515908926.291,7189509.9
1515908929.643,7189510.3
1515908932.995,7189511.5
1515908936.347,7189509.8
1515908939.700,7189510.5
1515908943.051,7189509.1
1515908946.404,7189508.9
1515908949.756,7189509.3
1515908953.108,7189509.3
1515908956.460,7189507.5
1515908959.812,7189509.1
1515908963.164,7189508.5
1515908966.516,7189508.7
1515908969.869,7189508.9
1515908973.220,7189509.9
1515908976.573,7189508.9
1515908979.924,7189509.8
1515908983.277,7189508.2
1515908986.629,7189508.9
1515908989.981,7189509.4
1515908993.333,7189510.5
1515908996.685,7189509.3
1515909000.037,7189509.2
1515909003.390,7189508.0
1515909006.741,7189509.3
1515909010.093,7189509.9
1515909013.446,7189509.9
1515909016.797,7189510.7
1515909020.150,7189511.3
1515909023.502,7189510.8
1515909026.854,7189511.0
1515909030.206,7189511.1
1515909033.559,7189512.4
1515909036.910,7189512.4
1515909040.263,7189512.6
1515909043.614,7189512.7
1515909046.966,7189513.4
1515909050.319,7189512.9
1515909053.671,7189512.1
1515909057.022,7189513.4
1515909060.375,7189511.6
1515909063.727,7189511.3
1515909067.079,7189510.8
1515909070.431,7189512.1
1515909073.783,7189513.4
1515909077.135,7189511.6
1515909080.488,7189513.1
1515909083.839,7189512.4
1515909087.192,7189512.6
1515909090.543,7189512.2
1515909093.896,7189510.8
1515909097.248,7189511.6
1515909100.600,7189511.7
1515909103.952,7189511.5
1515909107.304,7189511.3
1515909110.656,7189511.5
1515909114.008,7189512.0
1515909117.361,7189512.4
1515909120.712,7189511.2
1515909124.065,7189511.7
1515909127.416,7189511.0
1515909130.769,7189511.5
1515909134.121,7189510.5
1515909137.473,7189509.9
1515909140.825,7189509.7
1515909144.177,7189510.8
1515909147.529,7189510.3
1515909150.881,7189511.1
1515909154.234,7189509.1
1515909157.585,7189508.5
1515909160.938,7189509.6
1515909164.289,7189509.4
1515909167.642,7189508.9
1515909170.994,7189508.0
1515909174.346,7189508.9
1515909177.698,7189510.7
1515909181.050,7189508.8
1515909184.402,7189509.3
1515909187.755,7189507.7
1515909191.106,7189508.4
1515909194.459,7189509.6
1515909197.810,7189508.5
1515909201.163,7189509.9
1515909204.515,7189509.3
1515909207.867,7189508.5
1515909211.219,7189509.4
1515909214.572,7189483.7
1515909217.923,7189472.3
1515909221.275,7189471.4
1515909224.628,7189470.0
1515909227.979,7189473.2
1515909231.332,7189478.4
1515909234.683,7189474.6
1515909238.036,7189487.8
1515909241.388,7189475.8
1515909244.740,7189469.4
1515909248.092,7189464.8
1515909251.445,7189482.2
1515909254.796,7189491.2
1515909258.149,7189469.0
1515909261.500,7189466.7
1515909264.853,7189461.0
1515909268.204,7189462.0
1515909271.557,7189464.2
1515909274.909,7189467.9
1515909278.261,7189472.4
1515909281.613,7189475.5
1515909284.966,7189464.9
1515909288.317,7189471.4
1515909291.670,7189474.8
1515909295.021,7189473.8
1515909298.373,7189478.2
1515909301.726,7189476.9
1515909305.077,7189476.9
1515909308.430,7189484.7
1515909311.782,7189471.8
1515909315.134,7189471.1
1515909318.486,7189485.6
1515909321.839,7189489.9
1515909325.190,7189488.0
1515909328.543,7189487.4
1515909331.895,7189484.3
1515909335.246,7189494.6
1515909338.599,7189492.6
1515909341.951,7189485.0
1515909345.303,7189482.4
1515909348.655,7189499.9
1515909352.007,7189513.2
1515909355.360,7189509.3
1515909358.711,7189508.8
1515909362.064,7189508.7
1515909365.416,7189507.9
1515909368.767,7189507.8
1515909372.120,7189506.8
1515909375.471,7189508.7
1515909378.824,7189510.8
1515909382.177,7189508.3
1515909385.528,7189508.4
1515909388.880,7189510.6
1515909392.233,7189508.8
1515909395.584,7189508.2
1515909398.937,7189509.1
1515909402.289,7189510.2
1515909405.641,7189509.1
1515909408.993,7189510.6
1515909412.345,7189507.7
1515909415.697,7189509.1
1515909419.049,7189508.2
1515909422.401,7189509.4
1515909425.753,7189508.7
1515909429.106,7189508.9
1515909432.457,7189508.4
1515909435.810,7189508.2
1515909439.161,7189508.7
1515909442.514,7189508.5
1515909445.866,7189509.2
1515909449.218,7189507.8
1515909452.570,7189507.9
1515909455.923,7189508.2
1515909459.274,7189508.5
1515909462.627,7189508.9
1515909465.978,7189509.8
1515909469.331,7189508.2
1515909472.683,7189516.0
1515909476.035,7189514.3
1515909479.387,7189511.8
1515909482.739,7189512.5
1515909486.091,7189512.5
1515909489.443,7189510.7
1515909492.796,7189510.2
1515909496.147,7189509.4
1515909499.500,7189510.2
1515909502.851,7189509.9
1515909506.204,7189510.8
1515909509.556,7189510.6
1515909512.908,7189511.6
1515909516.260,7189509.2
1515909519.613,7189511.2
1515909522.964,7189515.9
1515909526.316,7189501.7
1515909529.669,7189489.9
1515909533.020,7189483.6
1515909536.373,7189492.4
1515909539.725,7189494.2
1515909543.076,7189486.1
1515909546.429,7189499.8
1515909549.781,7189525.0
1515909553.133,7189523.6
1515909556.485,7189531.8
1515909559.838,7189534.0
1515909563.189,7189525.7
1515909566.542,7189523.1
1515909569.894,7189523.5
1515909573.245,7189523.1
1515909576.598,7189522.4
1515909579.949,7189521.7
1515909583.302,7189528.2
1515909586.654,7189532.4
1515909590.006,7189533.5
1515909593.358,7189530.6
1515909596.710,7189530.7
1515909600.062,7189530.1
1515909603.415,7189529.1
1515909606.766,7189532.4
1515909610.119,7189531.6
1515909613.471,7189530.6
1515909616.822,7189531.1
1515909620.175,7189532.8
1515909623.527,7189532.8
1515909626.879,7189532.3
1515909630.231,7189533.4
1515909633.584,7189533.1
1515909636.935,7189532.0
1515909640.287,7189532.0
1515909643.640,7189532.4
1515909646.991,7189532.3
1515909650.344,7189533.0
1515909653.696,7189533.0
1515909657.048,7189533.0
1515909660.400,7189532.4
1515909663.752,7189532.1
1515909667.104,7189534.0
1515909670.457,7189532.6
1515909673.808,7189532.5
1515909677.161,7189532.6
1515909680.512,7189532.4
1515909683.867,7189532.4
1515909687.217,7189532.5
1515909690.569,7189532.8
1515909693.921,7189533.4
1515909697.273,7189533.5
1515909700.625,7189526.0
1515909703.977,7189517.8
1515909707.330,7189511.6
1515909710.682,7189512.2
1515909714.033,7189513.4
1515909717.386,7189514.8
1515909720.737,7189513.2
1515909724.090,7189513.2
1515909727.442,7189513.5
1515909730.794,7189511.6
1515909734.146,7189511.8
1515909737.498,7189512.9
1515909740.850,7189511.8
1515909744.203,7189504.6
1515909747.554,7189503.6
1515909750.907,7189511.8
1515909754.259,7189511.8
1515909757.611,7189511.1
1515909760.962,7189510.2
1515909764.315,7189521.7
1515909767.667,7189524.3
1515909771.019,7189530.9
1515909774.371,7189529.7
1515909777.723,7189530.2
1515909781.075,7189529.1
1515909784.427,7189528.6
1515909787.780,7189530.2
1515909791.132,7189529.6
1515909794.484,7189531.2
1515909797.836,7189530.4
1515909801.188,7189532.0
1515909804.540,7189528.8
1515909807.892,7189532.0
1515909811.244,7189530.9
1515909814.596,7189530.9
1515909817.949,7189531.1
1515909821.300,7189530.7
1515909824.653,7189529.1
1515909828.005,7189530.0
1515909831.357,7189530.7
1515909834.709,7189529.7
1515909838.061,7189530.1
1515909841.413,7189531.2
1515909844.765,7189530.1
1515909848.117,7189530.5
1515909851.469,7189528.7
1515909854.822,7189529.1
1515909858.173,7189531.1
1515909861.526,7189529.3
1515909864.877,7189530.4
1515909868.230,7189530.5
1515909871.582,7189531.5
1515909874.934,7189530.0
1515909878.286,7189531.4
1515909881.639,7189530.5
1515909884.990,7189532.0
1515909888.342,7189531.1
1515909891.695,7189531.5
1515909895.046,7189531.9
1515909898.399,7189531.6
1515909901.751,7189529.5
1515909905.103,7189530.6
1515909908.455,7189529.3
1515909911.807,7189530.6
1515909915.159,7189528.6
1515909918.512,7189532.3
1515909921.863,7189531.5
1515909925.215,7189530.0
1515909928.568,7189531.9
1515909931.919,7189531.6
1515909935.272,7189530.1
1515909938.623,7189529.6
1515909941.976,7189529.1
1515909945.328,7189530.5
1515909948.680,7189531.4
1515909952.032,7189531.6
1515909955.385,7189530.4
1515909958.736,7189531.5
1515909962.088,7189530.7
1515909965.441,7189530.5
1515909968.792,7189531.0
1515909972.145,7189529.3
1515909975.497,7189528.7
1515909978.849,7189528.7
1515909982.201,7189529.7
1515909985.553,7189531.5
1515909988.905,7189531.9
1515909992.257,7189532.5
1515909995.609,7189530.9
1515909998.962,7189532.1
1515910002.313,7189531.8
1515910005.666,7189532.4
1515910009.018,7189531.8
1515910012.370,7189531.9
1515910015.722,7189529.0
1515910019.074,7189529.2
1515910022.426,7189530.1
1515910025.778,7189529.0
1515910029.130,7189528.6
1515910032.483,7189529.7
1515910035.835,7189528.2
1515910039.186,7189529.2
1515910042.539,7189530.7
1515910045.891,7189531.4
1515910049.243,7189529.7
1515910052.595,7189531.6
1515910055.947,7189530.1
1515910059.299,7189530.1
1515910062.651,7189530.1
1515910066.004,7189527.7
1515910069.356,7189527.8
1515910072.707,7189527.8
1515910076.060,7189530.0
1515910079.412,7189529.5
1515910082.764,7189530.7
1515910086.116,7189530.7
1515910089.468,7189530.7
1515910092.820,7189531.5
1515910096.173,7189530.6
1515910099.524,7189529.3
1515910102.877,7189530.5
1515910106.229,7189529.5
1515910109.581,7189526.7
1515910112.933,7189526.7
1515910116.285,7189529.5
1515910119.637,7189531.2
1515910122.989,7189531.1
1515910126.341,7189531.0
1515910129.693,7189532.9
1515910133.046,7189533.8
1515910136.397,7189532.4
1515910139.750,7189531.5
1515910143.101,7189531.5
1515910146.454,7189531.6
1515910149.806,7189530.9
1515910153.159,7189529.2
1515910156.510,7189530.9
1515910159.863,7189520.0
1515910163.214,7189511.5
1515910166.567,7189503.1
1515910169.919,7189506.1
1515910173.270,7189526.0
1515910176.623,7189529.8
1515910179.975,7189529.7
1515910183.327,7189528.7
1515910186.679,7189529.7
1515910190.032,7189528.2
1515910193.383,7189529.6
1515910196.735,7189531.2
1515910200.088,7189529.8
1515910203.439,7189531.6
1515910206.792,7189533.4
1515910210.144,7189533.1
1515910213.496,7189532.3
1515910216.848,7189530.2
1515910220.200,7189529.6
1515910223.552,7189531.8
1515910226.904,7189529.0
1515910230.256,7189530.9
1515910233.609,7189532.4
1515910236.960,7189528.5
1515910240.313,7189526.7
1515910243.664,7189529.1
1515910247.017,7189529.7
1515910250.369,7189528.7
1515910253.721,7189528.2
1515910257.074,7189527.8
1515910260.426,7189525.2
1515910263.777,7189528.1
1515910267.129,7189527.4
1515910270.482,7189527.8
1515910273.833,7189527.9
1515910277.186,7189527.4
1515910280.538,7189526.8
1515910283.890,7189529.7
1515910287.242,7189528.6
1515910290.595,7189528.6
1515910293.946,7189528.2
1515910297.299,7189529.0
1515910300.651,7189526.6
1515910304.002,7189527.8
1515910307.355,7189527.4
1515910310.707,7189528.3
1515910314.059,7189527.2
1515910317.411,7189528.2
1515910320.764,7189527.1
1515910324.115,7189526.8
1515910327.468,7189527.8
1515910330.819,7189527.6
1515910334.172,7189527.3
1515910337.524,7189526.4
1515910340.876,7189528.3
1515910344.228,7189527.2
1515910347.580,7189527.2
1515910350.932,7189528.1
1515910354.284,7189527.2
1515910357.636,7189527.4
1515910360.989,7189526.0
1515910364.340,7189527.2
1515910367.693,7189527.6
1515910371.045,7189525.3
1515910374.397,7189524.9
1515910377.749,7189523.9
1515910381.101,7189524.8
1515910384.454,7189525.0
1515910387.805,7189517.2
1515910391.158,7189496.4
1515910394.509,7189499.3
1515910397.862,7189508.3
1515910401.214,7189506.5
1515910404.566,7189504.6
1515910407.918,7189505.6
1515910411.270,7189504.6
1515910414.622,7189503.2
1515910417.975,7189503.4
1515910421.326,7189505.1
1515910424.679,7189505.1
1515910428.031,7189503.5
1515910431.383,7189505.0
1515910434.735,7189504.1
1515910438.087,7189505.0
1515910441.439,7189502.8
1515910444.791,7189502.8
1515910448.143,7189503.4
1515910451.495,7189505.0
1515910454.847,7189504.6
1515910458.199,7189503.0
1515910461.552,7189503.9
1515910464.903,7189506.0
1515910468.256,7189504.2
1515910471.608,7189502.6
1515910474.960,7189502.1
1515910478.312,7189502.8
1515910481.665,7189503.4
1515910485.016,7189500.7
1515910488.368,7189501.6
1515910491.721,7189502.2
1515910495.072,7189501.5
1515910498.425,7189503.2
1515910501.777,7189504.2
1515910505.129,7189504.1
1515910508.481,7189504.4
1515910511.833,7189504.5
1515910515.185,7189505.0
1515910518.537,7189505.6
1515910521.889,7189505.0
1515910525.241,7189504.5
1515910528.593,7189506.4
1515910531.946,7189504.6
1515910535.297,7189503.6
1515910538.650,7189503.0
1515910542.002,7189504.6
1515910545.354,7189505.5
1515910548.706,7189505.8
1515910552.058,7189505.3
1515910555.410,7189504.0
1515910558.763,7189503.4
1515910562.114,7189502.2
1515910565.467,7189503.1
1515910568.818,7189503.1
1515910572.171,7189502.3
1515910575.523,7189504.4
1515910578.875,7189503.6
1515910582.227,7189502.6
1515910585.580,7189503.1
1515910588.931,7189502.5
1515910592.283,7189502.8
1515910595.635,7189504.7
1515910598.987,7189504.0
1515910602.340,7189501.6
1515910605.691,7189505.3
1515910609.044,7189506.5
1515910612.396,7189497.4
1515910615.748,7189467.9
1515910619.100,7189468.2
1515910622.452,7189469.6
1515910625.804,7189500.8
1515910629.157,7189521.7
1515910632.508,7189526.2
1515910635.861,7189528.5
1515910639.213,7189528.6
1515910642.564,7189528.7
1515910645.917,7189529.5
1515910649.269,7189527.4
1515910652.621,7189526.0
1515910655.973,7189525.3
1515910659.325,7189525.0
1515910662.677,7189525.2
1515910666.030,7189525.5
1515910669.382,7189525.0
1515910672.734,7189523.8
1515910676.086,7189525.2
1515910679.438,7189524.1
1515910682.790,7189524.3
1515910686.142,7189525.8
1515910689.494,7189524.7
1515910692.847,7189526.7
1515910696.198,7189529.1
1515910699.550,7189523.6
1515910702.903,7189520.7
1515910706.255,7189527.4
1515910709.607,7189529.1
1515910712.959,7189528.1
1515910716.312,7189527.9
1515910719.663,7189529.3
1515910723.015,7189528.2
1515910726.368,7189527.6
1515910729.719,7189528.1
1515910733.072,7189527.7
1515910736.423,7189528.2
1515910739.776,7189526.9
1515910743.128,7189527.8
1515910746.480,7189528.5
1515910749.833,7189526.6
1515910753.184,7189525.7
1515910756.537,7189525.2
1515910759.888,7189525.5
1515910763.241,7189524.9
1515910766.592,7189526.2
1515910769.945,7189525.8
1515910773.297,7189526.7
1515910776.649,7189527.2
1515910780.001,7189528.1
1515910783.354,7189526.8
1515910786.705,7189526.8
1515910790.058,7189527.8
1515910793.409,7189526.6
1515910796.762,7189526.4
1515910800.114,7189522.5
1515910803.466,7189527.2
1515910806.818,7189528.1
1515910810.171,7189527.8
1515910813.522,7189528.7
1515910816.875,7189527.7
1515910820.227,7189528.3
1515910823.578,7189527.6
1515910826.931,7189527.8
1515910830.282,7189528.1
1515910833.635,7189528.8
1515910836.987,7189527.2
1515910840.340,7189524.9
1515910843.691,7189493.1
1515910847.044,7189470.4
1515910850.395,7189473.4
1515910853.747,7189474.4
1515910857.100,7189474.4
1515910860.451,7189484.3
1515910863.804,7189528.8
1515910867.156,7189534.0
1515910870.508,7189532.5
1515910873.860,7189532.8
1515910877.213,7189533.4
1515910880.564,7189532.9
1515910883.917,7189533.1
1515910887.268,7189531.6
1515910890.621,7189532.3
1515910893.973,7189532.4
1515910897.325,7189533.3
1515910900.677,7189533.0
1515910904.029,7189532.9
1515910907.381,7189532.8
1515910910.733,7189532.0
1515910914.085,7189532.0
1515910917.437,7189527.4
1515910920.789,7189523.6
1515910924.142,7189524.8
1515910927.494,7189523.9
1515910930.845,7189523.6
1515910934.198,7189523.1
1515910937.550,7189523.3
1515910940.901,7189521.6
1515910944.254,7189521.9
1515910947.606,7189521.2
1515910950.959,7189522.0
1515910954.310,7189522.4
1515910957.663,7189522.0
1515910961.014,7189521.5
1515910964.367,7189522.9
1515910967.719,7189521.7
1515910971.071,7189528.7
1515910974.423,7189505.1
1515910977.775,7189480.5
1515910981.127,7189480.4
1515910984.479,7189479.3
1515910987.831,7189482.1
1515910991.184,7189484.3
1515910994.535,7189478.5
1515910997.888,7189481.2
1515911001.240,7189481.8
1515911004.592,7189477.1
1515911007.944,7189507.2
1515911011.296,7189514.1
1515911014.648,7189475.8
1515911018.000,7189475.5
1515911021.352,7189476.6
1515911024.705,7189478.4
1515911028.057,7189479.6
1515911031.408,7189480.4
1515911034.761,7189478.9
1515911038.112,7189478.2
1515911041.465,7189481.2
1515911044.817,7189476.7
1515911048.169,7189479.5
1515911051.521,7189480.9
1515911054.873,7189490.2
1515911058.225,7189506.0
1515911061.578,7189493.6
1515911064.929,7189480.8
1515911068.282,7189477.4
1515911071.634,7189479.0
1515911074.986,7189478.8
1515911078.338,7189479.3
1515911081.690,7189478.8
1515911085.042,7189478.0
1515911088.394,7189483.4
1515911091.747,7189488.1
1515911095.099,7189487.3
1515911098.451,7189487.8
1515911101.803,7189492.4
1515911105.154,7189497.9
1515911108.507,7189502.1
1515911111.859,7189505.3
1515911115.211,7189507.2
1515911118.563,7189505.3
1515911121.915,7189503.4
1515911125.268,7189505.4
1515911128.620,7189505.0
1515911131.972,7189506.6
1515911135.324,7189506.5
1515911138.676,7189507.0
1515911142.028,7189506.4
1515911145.381,7189504.4
1515911148.732,7189502.1
1515911152.085,7189499.8
1515911155.436,7189501.5
1515911158.789,7189501.6
1515911162.141,7189500.1
1515911165.492,7189498.9
1515911168.845,7189497.3
1515911172.197,7189498.3
1515911175.549,7189500.6
1515911178.901,7189499.5
1515911182.253,7189499.3
1515911185.605,7189500.6
1515911188.957,7189500.2
1515911192.309,7189503.7
1515911195.662,7189506.1
1515911199.013,7189506.4
1515911202.366,7189502.7
1515911205.718,7189502.0
1515911209.069,7189490.0
1515911212.422,7189490.2
1515911215.774,7189491.1
1515911219.126,7189495.7
1515911222.478,7189496.9
1515911225.830,7189522.7
1515911229.182,7189527.3
1515911232.535,7189532.3
1515911235.886,7189532.8
1515911239.239,7189533.5
1515911242.591,7189531.8
1515911245.943,7189534.2
1515911249.295,7189533.4
1515911252.647,7189535.0
1515911255.999,7189534.7
1515911259.351,7189534.8
1515911262.704,7189534.0
1515911266.055,7189534.8
1515911269.407,7189534.9
1515911272.760,7189535.8
1515911276.111,7189535.2
1515911279.464,7189534.3
1515911282.816,7189533.7
1515911286.168,7189534.0
1515911289.520,7189534.3
1515911292.872,7189534.7
1515911296.224,7189533.0
1515911299.577,7189535.8
1515911302.928,7189535.0
1515911306.281,7189535.3
1515911309.633,7189534.5
1515911312.984,7189533.8
1515911316.337,7189535.2
1515911319.689,7189533.8
1515911323.041,7189534.8
1515911326.393,7189533.1
1515911329.745,7189533.9
1515911333.097,7189531.1
1515911336.450,7189531.0
1515911339.802,7189519.8
1515911343.153,7189519.8
1515911346.506,7189520.1
1515911349.858,7189518.4
1515911353.210,7189517.3
1515911356.562,7189518.3
1515911359.915,7189518.3
1515911363.266,7189517.9
1515911366.618,7189516.8
1515911369.971,7189516.2
1515911373.322,7189518.7
1515911376.675,7189516.7
1515911380.027,7189519.1
1515911383.378,7189518.2
1515911386.731,7189522.2
1515911390.083,7189522.7
1515911393.435,7189521.6
1515911396.787,7189522.1
1515911400.139,7189518.1
1515911403.491,7189515.6
1515911406.844,7189517.4
1515911410.196,7189523.8
1515911413.547,7189523.6
1515911416.900,7189516.7
1515911420.252,7189521.6
1515911423.604,7189521.6
1515911426.956,7189515.9
1515911430.309,7189516.7
1515911433.660,7189515.6
1515911437.012,7189516.2
1515911440.365,7189518.3
1515911443.716,7189515.6
1515911447.069,7189516.4
1515911450.421,7189517.3
1515911453.773,7189516.3
1515911457.125,7189518.7
1515911460.477,7189517.9
1515911463.829,7189518.4
1515911467.181,7189519.8
1515911470.533,7189521.4
1515911473.885,7189525.2
1515911477.238,7189525.2
1515911480.589,7189525.0
1515911483.942,7189525.2
1515911487.293,7189526.0
1515911490.646,7189525.0
1515911493.998,7189525.8
1515911497.350,7189526.6
1515911500.702,7189525.3
1515911504.054,7189525.2
1515911507.406,7189524.5
1515911510.758,7189525.0
1515911514.111,7189524.7
1515911517.463,7189517.8
1515911520.815,7189517.0
1515911524.167,7189517.2
1515911527.519,7189517.0
1515911530.871,7189517.4
1515911534.223,7189517.3
1515911537.575,7189521.7
1515911540.928,7189522.2
1515911544.279,7189519.3
1515911547.632,7189515.5
1515911550.984,7189515.6
1515911554.336,7189514.6
1515911557.688,7189513.9
1515911561.040,7189515.0
1515911564.392,7189514.8
1515911567.744,7189513.6
1515911571.096,7189520.0
1515911574.448,7189523.9
1515911577.801,7189521.6
1515911581.152,7189515.1
1515911584.505,7189515.6
1515911587.857,7189515.3
1515911591.209,7189514.4
1515911594.561,7189514.8
1515911597.913,7189519.6
1515911601.265,7189522.1
1515911604.617,7189516.8
1515911607.969,7189516.4
1515911611.322,7189517.8
1515911614.673,7189517.0
1515911618.026,7189521.4
1515911621.378,7189524.0
1515911624.729,7189523.8
1515911628.082,7189523.6
1515911631.433,7189523.9
1515911634.786,7189525.4
1515911638.138,7189519.2
1515911641.490,7189508.7
1515911644.842,7189509.4
1515911648.195,7189511.1
1515911651.546,7189510.8
1515911654.899,7189512.7
1515911658.250,7189516.9
1515911661.603,7189516.9
1515911664.955,7189517.2
1515911668.307,7189515.8
1515911671.659,7189515.1
1515911675.011,7189515.6
1515911678.363,7189515.9
1515911681.716,7189515.0
1515911685.067,7189514.5
