timestamp,temp_c,humidity
1512954859.184,22.3986,57.5986
1512954860.181,22.3986,57.6063
1512954861.180,22.3772,57.5757
1512954862.180,22.3879,57.5910
1512954863.183,22.3879,57.5910
1512954864.179,22.3772,57.6292
1512954865.182,22.3986,57.6292
1512954866.182,22.3772,57.6215
1512954867.182,22.3879,57.6215
1512954868.181,22.4093,57.6520
1512954869.181,22.3986,57.6444
1512954870.180,22.3986,57.6826
1512954871.180,22.3986,57.6978
1512954872.179,22.3986,57.6902
1512954873.179,22.3986,57.7054
1512954874.178,22.3772,57.7131
1512954875.178,22.3986,57.7131
1512954876.181,22.4093,57.7054
1512954877.181,22.3986,57.6902
1512954878.180,22.3879,57.6978
1512954879.180,22.3986,57.7283
1512954880.179,22.3986,57.6978
1512954881.179,22.3986,57.7054
1512954882.178,22.3879,57.7054
1512954883.178,22.3986,57.7054
1512954884.177,22.3772,57.6826
1512954885.177,22.3986,57.7054
1512954886.176,22.3879,57.6520
1512954887.176,22.3879,57.6826
1512954888.179,22.3986,57.6902
1512954889.179,22.3879,57.6749
1512954890.178,22.3986,57.6902
1512954891.178,22.3879,57.6673
1512954892.178,22.3879,57.6597
1512954893.177,22.3879,57.6673
1512954894.177,22.3772,57.6673
1512954895.176,22.3879,57.6673
1512954896.176,22.3665,57.6826
1512954897.175,22.3986,57.6826
1512954898.175,22.3986,57.6597
1512954899.174,22.3879,57.6444
1512954900.178,22.3772,57.6520
1512954901.177,22.3665,57.6673
1512954902.177,22.3665,57.6520
1512954903.176,22.3772,57.6597
1512954904.176,22.3558,57.6444
1512954905.175,22.3772,57.6368
1512954906.175,22.3558,57.6368
1512954907.174,22.3772,57.6444
1512954908.174,22.3772,57.6368
1512954909.173,22.3558,57.6215
1512954910.173,22.3558,57.6292
1512954911.173,22.3558,57.6292
1512954912.172,22.3558,57.6139
1512954913.175,22.3986,57.5986
1512954914.175,22.3665,57.6215
1512954915.174,22.3558,57.6215
1512954916.174,22.3344,57.6215
1512954917.173,22.3879,57.6139
1512954918.173,22.3558,57.6215
1512954919.173,22.3772,57.6063
1512954920.172,22.3451,57.6215
1512954921.172,22.3558,57.6368
1512954922.171,22.3558,57.6139
1512954923.171,22.3558,57.6292
1512954924.170,22.3558,57.6444
1512954925.174,22.3558,57.6444
1512954926.173,22.3558,57.6520
1512954927.173,22.3665,57.6520
1512954928.172,22.3451,57.6673
1512954929.172,22.3344,57.6673
1512954930.171,22.3665,57.6749
1512954931.171,22.3558,57.6749
1512954932.170,22.3451,57.6749
1512954933.170,22.3558,57.6826
1512954934.169,22.3451,57.7131
1512954935.169,22.3558,57.7054
1512954936.172,22.3558,57.7207
1512954937.168,22.3237,57.7131
1512954938.171,22.3451,57.7054
1512954939.171,22.3558,57.6978
1512954940.171,22.3451,57.7054
1512954941.170,22.3451,57.7283
1512954942.170,22.3558,57.7207
1512954943.169,22.3344,57.7283
1512954944.169,22.3558,57.7207
1512954945.168,22.3558,57.7283
1512954946.168,22.3237,57.7360
1512954947.167,22.3451,57.7360
1512954948.171,22.3344,57.7436
1512954949.170,22.3451,57.7360
1512954950.170,22.3451,57.7589
1512954951.169,22.3344,57.7436
1512954952.169,22.3344,57.7436
1512954953.168,22.3451,57.7283
1512954954.168,22.3237,57.7665
1512954955.167,22.3344,57.7360
1512954956.167,22.3237,57.7360
1512954957.166,22.3344,57.7512
1512954958.166,22.3451,57.7589
1512954959.165,22.3344,57.7589
1512954960.165,22.3130,57.7436
1512954961.168,22.3130,57.7436
1512954962.164,22.3237,57.7665
1512954963.167,22.3130,57.7512
1512954964.167,22.3023,57.7512
1512954965.166,22.3023,57.7741
1512954966.166,22.3130,57.7589
1512954967.165,22.3130,57.7512
1512954968.165,22.3023,57.7436
1512954969.165,22.3237,57.7589
1512954970.164,22.3023,57.7589
1512954971.164,22.3344,57.7589
1512954972.163,22.3237,57.7665
1512954973.167,22.2916,57.7436
1512954974.166,22.3237,57.7589
1512954975.166,22.3130,57.7589
1512954976.165,22.3237,57.7589
1512954977.165,22.3237,57.7512
1512954978.164,22.3130,57.7741
1512954979.164,22.3130,57.7589
1512954980.164,22.3023,57.7741
1512954981.163,22.3023,57.7741
1512954982.162,22.3023,57.7817
1512954983.162,22.2916,57.7741
1512954984.161,22.3023,57.7817
1512954985.161,22.3023,57.7741
1512954986.164,22.3237,57.7817
1512954987.164,22.3237,57.7894
1512954988.163,22.3023,57.7817
1512954989.163,22.2916,57.7970
1512954990.162,22.3023,57.8046
1512954991.162,22.3023,57.8046
1512954992.161,22.3023,57.8199
1512954993.161,22.3237,57.8123
1512954994.161,22.3237,57.8275
1512954995.160,22.3023,57.8580
1512954996.164,22.3023,57.8885
1512954997.159,22.3130,57.8885
1512954998.163,22.3237,57.9191
1512954999.162,22.3344,57.9267
1512955000.162,22.3023,57.9496
1512955001.161,22.3023,57.9648
1512955002.161,22.3130,57.9877
1512955003.160,22.3344,57.9877
1512955004.160,22.3237,57.9877
1512955005.159,22.3130,57.9954
1512955006.159,22.3130,58.0030
1512955007.158,22.3344,58.0411
1512955008.158,22.3237,58.0564
1512955009.157,22.3344,58.0793
1512955010.157,22.3237,58.0717
1512955011.160,22.3344,58.0945
1512955012.160,22.3023,58.0869
1512955013.159,22.3237,58.0945
1512955014.159,22.3237,58.1174
1512955015.158,22.3344,58.0945
1512955016.158,22.3023,58.0945
1512955017.158,22.3237,58.0945
1512955018.157,22.3130,58.0869
1512955019.156,22.3130,58.0945
1512955020.156,22.3451,58.0869
1512955021.160,22.3344,58.0640
1512955022.155,22.3237,58.0793
1512955023.159,22.3237,58.0564
1512955024.158,22.3237,58.0564
1512955025.158,22.3130,58.0488
1512955026.157,22.3344,58.0488
1512955027.157,22.3344,58.0259
1512955028.156,22.3237,58.0182
1512955029.156,22.3237,58.0182
1512955030.155,22.3237,58.0411
1512955031.155,22.3130,58.0259
1512955032.154,22.3237,58.0335
1512955033.154,22.3237,58.0793
1512955034.157,22.3130,58.0793
1512955035.153,22.3344,58.0945
1512955036.156,22.3130,58.1022
1512955037.156,22.3344,58.1098
1512955038.155,22.3344,58.1098
1512955039.156,22.3237,58.1403
1512955040.154,22.3237,58.1098
1512955041.154,22.3558,58.1251
1512955042.153,22.3237,58.1098
1512955043.153,22.3237,58.1098
1512955044.153,22.3451,58.1098
1512955045.152,22.3344,58.1022
1512955046.156,22.3237,58.0945
1512955047.155,22.3023,58.0793
1512955048.155,22.3344,58.0793
1512955049.154,22.3558,58.0869
1512955050.154,22.3237,58.0564
1512955051.153,22.3344,58.0488
1512955052.153,22.3344,58.0488
1512955053.152,22.3023,58.0259
1512955054.152,22.3344,58.0488
1512955055.151,22.3237,58.0488
1512955056.151,22.3237,58.0640
1512955057.150,22.3344,58.0793
1512955058.150,22.3451,58.0793
1512955059.153,22.3237,58.0717
1512955060.153,22.3237,58.1098
1512955061.152,22.3344,58.1327
1512955062.152,22.3237,58.1479
1512955063.151,22.3451,58.1632
1512955064.151,22.3237,58.1708
1512955065.150,22.3237,58.1861
1512955066.150,22.3237,58.1861
1512955067.149,22.3237,58.1861
1512955068.149,22.3237,58.1937
1512955069.149,22.3237,58.1861
1512955070.148,22.3130,58.1785
1512955071.151,22.3344,58.1785
1512955072.151,22.3451,58.1556
1512955073.151,22.3237,58.1708
1512955074.150,22.3558,58.1556
1512955075.150,22.3451,58.1403
1512955076.149,22.3237,58.1479
1512955077.149,22.3451,58.1327
1512955078.148,22.3558,58.1174
1512955079.148,22.3558,58.1251
1512955080.147,22.3451,58.1022
1512955081.147,22.3344,58.1098
1512955082.146,22.3344,58.1098
1512955083.146,22.3451,58.0793
1512955084.149,22.3344,58.0869
1512955085.149,22.3130,58.0945
1512955086.151,22.3237,58.0564
1512955087.148,22.3344,58.0411
1512955088.147,22.3237,58.0564
1512955089.147,22.3237,58.0411
1512955090.146,22.3344,58.0411
1512955091.146,22.3344,58.0411
1512955092.145,22.3237,58.0259
1512955093.145,22.3237,58.0182
1512955094.148,22.3237,58.0106
1512955095.144,22.3023,57.9954
1512955096.148,22.3344,57.9877
1512955097.147,22.3130,57.9877
1512955098.147,22.3237,57.9725
1512955099.146,22.3237,57.9725
1512955100.146,22.3237,57.9572
1512955101.145,22.3237,57.9420
1512955102.145,22.3237,57.9496
1512955103.144,22.3237,57.9191
1512955104.144,22.3237,57.9343
1512955105.143,22.2916,57.9191
1512955106.143,22.3237,57.9191
1512955107.146,22.3130,57.9191
1512955108.146,22.3237,57.8885
1512955109.145,22.2916,57.9038
1512955110.145,22.3344,57.9114
1512955111.144,22.3237,57.8962
1512955112.144,22.3130,57.8809
1512955113.143,22.3023,57.8962
1512955114.143,22.3344,57.8885
1512955115.142,22.3023,57.8962
1512955116.142,22.3023,57.9114
1512955117.141,22.3023,57.8657
1512955118.141,22.3130,57.8809
1512955119.144,22.3130,57.8733
1512955120.140,22.3023,57.8885
1512955121.144,22.3023,57.8733
1512955122.143,22.3130,57.8733
1512955123.143,22.3130,57.8580
1512955124.142,22.3023,57.8351
1512955125.142,22.3130,57.8657
1512955126.141,22.3023,57.8580
1512955127.141,22.2916,57.8657
1512955128.140,22.2916,57.8504
1512955129.140,22.3023,57.8351
1512955130.139,22.2916,57.8504
1512955131.139,22.2916,57.8428
1512955132.142,22.3130,57.8351
1512955133.142,22.3023,57.8351
1512955134.141,22.2809,57.8199
1512955135.141,22.2916,57.8351
1512955136.140,22.2916,57.8580
1512955137.140,22.2916,57.8504
1512955138.139,22.2916,57.8504
1512955139.139,22.2916,57.8428
1512955140.138,22.2916,57.8504
1512955141.138,22.2916,57.8351
1512955142.137,22.2916,57.8428
1512955143.137,22.2809,57.8428
1512955144.140,22.2916,57.8428
1512955145.140,22.2916,57.8428
1512955146.140,22.3023,57.8428
1512955147.139,22.2916,57.8504
1512955148.139,22.2916,57.8580
1512955149.138,22.2809,57.8580
1512955150.138,22.2809,57.8428
1512955151.137,22.2809,57.8580
1512955152.137,22.2916,57.8504
1512955153.136,22.2809,57.8504
1512955154.136,22.2702,57.8657
1512955155.135,22.2916,57.8580
1512955156.139,22.2488,57.8504
1512955157.138,22.2809,57.8428
1512955158.138,22.2702,57.8580
1512955159.137,22.2702,57.8580
1512955160.137,22.2702,57.8504
1512955161.136,22.2702,57.8580
1512955162.136,22.2702,57.8733
1512955163.135,22.2702,57.8580
1512955164.135,22.2702,57.8351
1512955165.134,22.2702,57.8580
1512955166.134,22.2702,57.8657
1512955167.133,22.2702,57.8428
1512955168.133,22.2702,57.8580
1512955169.136,22.2595,57.8657
1512955170.136,22.2702,57.8580
1512955171.136,22.2702,57.8580
1512955172.135,22.2702,57.8733
1512955173.134,22.2702,57.8580
1512955174.134,22.2702,57.8733
1512955175.134,22.2702,57.8733
1512955176.133,22.2595,57.8657
1512955177.133,22.2809,57.8580
1512955178.132,22.2702,57.8733
1512955179.132,22.2595,57.8733
1512955180.131,22.2702,57.8657
1512955181.135,22.2702,57.8733
1512955182.134,22.2809,57.8885
1512955183.134,22.2488,57.8733
1512955184.133,22.2916,57.8733
1512955185.133,22.2702,57.8962
1512955186.132,22.2595,57.8809
1512955187.132,22.2702,57.8809
1512955188.131,22.2595,57.8885
1512955189.131,22.2702,57.8962
1512955190.130,22.2809,57.8733
1512955191.130,22.2595,57.8885
1512955192.133,22.2595,57.9114
1512955193.129,22.2702,57.8809
1512955194.132,22.2595,57.9114
1512955195.132,22.2809,57.8962
1512955196.131,22.2702,57.8885
1512955197.131,22.2702,57.8885
1512955198.130,22.2595,57.9114
1512955199.130,22.2702,57.9038
1512955200.130,22.2702,57.9114
1512955201.129,22.2702,57.9114
1512955202.129,22.2702,57.9191
1512955203.128,22.2702,57.8962
1512955204.132,22.2809,57.9114
1512955205.131,22.2702,57.9038
1512955206.131,22.2595,57.9114
1512955207.130,22.2595,57.8962
1512955208.130,22.2488,57.9038
1512955209.129,22.2488,57.9038
1512955210.129,22.2595,57.9114
1512955211.128,22.2488,57.8962
1512955212.128,22.2595,57.8885
1512955213.127,22.2595,57.8885
1512955214.127,22.2488,57.9038
1512955215.126,22.2595,57.8885
1512955216.126,22.2488,57.8885
1512955217.129,22.2381,57.8962
1512955218.125,22.2595,57.9038
1512955219.128,22.2702,57.8885
1512955220.128,22.2488,57.8962
1512955221.127,22.2381,57.8733
1512955222.127,22.2488,57.8885
1512955223.126,22.2595,57.8885
1512955224.126,22.2381,57.8885
1512955225.126,22.2595,57.8885
1512955226.125,22.2488,57.8733
1512955227.125,22.2702,57.8885
1512955228.124,22.2381,57.8580
1512955229.128,22.2488,57.9114
1512955230.127,22.2381,57.8885
1512955231.127,22.2381,57.9114
1512955232.126,22.2381,57.8885
1512955233.126,22.2488,57.9114
1512955234.125,22.2381,57.8962
1512955235.125,22.2274,57.8962
1512955236.124,22.2274,57.8962
1512955237.124,22.2381,57.9038
1512955238.123,22.2381,57.9114
1512955239.123,22.2274,57.9038
1512955240.122,22.2381,57.9267
1512955241.122,22.2381,57.9114
1512955242.125,22.2381,57.8962
1512955243.125,22.2381,57.9191
1512955244.124,22.2274,57.9114
1512955245.124,22.2274,57.9191
1512955246.123,22.2488,57.9267
1512955247.123,22.2488,57.9114
1512955248.123,22.2274,57.9267
1512955249.122,22.2274,57.9267
1512955250.121,22.2167,57.9267
1512955251.121,22.2274,57.9191
1512955252.121,22.2488,57.9420
1512955253.120,22.2595,57.9191
1512955254.124,22.2595,57.9343
1512955255.123,22.2274,57.9496
1512955256.123,22.2381,57.9420
1512955257.122,22.2381,57.9420
1512955258.122,22.2381,57.9343
1512955259.121,22.2381,57.9267
1512955260.121,22.2381,57.9343
1512955261.120,22.2381,57.9725
1512955262.120,22.2381,57.9496
1512955263.119,22.2274,57.9572
1512955264.119,22.2274,57.9420
1512955265.118,22.2167,57.9648
1512955266.118,22.2167,57.9496
1512955267.121,22.2167,57.9420
1512955268.121,22.2274,57.9648
1512955269.120,22.2381,57.9648
1512955270.120,22.2274,57.9496
1512955271.119,22.2381,57.9572
1512955272.119,22.2595,57.9648
1512955273.118,22.2381,57.9801
1512955274.118,22.2274,57.9648
1512955275.117,22.2595,57.9954
1512955276.117,22.2274,57.9877
1512955277.120,22.2488,57.9954
1512955278.116,22.2488,57.9877
1512955279.120,22.2274,58.0182
1512955280.119,22.2488,57.9954
1512955281.119,22.2381,58.0182
1512955282.118,22.2381,58.0030
1512955283.118,22.2381,58.0106
1512955284.117,22.2488,58.0030
1512955285.117,22.2595,58.0182
1512955286.116,22.2274,58.0259
1512955287.116,22.2381,58.0335
1512955288.115,22.2488,58.0106
1512955289.115,22.2381,58.0182
1512955290.118,22.2381,58.0030
1512955291.114,22.2381,58.0182
1512955292.117,22.2381,58.0182
1512955293.117,22.2274,58.0182
1512955294.116,22.2274,57.9801
1512955295.116,22.2595,57.9954
1512955296.115,22.2274,57.9801
1512955297.115,22.2488,57.9877
1512955298.114,22.2595,57.9954
1512955299.114,22.2488,57.9801
1512955300.113,22.2274,57.9877
1512955301.113,22.2274,57.9954
1512955302.116,22.2381,57.9648
1512955303.116,22.2488,57.9496
1512955304.116,22.2274,57.9725
1512955305.115,22.2381,57.9648
1512955306.115,22.2488,57.9496
1512955307.114,22.2274,57.9572
1512955308.114,22.2274,57.9648
1512955309.113,22.2274,57.9648
1512955310.113,22.2381,57.9572
1512955311.112,22.2488,57.9496
1512955312.112,22.2381,57.9648
1512955313.111,22.2488,57.9572
1512955314.111,22.2488,57.9648
1512955315.114,22.2274,57.9420
1512955316.114,22.2381,57.9572
1512955317.113,22.2488,57.9496
1512955318.113,22.2274,57.9343
1512955319.112,22.2595,57.9267
1512955320.112,22.2381,57.9572
1512955321.111,22.2381,57.9496
1512955322.111,22.2274,57.9420
1512955323.110,22.2488,57.9496
1512955324.110,22.2381,57.9420
1512955325.110,22.2488,57.9420
1512955326.109,22.2381,57.9496
1512955327.112,22.2274,57.9267
1512955328.112,22.2381,57.9343
1512955329.112,22.2274,57.9420
1512955330.111,22.2488,57.9420
1512955331.111,22.2274,57.9343
1512955332.110,22.2381,57.9343
1512955333.109,22.2381,57.9267
1512955334.109,22.2381,57.9267
1512955335.109,22.2381,57.9191
1512955336.108,22.2488,57.9267
1512955337.108,22.2167,57.9114
1512955338.107,22.2274,57.9267
1512955339.107,22.2381,57.9267
1512955340.110,22.2274,57.9267
1512955341.110,22.2274,57.9191
1512955342.109,22.2381,57.9191
1512955343.109,22.2488,57.9038
1512955344.108,22.2274,57.9267
1512955345.108,22.2381,57.9267
1512955346.107,22.2381,57.9038
1512955347.107,22.2381,57.9191
1512955348.106,22.2274,57.9267
1512955349.106,22.2274,57.9343
1512955350.109,22.2167,57.9114
1512955351.105,22.2488,57.9114
1512955352.108,22.2381,57.8962
1512955353.108,22.2274,57.9114
1512955354.108,22.2488,57.9191
1512955355.107,22.2274,57.9267
1512955356.106,22.2167,57.9267
1512955357.106,22.2381,57.9267
1512955358.106,22.2274,57.9114
1512955359.105,22.2274,57.9267
1512955360.105,22.2274,57.9191
1512955361.104,22.2167,57.9267
1512955362.104,22.2381,57.9343
1512955363.103,22.2274,57.9496
1512955364.107,22.2381,57.9420
1512955365.106,22.2488,57.9343
1512955366.106,22.2274,57.9343
1512955367.105,22.2167,57.9420
1512955368.105,22.2488,57.9267
1512955369.104,22.2381,57.9343
1512955370.104,22.2274,57.9191
1512955371.103,22.2381,57.9343
1512955372.103,22.2381,57.9801
1512955373.102,22.2274,57.9496
1512955374.102,22.2274,57.9648
1512955375.105,22.2381,57.9648
1512955376.101,22.2381,57.9648
1512955377.104,22.2381,57.9725
1512955378.104,22.2060,57.9572
1512955379.103,22.2488,57.9648
1512955380.103,22.2274,57.9648
1512955381.102,22.2274,57.9648
1512955382.102,22.2381,57.9420
1512955383.102,22.2381,57.9648
1512955384.101,22.2274,57.9496
1512955385.101,22.2381,57.9496
1512955386.100,22.2488,57.9648
1512955387.100,22.2274,57.9572
1512955388.103,22.2274,57.9420
1512955389.103,22.2488,57.9343
1512955390.102,22.2274,57.9343
1512955391.102,22.2274,57.9420
1512955392.101,22.2274,57.9343
1512955393.101,22.2381,57.9420
1512955394.100,22.2274,57.9496
1512955395.100,22.2167,57.9343
1512955396.099,22.2274,57.9267
1512955397.099,22.2381,57.9267
1512955398.098,22.2274,57.9343
1512955399.098,22.2274,57.9343
1512955400.101,22.2381,57.9114
1512955401.101,22.2274,57.9038
1512955402.100,22.2274,57.9267
1512955403.100,22.2274,57.9114
1512955404.099,22.2381,57.8885
1512955405.099,22.2274,57.9114
1512955406.099,22.2274,57.9191
1512955407.098,22.2274,57.9038
1512955408.098,22.2274,57.8962
1512955409.097,22.2274,57.8962
1512955410.096,22.2060,57.8962
1512955411.096,22.2381,57.9038
1512955412.100,22.2167,57.8962
1512955413.099,22.2274,57.9038
1512955414.099,22.2167,57.9038
1512955415.098,22.2167,57.9114
1512955416.098,22.2274,57.9038
1512955417.097,22.2060,57.9114
1512955418.097,22.2381,57.9191
1512955419.096,22.2381,57.8962
1512955420.096,22.2274,57.8733
1512955421.095,22.2167,57.9038
1512955422.095,22.1953,57.8885
1512955423.094,22.2167,57.8962
1512955424.094,22.2167,57.8885
1512955425.097,22.2274,57.8885
1512955426.097,22.1953,57.8809
1512955427.096,22.2274,57.8962
1512955428.096,22.2167,57.8962
1512955429.095,22.1953,57.9038
1512955430.095,22.2381,57.8885
1512955431.095,22.2381,57.8962
1512955432.094,22.2274,57.9038
1512955433.093,22.2381,57.8962
1512955434.093,22.2274,57.9114
1512955435.093,22.2167,57.9114
1512955436.092,22.2274,57.8885
1512955437.096,22.2381,57.9114
1512955438.095,22.2167,57.8962
1512955439.095,22.2274,57.9114
1512955440.094,22.2274,57.9038
1512955441.094,22.2274,57.9114
1512955442.093,22.2274,57.9038
1512955443.093,22.2167,57.9038
1512955444.092,22.2167,57.8962
1512955445.092,22.2274,57.9343
1512955446.091,22.2060,57.9191
1512955447.091,22.2167,57.8885
1512955448.094,22.2060,57.9114
1512955449.090,22.2060,57.9114
1512955450.093,22.2274,57.9267
1512955451.093,22.2167,57.9114
1512955452.092,22.2274,57.8885
1512955453.092,22.2167,57.9038
1512955454.091,22.2274,57.9038
1512955455.091,22.2274,57.9038
1512955456.090,22.2274,57.9038
1512955457.090,22.2167,57.9343
1512955458.089,22.2274,57.9114
1512955459.089,22.2167,57.9114
1512955460.092,22.2167,57.9114
1512955461.088,22.2060,57.9114
1512955462.091,22.2060,57.9038
1512955463.091,22.2167,57.8962
1512955464.091,22.2274,57.8885
1512955465.090,22.2060,57.9114
1512955466.090,22.2167,57.8962
1512955467.089,22.2060,57.9191
1512955468.089,22.2274,57.8962
1512955469.088,22.2274,57.9038
1512955470.088,22.2274,57.9191
1512955471.087,22.2167,57.9191
1512955472.087,22.2167,57.9114
1512955473.090,22.2274,57.8885
1512955474.086,22.2060,57.8962
1512955475.089,22.2274,57.9343
1512955476.089,22.2274,57.9114
1512955477.088,22.2060,57.9343
1512955478.088,22.2167,57.9114
1512955479.087,22.2060,57.9114
1512955480.087,22.2060,57.8962
1512955481.086,22.2167,57.8885
1512955482.086,22.2167,57.9267
1512955483.085,22.1953,57.8885
1512955484.085,22.2274,57.9038
1512955485.088,22.1953,57.9191
1512955486.088,22.2167,57.9114
1512955487.087,22.2060,57.9038
1512955488.087,22.1953,57.9038
1512955489.087,22.2167,57.9191
1512955490.086,22.2274,57.9038
1512955491.086,22.2060,57.9114
1512955492.085,22.2060,57.9038
1512955493.085,22.2274,57.8809
1512955494.084,22.2167,57.9114
1512955495.084,22.2167,57.9038
1512955496.083,22.2381,57.9114
1512955497.083,22.2060,57.9267
1512955498.086,22.2060,57.8962
1512955499.086,22.2274,57.9038
1512955500.085,22.2274,57.9191
1512955501.085,22.2167,57.9114
1512955502.084,22.1953,57.9267
1512955503.084,22.2167,57.9191
1512955504.083,22.2274,57.9267
1512955505.083,22.2274,57.9496
1512955506.082,22.2274,57.9572
1512955507.082,22.2060,57.9496
1512955508.081,22.2167,57.9648
1512955509.081,22.2381,57.9496
1512955510.084,22.2167,57.9648
1512955511.084,22.2274,57.9648
1512955512.084,22.2274,57.9725
1512955513.083,22.2381,57.9801
1512955514.083,22.2381,57.9801
1512955515.082,22.2274,57.9954
1512955516.082,22.2274,58.0030
1512955517.081,22.2167,58.0106
1512955518.080,22.2167,57.9801
1512955519.080,22.1953,57.9877
1512955520.080,22.2274,57.9801
1512955521.079,22.2167,57.9801
1512955522.079,22.2381,57.9877
1512955523.082,22.2060,57.9877
1512955524.082,22.2274,57.9877
1512955525.081,22.2167,57.9954
1512955526.081,22.2167,57.9877
1512955527.080,22.2274,57.9877
1512955528.080,22.2060,57.9572
1512955529.079,22.2060,57.9496
1512955530.079,22.2274,57.9572
1512955531.078,22.2274,57.9648
1512955532.078,22.2274,57.9801
1512955533.081,22.2274,57.9725
1512955534.077,22.2274,57.9420
1512955535.080,22.2274,57.9420
1512955536.080,22.2274,57.9572
1512955537.080,22.2274,57.9496
1512955538.079,22.2167,57.9572
1512955539.078,22.2274,57.9420
1512955540.078,22.2381,57.9496
1512955541.078,22.2167,57.9420
1512955542.077,22.2274,57.9496
1512955543.077,22.2060,57.9496
1512955544.076,22.2060,57.9343
1512955545.076,22.2274,57.9343
1512955546.079,22.2167,57.9420
1512955547.075,22.2274,57.9191
1512955548.078,22.2167,57.9496
1512955549.078,22.2274,57.9267
1512955550.077,22.2274,57.9343
1512955551.079,22.1953,57.9267
1512955552.076,22.2060,57.9343
1512955553.076,22.2274,57.9420
1512955554.075,22.2274,57.9343
1512955555.075,22.2167,57.9114
1512955556.074,22.2167,57.9420
1512955557.074,22.1953,57.9267
1512955558.077,22.2060,57.9343
1512955559.073,22.2167,57.9343
1512955560.076,22.2274,57.9343
1512955561.076,22.2274,57.9343
1512955562.075,22.2274,57.9191
1512955563.075,22.2274,57.9267
1512955564.074,22.2274,57.9343
1512955565.074,22.2060,57.9343
1512955566.073,22.2274,57.9343
1512955567.073,22.2167,57.9420
1512955568.073,22.2167,57.9038
1512955569.072,22.2274,57.9343
1512955570.072,22.2167,57.9191
1512955571.075,22.2274,57.9191
1512955572.075,22.1953,57.9267
1512955573.074,22.2274,57.9343
1512955574.074,22.2381,57.9343
1512955575.073,22.1953,57.9343
1512955576.073,22.2274,57.9267
1512955577.072,22.2274,57.9267
1512955578.072,22.2167,57.9420
1512955579.071,22.2274,57.9038
1512955580.071,22.2060,57.9114
1512955581.070,22.2060,57.9267
1512955582.070,22.2381,57.9267
1512955583.073,22.2060,57.9114
1512955584.073,22.2274,57.9267
1512955585.072,22.2060,57.9114
1512955586.072,22.2167,57.8962
1512955587.071,22.2167,57.8962
1512955588.071,22.2167,57.9114
1512955589.070,22.2060,57.8809
1512955590.070,22.2274,57.8962
1512955591.070,22.2060,57.8809
1512955592.069,22.2060,57.8809
1512955593.068,22.1953,57.8885
1512955594.068,22.2274,57.8809
1512955595.068,22.1953,57.8809
1512955596.071,22.2167,57.8962
1512955597.071,22.2060,57.8885
1512955598.070,22.2167,57.8809
1512955599.070,22.2274,57.8885
1512955600.069,22.1953,57.8657
1512955601.069,22.1953,57.8580
1512955602.068,22.2274,57.8580
1512955603.068,22.2167,57.8733
1512955604.067,22.1953,57.8885
1512955605.067,22.1953,57.8504
1512955606.066,22.2167,57.8809
1512955607.066,22.2060,57.8733
1512955608.069,22.2060,57.8580
1512955609.069,22.2060,57.8504
1512955610.068,22.2060,57.8504
1512955611.068,22.2060,57.8504
1512955612.067,22.2167,57.8428
1512955613.067,22.1953,57.8733
1512955614.067,22.2167,57.8657
1512955615.066,22.1953,57.8580
1512955616.065,22.1953,57.8733
1512955617.065,22.2060,57.8733
1512955618.064,22.1953,57.8885
1512955619.064,22.1632,57.8733
1512955620.068,22.1846,57.8809
1512955621.067,22.1953,57.8657
1512955622.066,22.1846,57.8809
1512955623.066,22.2060,57.8657
1512955624.065,22.1953,57.8733
1512955625.065,22.2060,57.8809
1512955626.065,22.2167,57.8733
1512955627.064,22.1846,57.8885
1512955628.064,22.1953,57.8657
1512955629.063,22.2060,57.8580
1512955630.063,22.2060,57.8504
1512955631.066,22.1953,57.8885
1512955632.062,22.1846,57.8657
1512955633.065,22.2060,57.8885
1512955634.065,22.2060,57.8885
1512955635.064,22.1846,57.8962
1512955636.064,22.2060,57.8885
1512955637.063,22.1846,57.8733
1512955638.063,22.1846,57.8885
1512955639.062,22.1953,57.8962
1512955640.062,22.1846,57.9038
1512955641.061,22.1953,57.9038
1512955642.061,22.1953,57.9114
1512955643.060,22.2060,57.8885
1512955644.064,22.1953,57.8885
1512955645.063,22.2060,57.9038
1512955646.063,22.2274,57.9038
1512955647.062,22.1953,57.8885
1512955648.062,22.1953,57.9038
1512955649.062,22.1739,57.9038
1512955650.061,22.2060,57.9114
1512955651.061,22.2060,57.9038
1512955652.060,22.1953,57.9038
1512955653.060,22.2060,57.8962
1512955654.059,22.1953,57.9038
1512955655.059,22.1953,57.9114
1512955656.062,22.1846,57.9267
1512955657.062,22.2060,57.9114
1512955658.061,22.2060,57.9038
1512955659.061,22.1739,57.9038
1512955660.060,22.1846,57.9038
1512955661.060,22.1846,57.9114
1512955662.059,22.1846,57.9267
1512955663.059,22.1846,57.9343
1512955664.058,22.1846,57.9267
1512955665.058,22.1953,57.9267
1512955666.058,22.1953,57.9420
1512955667.057,22.2060,57.9114
1512955668.060,22.1953,57.9191
1512955669.060,22.1953,57.9114
1512955670.059,22.1953,57.9420
1512955671.059,22.1953,57.9420
1512955672.058,22.1632,57.9420
1512955673.058,22.1739,57.9420
1512955674.058,22.1953,57.9572
1512955675.057,22.1739,57.9420
1512955676.057,22.1846,57.9496
1512955677.056,22.1846,57.9648
1512955678.056,22.1846,57.9420
1512955679.055,22.1846,57.9420
1512955680.055,22.1846,57.9420
1512955681.058,22.1632,57.9420
1512955682.058,22.1846,57.9267
1512955683.057,22.1846,57.9267
1512955684.057,22.1846,57.9191
1512955685.056,22.1953,57.9267
1512955686.056,22.1953,57.9343
1512955687.055,22.1739,57.9420
1512955688.055,22.1953,57.9572
1512955689.054,22.1846,57.9343
1512955690.054,22.1953,57.9420
1512955691.053,22.1846,57.9496
1512955692.053,22.1846,57.9420
1512955693.056,22.1739,57.9420
1512955694.056,22.1739,57.9420
1512955695.055,22.1846,57.9420
1512955696.055,22.1846,57.9420
1512955697.055,22.1632,57.9267
1512955698.054,22.1739,57.9420
1512955699.053,22.1846,57.9496
1512955700.053,22.1632,57.9496
1512955701.052,22.1846,57.9343
1512955702.052,22.1846,57.9496
1512955703.051,22.1846,57.9420
1512955704.055,22.1846,57.9420
1512955705.051,22.1846,57.9420
1512955706.054,22.1846,57.9496
1512955707.054,22.1739,57.9572
1512955708.053,22.1846,57.9572
1512955709.053,22.1846,57.9420
1512955710.052,22.1739,57.9420
1512955711.052,22.1953,57.9496
1512955712.051,22.1953,57.9572
1512955713.051,22.1739,57.9572
1512955714.050,22.1846,57.9420
1512955715.050,22.1953,57.9725
1512955716.053,22.2274,57.9648
1512955717.049,22.2060,57.9725
1512955718.052,22.1846,57.9877
1512955719.052,22.1953,57.9877
1512955720.051,22.1953,57.9877
1512955721.051,22.1846,57.9954
1512955722.050,22.1846,58.0030
1512955723.050,22.1846,57.9801
1512955724.049,22.1953,57.9954
1512955725.049,22.1953,58.0106
1512955726.048,22.1953,58.0030
1512955727.048,22.1846,57.9954
1512955728.048,22.1846,57.9954
1512955729.051,22.1846,58.0030
1512955730.046,22.1846,58.0030
1512955731.050,22.1739,57.9954
1512955732.050,22.1846,57.9954
1512955733.049,22.1953,58.0106
1512955734.049,22.1846,57.9801
1512955735.048,22.1846,57.9801
1512955736.048,22.1846,58.0030
1512955737.047,22.1846,57.9801
1512955738.047,22.1846,57.9877
1512955739.046,22.1846,57.9954
1512955740.046,22.2167,57.9877
1512955741.049,22.1953,57.9801
1512955742.049,22.1846,57.9801
1512955743.048,22.2060,57.9877
1512955744.048,22.2060,57.9801
1512955745.047,22.1953,57.9877
1512955746.047,22.1846,57.9801
1512955747.046,22.2060,57.9877
1512955748.046,22.1846,57.9954
1512955749.045,22.1846,57.9648
1512955750.045,22.1846,57.9648
1512955751.044,22.1846,57.9801
1512955752.044,22.1846,57.9877
1512955753.043,22.2274,57.9801
1512955754.047,22.1632,57.9801
1512955755.046,22.1846,57.9572
1512955756.046,22.2060,57.9572
1512955757.046,22.1846,57.9648
1512955758.045,22.1846,57.9572
1512955759.045,22.1953,57.9648
1512955760.044,22.2060,57.9648
1512955761.044,22.1846,57.9725
1512955762.043,22.2060,57.9572
1512955763.043,22.2167,57.9572
1512955764.042,22.2060,57.9648
1512955765.042,22.1846,57.9496
1512955766.045,22.1953,57.9420
1512955767.045,22.1953,57.9496
1512955768.044,22.1953,57.9420
1512955769.044,22.2060,57.9420
1512955770.043,22.2060,57.9420
1512955771.043,22.1846,57.9420
1512955772.042,22.2060,57.9420
1512955773.042,22.1953,57.9420
1512955774.042,22.1953,57.9267
1512955775.041,22.2060,57.9267
1512955776.040,22.1846,57.9267
1512955777.040,22.1953,57.9191
1512955778.039,22.1953,57.9267
1512955779.043,22.1953,57.9114
1512955780.043,22.1953,57.9038
1512955781.042,22.1846,57.9038
1512955782.041,22.1846,57.9038
1512955783.041,22.1846,57.8962
1512955784.041,22.1846,57.8962
1512955785.040,22.1846,57.8962
1512955786.039,22.1846,57.8962
1512955787.039,22.2060,57.8885
1512955788.039,22.1953,57.8962
1512955789.042,22.2060,57.8885
1512955790.038,22.2060,57.8885
1512955791.041,22.2167,57.8885
1512955792.041,22.1953,57.9038
1512955793.040,22.1953,57.8885
1512955794.040,22.1846,57.9038
1512955795.039,22.1846,57.8733
1512955796.039,22.1846,57.8885
1512955797.038,22.1739,57.8885
1512955798.038,22.1846,57.8962
1512955799.037,22.1846,57.8733
1512955800.037,22.1846,57.8809
1512955801.036,22.2060,57.8657
1512955802.040,22.1953,57.8733
1512955803.035,22.1953,57.8733
1512955804.039,22.2060,57.8809
1512955805.038,22.1953,57.8885
1512955806.038,22.1846,57.8657
1512955807.037,22.1739,57.8733
1512955808.037,22.1846,57.8733
1512955809.037,22.2060,57.8885
1512955810.036,22.2167,57.8733
1512955811.035,22.1846,57.8885
1512955812.035,22.1846,57.8962
1512955813.035,22.1846,57.8733
1512955814.038,22.1953,57.8657
1512955815.038,22.1953,57.8733
1512955816.037,22.1846,57.8885
1512955817.037,22.1846,57.8809
1512955818.036,22.1953,57.8885
1512955819.036,22.2060,57.8962
1512955820.035,22.1846,57.8885
1512955821.035,22.1846,57.9038
1512955822.034,22.2060,57.8885
1512955823.034,22.1953,57.8809
1512955824.033,22.1953,57.8885
1512955825.033,22.1846,57.8809
1512955826.032,22.1846,57.8962
1512955827.036,22.1739,57.8885
1512955828.035,22.1739,57.8885
1512955829.035,22.1846,57.8733
1512955830.034,22.1632,57.8885
1512955831.034,22.1846,57.8885
1512955832.033,22.1846,57.8733
1512955833.033,22.1846,57.8733
1512955834.033,22.1846,57.8809
1512955835.032,22.1953,57.8504
1512955836.032,22.1739,57.8580
1512955837.031,22.1846,57.8733
1512955838.031,22.1846,57.8657
1512955839.034,22.1846,57.8733
1512955840.034,22.2060,57.8809
1512955841.033,22.1953,57.8809
1512955842.033,22.2060,57.8809
1512955843.032,22.1846,57.8885
1512955844.032,22.1953,57.8885
1512955845.031,22.1846,57.8809
1512955846.031,22.1846,57.8657
1512955847.030,22.2060,57.8733
1512955848.030,22.2060,57.8962
1512955849.029,22.1739,57.8733
1512955850.029,22.1953,57.8657
1512955851.028,22.1953,57.8733
1512955852.032,22.1953,57.8657
1512955853.031,22.1846,57.8733
1512955854.031,22.1739,57.8809
1512955855.030,22.1846,57.8733
1512955856.030,22.1846,57.8885
1512955857.029,22.1953,57.8962
1512955858.029,22.1953,57.8733
1512955859.028,22.1846,57.8657
1512955860.028,22.2060,57.8657
1512955861.027,22.1953,57.8657
1512955862.031,22.2167,57.8885
1512955863.027,22.1953,57.8733
1512955864.030,22.1846,57.8809
1512955865.029,22.1846,57.8733
1512955866.029,22.1846,57.8733
1512955867.029,22.1953,57.8809
1512955868.028,22.2060,57.8657
1512955869.028,22.1846,57.8657
1512955870.027,22.1953,57.8733
1512955871.027,22.2060,57.8809
1512955872.026,22.2060,57.8580
1512955873.026,22.1953,57.8580
1512955874.025,22.2060,57.8580
1512955875.025,22.1846,57.8657
1512955876.028,22.1846,57.8733
1512955877.028,22.1846,57.8504
1512955878.027,22.1846,57.8580
1512955879.027,22.1953,57.8580
1512955880.026,22.1953,57.8504
1512955881.026,22.2167,57.8504
1512955882.025,22.2060,57.8580
1512955883.025,22.1846,57.8504
1512955884.024,22.1846,57.8580
1512955885.024,22.2060,57.8657
1512955886.024,22.1846,57.8733
1512955887.027,22.2060,57.8657
1512955888.022,22.1739,57.8504
1512955889.026,22.1953,57.8809
1512955890.025,22.1846,57.8657
1512955891.025,22.1953,57.8657
1512955892.025,22.1632,57.8580
1512955893.024,22.1739,57.8580
1512955894.024,22.1846,57.8428
1512955895.023,22.1953,57.8504
1512955896.023,22.1846,57.8657
1512955897.022,22.1846,57.8504
1512955898.022,22.1739,57.8657
1512955899.021,22.1739,57.8428
1512955900.025,22.1846,57.8733
1512955901.024,22.1739,57.8428
1512955902.024,22.1846,57.8351
1512955903.023,22.1739,57.8657
1512955904.023,22.1632,57.8504
1512955905.022,22.1739,57.8504
1512955906.022,22.1846,57.8504
1512955907.021,22.1739,57.8504
1512955908.021,22.1739,57.8428
1512955909.020,22.1739,57.8351
1512955910.020,22.1846,57.8428
1512955911.020,22.1846,57.8428
1512955912.023,22.1739,57.8428
1512955913.022,22.1846,57.8428
1512955914.022,22.1846,57.8504
1512955915.021,22.1525,57.8504
1512955916.021,22.1846,57.8428
1512955917.020,22.1739,57.8275
1512955918.020,22.1846,57.8428
1512955919.020,22.1632,57.8504
1512955920.019,22.1846,57.8733
1512955921.019,22.1632,57.8504
1512955922.018,22.1632,57.8580
1512955923.018,22.1739,57.8504
1512955924.021,22.1846,57.8504
1512955925.021,22.1632,57.8733
1512955926.020,22.1739,57.8580
1512955927.020,22.1739,57.8504
1512955928.019,22.1739,57.8733
1512955929.019,22.1739,57.8580
1512955930.018,22.1632,57.8504
1512955931.018,22.1739,57.8733
1512955932.017,22.1846,57.8809
1512955933.017,22.1632,57.8580
1512955934.016,22.1632,57.8657
1512955935.016,22.1739,57.8580
1512955936.015,22.1846,57.8504
1512955937.019,22.1739,57.8657
1512955938.018,22.1846,57.8504
1512955939.018,22.1632,57.8733
1512955940.017,22.1632,57.8657
1512955941.017,22.1739,57.8657
1512955942.016,22.1632,57.8885
1512955943.016,22.1846,57.8657
1512955944.016,22.1632,57.8885
1512955945.015,22.1846,57.8885
1512955946.014,22.1632,57.8885
1512955947.014,22.1632,57.8885
1512955948.014,22.1632,57.8962
1512955949.017,22.1525,57.8885
1512955950.017,22.1739,57.8809
1512955951.016,22.1846,57.8885
1512955952.016,22.1846,57.8885
1512955953.015,22.1846,57.8962
1512955954.015,22.1632,57.8885
1512955955.014,22.1739,57.8885
1512955956.014,22.1739,57.8885
1512955957.013,22.1632,57.8962
1512955958.013,22.1739,57.8885
1512955959.012,22.1419,57.8962
1512955960.016,22.1739,57.9114
1512955961.011,22.1632,57.8809
1512955962.015,22.1739,57.9038
1512955963.014,22.1632,57.9038
1512955964.014,22.1739,57.8962
1512955965.013,22.1739,57.8962
1512955966.013,22.1632,57.8962
1512955967.012,22.1632,57.9038
1512955968.012,22.1632,57.8885
1512955969.012,22.1632,57.9038
1512955970.011,22.1632,57.9191
1512955971.011,22.1632,57.9038
1512955972.014,22.1632,57.9038
1512955973.014,22.1632,57.9114
1512955974.013,22.1632,57.9114
1512955975.013,22.1632,57.9038
1512955976.012,22.1739,57.9038
1512955977.012,22.1525,57.9267
1512955978.011,22.1632,57.9191
1512955979.011,22.1419,57.9267
1512955980.010,22.1632,57.9420
1512955981.010,22.1419,57.9496
1512955982.009,22.1632,57.9420
1512955983.009,22.1632,57.9572
1512955984.008,22.1525,57.9420
1512955985.012,22.1632,57.9420
1512955986.007,22.1632,57.9496
1512955987.011,22.1632,57.9572
1512955988.010,22.1632,57.9572
1512955989.010,22.1632,57.9572
1512955990.009,22.1739,57.9572
1512955991.009,22.1846,57.9877
1512955992.008,22.1739,57.9725
1512955993.008,22.1739,57.9648
1512955994.008,22.1846,57.9648
1512955995.007,22.1632,57.9801
1512955996.060,22.1632,57.9801
1512955997.010,22.1846,57.9877
1512955998.010,22.1739,58.0030
1512955999.009,22.1846,57.9954
1512956000.009,22.1739,57.9954
1512956001.008,22.1739,57.9801
1512956002.008,22.1739,57.9954
1512956003.007,22.2060,57.9954
1512956004.007,22.1846,58.0030
1512956005.006,22.1846,57.9954
1512956006.006,22.1739,58.0030
1512956007.005,22.1632,57.9954
1512956008.005,22.1739,57.9954
1512956009.004,22.1632,57.9877
1512956010.008,22.1632,57.9572
1512956011.007,22.1846,57.9877
1512956012.007,22.1739,57.9877
1512956013.006,22.1846,57.9801
1512956014.006,22.1846,57.9954
1512956015.005,22.1525,57.9801
1512956016.005,22.1739,57.9725
1512956017.004,22.1632,57.9648
1512956018.004,22.1739,57.9496
1512956019.003,22.1739,57.9648
1512956020.007,22.1739,57.9572
1512956021.002,22.1632,57.9801
1512956022.006,22.1525,57.9496
1512956023.005,22.1846,57.9648
1512956024.005,22.1846,57.9420
1512956025.004,22.1846,57.9496
1512956026.004,22.1739,57.9343
1512956027.004,22.1846,57.9420
1512956028.003,22.1632,57.9420
1512956029.003,22.1739,57.9420
1512956030.002,22.1953,57.9343
1512956031.002,22.1846,57.9343
1512956032.001,22.1632,57.9267
1512956033.001,22.1846,57.9420
1512956034.000,22.1846,57.9420
1512956035.004,22.1846,57.9267
1512956036.003,22.1739,57.9267
1512956037.003,22.1846,57.9420
1512956038.002,22.1846,57.9191
1512956039.002,22.1846,57.9420
1512956040.001,22.1846,57.9420
1512956041.001,22.1739,57.9267
1512956042.000,22.1953,57.9267
1512956043.000,22.1953,57.9267
1512956043.999,22.1846,57.9267
1512956045.003,22.2060,57.9038
1512956045.998,22.1953,57.9038
1512956047.002,22.1846,57.8962
1512956048.001,22.1953,57.9114
1512956049.001,22.1953,57.9038
1512956050.000,22.1953,57.8809
1512956051.000,22.1953,57.8885
1512956052.000,22.1953,57.8733
1512956052.999,22.1953,57.8733
1512956053.999,22.1953,57.8733
1512956054.998,22.1846,57.8733
1512956055.998,22.1953,57.8809
1512956056.997,22.2060,57.8657
1512956058.001,22.1846,57.8657
1512956058.996,22.1846,57.8580
1512956060.000,22.1846,57.8580
1512956060.999,22.1953,57.8580
1512956061.999,22.1953,57.8657
1512956062.998,22.1846,57.8504
1512956063.998,22.1953,57.8733
1512956064.997,22.2060,57.8504
1512956065.997,22.2167,57.8580
1512956066.996,22.2167,57.8428
1512956067.996,22.2060,57.8504
1512956068.995,22.1953,57.8657
1512956069.999,22.1846,57.8733
1512956070.998,22.1953,57.8580
1512956071.998,22.2167,57.8504
1512956072.997,22.1953,57.8733
1512956073.997,22.1846,57.8809
1512956074.996,22.1953,57.8504
1512956075.996,22.1846,57.8504
1512956076.996,22.1846,57.8428
1512956077.995,22.1846,57.8504
1512956078.994,22.1953,57.8428
1512956079.994,22.1953,57.8428
1512956080.994,22.1953,57.8428
1512956081.993,22.1846,57.8428
1512956082.997,22.2167,57.8428
1512956083.996,22.1846,57.8351
1512956084.996,22.2167,57.8275
1512956085.995,22.2167,57.8123
1512956086.995,22.2167,57.8275
1512956087.994,22.2060,57.8046
1512956088.994,22.2060,57.7970
1512956089.993,22.1953,57.8275
1512956090.993,22.2167,57.8123
1512956091.992,22.2060,57.7970
1512956092.992,22.1953,57.7970
1512956093.991,22.1739,57.7970
1512956094.995,22.2167,57.7817
1512956095.994,22.2060,57.7894
1512956096.994,22.2060,57.7741
1512956097.993,22.2060,57.7817
1512956098.993,22.2274,57.7741
1512956099.992,22.2167,57.7817
1512956100.992,22.1953,57.7817
1512956101.991,22.2060,57.7894
1512956102.991,22.2167,57.7817
1512956103.990,22.2274,57.7970
1512956104.990,22.2167,57.7665
1512956105.990,22.2060,57.7817
1512956106.989,22.2167,57.7665
1512956107.992,22.2274,57.7817
1512956108.992,22.2167,57.7589
1512956109.991,22.2060,57.7436
1512956110.991,22.2167,57.7665
1512956111.991,22.2167,57.7436
1512956112.990,22.2274,57.7283
1512956113.990,22.2274,57.7512
1512956114.989,22.2274,57.7436
1512956115.989,22.2274,57.7665
1512956116.988,22.2060,57.7665
1512956117.992,22.2060,57.7436
1512956118.987,22.2167,57.7360
1512956119.991,22.2060,57.7360
1512956120.990,22.2274,57.7207
1512956121.990,22.2167,57.7360
1512956122.989,22.2167,57.7054
1512956123.989,22.2381,57.7054
1512956124.988,22.1953,57.6978
1512956125.988,22.2274,57.6597
1512956126.987,22.2167,57.6902
1512956127.987,22.2060,57.6749
1512956128.986,22.2381,57.6597
1512956129.986,22.2167,57.6520
1512956130.986,22.2274,57.6444
1512956131.989,22.2167,57.6444
1512956132.988,22.2060,57.6444
1512956133.988,22.2274,57.6368
1512956134.988,22.2167,57.6520
1512956135.987,22.2060,57.6292
1512956136.987,22.2274,57.6444
1512956137.986,22.2060,57.6292
1512956138.986,22.2167,57.6139
1512956139.985,22.2274,57.6368
1512956140.985,22.2381,57.6292
1512956141.984,22.2274,57.6292
1512956142.988,22.2274,57.6215
1512956143.983,22.2274,57.6368
1512956144.987,22.2274,57.6520
1512956145.986,22.2274,57.6292
1512956146.986,22.2381,57.6139
1512956147.985,22.2167,57.6139
1512956148.985,22.2381,57.6292
1512956149.984,22.2167,57.6063
1512956150.984,22.2274,57.6215
1512956151.983,22.2488,57.6444
1512956152.983,22.2702,57.6215
1512956153.982,22.2381,57.6215
1512956154.982,22.2381,57.6139
1512956155.985,22.2381,57.6139
1512956156.985,22.2381,57.6444
1512956157.984,22.2167,57.6215
1512956158.984,22.2274,57.6292
1512956159.983,22.2167,57.6139
1512956160.983,22.2274,57.6139
1512956161.982,22.2381,57.6139
1512956162.982,22.2274,57.6063
1512956163.982,22.2274,57.6139
1512956164.981,22.2381,57.6139
1512956165.981,22.2381,57.6139
1512956166.980,22.2274,57.6139
1512956167.984,22.2274,57.5910
1512956168.983,22.2381,57.5986
1512956169.983,22.2274,57.6063
1512956170.982,22.2167,57.5910
1512956171.982,22.2488,57.6063
1512956172.981,22.2381,57.5834
1512956173.981,22.2274,57.5757
1512956174.980,22.2274,57.5986
1512956175.980,22.2488,57.5986
1512956176.979,22.2488,57.5910
1512956177.979,22.2381,57.5986
1512956178.979,22.2167,57.5910
1512956179.982,22.2488,57.5986
1512956180.981,22.2381,57.6139
1512956181.981,22.2381,57.5910
1512956182.980,22.2488,57.6063
1512956183.980,22.2488,57.6215
1512956184.979,22.2381,57.6139
1512956185.979,22.2381,57.6139
1512956186.978,22.2595,57.6139
1512956187.978,22.2381,57.6139
1512956188.977,22.2595,57.6292
1512956189.977,22.2595,57.6139
1512956190.977,22.2488,57.6139
1512956191.976,22.2488,57.6215
1512956192.980,22.2488,57.6292
1512956193.979,22.2488,57.6139
1512956194.978,22.2595,57.6063
1512956195.978,22.2702,57.6215
1512956196.978,22.2595,57.6215
1512956197.977,22.2595,57.5986
1512956198.977,22.2595,57.6139
1512956199.976,22.2702,57.6063
1512956200.976,22.2488,57.5986
1512956201.975,22.2595,57.5910
1512956202.975,22.2595,57.5986
1512956203.974,22.2274,57.6215
1512956204.978,22.2702,57.6139
1512956205.977,22.2595,57.5986
1512956206.977,22.2381,57.5986
1512956207.976,22.2702,57.5757
1512956208.976,22.2488,57.5986
1512956209.975,22.2488,57.6139
1512956210.975,22.2488,57.6063
1512956211.975,22.2488,57.6063
1512956212.974,22.2702,57.6215
1512956213.974,22.2595,57.6063
1512956214.973,22.2488,57.5986
1512956215.972,22.2488,57.6139
1512956216.972,22.2381,57.6292
1512956217.975,22.2702,57.6215
1512956218.975,22.2702,57.5834
1512956219.975,22.2702,57.5910
1512956220.974,22.2381,57.5986
1512956221.974,22.2381,57.5757
1512956222.973,22.2702,57.5910
1512956223.973,22.2595,57.5834
1512956224.972,22.2488,57.5910
1512956225.972,22.2381,57.5757
1512956226.971,22.2381,57.5757
1512956227.975,22.2488,57.5834
1512956228.970,22.2488,57.5757
1512956229.974,22.2381,57.5910
1512956230.973,22.2381,57.5605
1512956231.973,22.2488,57.5757
1512956232.972,22.2488,57.5757
1512956233.972,22.2488,57.5605
1512956234.971,22.2702,57.5757
1512956235.971,22.2488,57.5757
1512956236.970,22.2595,57.5834
1512956237.970,22.2488,57.5605
1512956238.969,22.2595,57.5605
1512956239.969,22.2702,57.5910
1512956240.972,22.2488,57.5605
1512956241.968,22.2702,57.5757
1512956242.971,22.2381,57.5452
1512956243.971,22.2595,57.5757
1512956244.971,22.2702,57.5605
1512956245.970,22.2488,57.5529
1512956246.970,22.2702,57.5605
1512956247.969,22.2702,57.5605
1512956248.969,22.2702,57.5605
1512956249.968,22.2488,57.5529
1512956250.968,22.2488,57.5529
1512956251.967,22.2595,57.5376
1512956252.971,22.2595,57.5529
1512956253.966,22.2702,57.5376
1512956254.970,22.2595,57.5376
1512956255.969,22.2488,57.5376
1512956256.969,22.2809,57.5300
1512956257.968,22.2702,57.5147
1512956258.968,22.2702,57.5071
1512956259.967,22.2702,57.5376
1512956260.967,22.2702,57.5300
1512956261.966,22.2702,57.5223
1512956262.966,22.2702,57.5071
1512956263.965,22.2702,57.5147
1512956264.965,22.2702,57.5147
1512956265.968,22.2702,57.5147
1512956266.964,22.2809,57.5223
1512956267.967,22.2702,57.5071
1512956268.967,22.2809,57.5223
1512956269.966,22.2916,57.4842
1512956270.966,22.2702,57.5071
1512956271.966,22.2809,57.4842
1512956272.965,22.2916,57.4766
1512956273.965,22.3023,57.4842
1512956274.964,22.2809,57.4689
1512956275.964,22.3130,57.4689
1512956276.963,22.2916,57.4537
1512956277.967,22.2702,57.4613
1512956278.966,22.2916,57.4537
1512956279.966,22.2809,57.4537
1512956280.965,22.2809,57.4308
1512956281.965,22.2809,57.4308
1512956282.964,22.2916,57.4384
1512956283.964,22.2916,57.4232
1512956284.963,22.2809,57.4155
1512956285.963,22.2809,57.4308
1512956286.962,22.2809,57.4537
1512956287.962,22.2916,57.4308
1512956288.961,22.2702,57.4460
1512956289.961,22.2809,57.4460
1512956290.964,22.2916,57.4384
1512956291.964,22.3023,57.4384
1512956292.963,22.3023,57.4460
1512956293.963,22.2809,57.4384
1512956294.963,22.3023,57.4537
1512956295.962,22.3023,57.4537
1512956296.961,22.3023,57.4537
1512956297.961,22.2916,57.4308
1512956298.960,22.3130,57.4308
1512956299.960,22.3023,57.4308
1512956300.960,22.2809,57.4308
1512956301.959,22.2916,57.4232
1512956302.963,22.2916,57.4232
1512956303.962,22.2916,57.4155
1512956304.961,22.2916,57.4079
1512956305.961,22.3023,57.4155
1512956306.961,22.2809,57.4079
1512956307.960,22.2809,57.4155
1512956308.960,22.2809,57.4003
1512956309.959,22.2916,57.4003
1512956310.959,22.2916,57.4155
1512956311.958,22.2809,57.3774
1512956312.958,22.2916,57.3850
1512956313.957,22.2916,57.4003
1512956314.957,22.2916,57.4079
1512956315.960,22.3023,57.3850
1512956316.960,22.3023,57.4003
1512956317.959,22.2916,57.4003
1512956318.959,22.2809,57.4003
1512956319.958,22.3023,57.3774
1512956320.958,22.2916,57.4003
1512956321.957,22.2916,57.3926
1512956322.957,22.3023,57.3850
1512956323.956,22.2916,57.3926
1512956324.956,22.2916,57.3850
1512956325.956,22.2702,57.3698
1512956326.955,22.2916,57.3621
1512956327.958,22.2916,57.3621
1512956328.958,22.2809,57.3774
1512956329.957,22.2916,57.3698
1512956330.957,22.2916,57.3621
1512956331.957,22.3023,57.3698
1512956332.956,22.2916,57.3698
1512956333.956,22.2916,57.3698
1512956334.955,22.3023,57.3469
1512956335.955,22.3023,57.3621
1512956336.954,22.3237,57.3545
1512956337.954,22.3023,57.3469
1512956338.953,22.2916,57.3621
1512956339.957,22.3237,57.3698
1512956340.956,22.2916,57.3545
1512956341.956,22.3023,57.3469
1512956342.955,22.2916,57.3545
1512956343.955,22.3130,57.3545
1512956344.954,22.2916,57.3392
1512956345.954,22.2809,57.3698
1512956346.953,22.2916,57.3469
1512956347.953,22.2916,57.3469
1512956348.952,22.2916,57.3469
1512956349.952,22.2916,57.3392
1512956350.955,22.3023,57.3469
1512956351.951,22.3237,57.3392
1512956352.954,22.3023,57.3240
1512956353.954,22.3023,57.3392
1512956354.954,22.3023,57.3392
1512956355.953,22.3130,57.3240
1512956356.953,22.2916,57.3316
1512956357.952,22.2916,57.3240
1512956358.952,22.3023,57.3240
1512956359.951,22.2916,57.3163
1512956360.951,22.2916,57.2935
1512956361.950,22.2916,57.3316
1512956362.950,22.2916,57.3163
1512956363.949,22.2916,57.3087
1512956364.953,22.3023,57.2935
1512956365.952,22.2916,57.3011
1512956366.952,22.2916,57.3011
1512956367.951,22.2916,57.3087
1512956368.951,22.2916,57.3087
1512956369.950,22.3023,57.2935
1512956370.950,22.2916,57.2935
1512956371.949,22.2916,57.2706
1512956372.949,22.2916,57.3087
1512956373.948,22.2809,57.3011
1512956374.948,22.3023,57.3163
1512956375.951,22.3023,57.2935
1512956376.947,22.2809,57.2706
1512956377.950,22.2916,57.2935
1512956378.950,22.3023,57.2935
1512956379.949,22.3023,57.2935
1512956380.949,22.3130,57.3011
1512956381.948,22.3023,57.2782
1512956382.948,22.3130,57.3011
1512956383.948,22.3023,57.2935
1512956384.947,22.3130,57.3011
1512956385.947,22.3023,57.3011
1512956386.946,22.3130,57.2935
1512956387.950,22.2916,57.2858
1512956388.945,22.3023,57.2782
1512956389.949,22.3023,57.3011
1512956390.948,22.2916,57.2782
1512956391.948,22.2916,57.2782
1512956392.947,22.3130,57.2935
1512956393.947,22.3023,57.3011
1512956394.946,22.2916,57.2782
1512956395.946,22.3023,57.2553
1512956396.945,22.3130,57.2858
1512956397.945,22.2916,57.2706
1512956398.944,22.2916,57.2782
1512956399.944,22.3023,57.2706
1512956400.947,22.2916,57.2935
1512956401.943,22.2916,57.2706
1512956402.946,22.3023,57.2858
1512956403.946,22.3237,57.2782
1512956404.945,22.3130,57.2706
1512956405.945,22.2916,57.2935
1512956406.944,22.2702,57.2706
1512956407.944,22.3023,57.2706
1512956408.944,22.2916,57.2629
1512956409.943,22.3130,57.2401
1512956410.943,22.3237,57.2553
1512956411.942,22.2916,57.2477
1512956412.946,22.3023,57.2553
1512956413.945,22.2916,57.2248
1512956414.945,22.3023,57.2401
1512956415.944,22.2809,57.2477
1512956416.944,22.3130,57.2172
1512956417.943,22.2916,57.2172
1512956418.943,22.3023,57.2172
1512956419.942,22.3023,57.2172
1512956420.942,22.3023,57.2019
1512956421.941,22.2809,57.2095
1512956422.941,22.2916,57.2095
1512956423.940,22.3023,57.2095
1512956424.940,22.2809,57.2019
1512956425.943,22.2916,57.1866
1512956426.939,22.2702,57.1943
1512956427.942,22.2916,57.1866
1512956428.942,22.2702,57.1866
1512956429.941,22.2916,57.1714
1512956430.941,22.3023,57.1714
1512956431.940,22.2916,57.1714
1512956432.940,22.2809,57.1638
1512956433.939,22.2916,57.1943
1512956434.939,22.2916,57.1790
1512956435.938,22.2916,57.1561
1512956436.938,22.2916,57.1866
1512956437.942,22.3023,57.1790
1512956438.941,22.3023,57.1714
1512956439.941,22.2809,57.1943
1512956440.940,22.3023,57.1790
1512956441.940,22.2916,57.1638
1512956442.939,22.2916,57.1790
1512956443.939,22.3023,57.1866
1512956444.938,22.3023,57.1790
1512956445.938,22.2916,57.1866
1512956446.937,22.2916,57.1866
1512956447.937,22.3023,57.1790
1512956448.936,22.2916,57.1790
1512956449.936,22.2809,57.2019
1512956450.939,22.3023,57.1943
1512956451.939,22.3130,57.2019
1512956452.938,22.2916,57.1866
1512956453.938,22.2809,57.1943
1512956454.937,22.2916,57.1943
1512956455.937,22.2916,57.1866
1512956456.936,22.2809,57.1866
1512956457.936,22.2916,57.1866
1512956458.935,22.2702,57.1943
1512956459.935,22.2916,57.2019
1512956460.934,22.3023,57.1943
1512956461.934,22.3023,57.2019
1512956462.937,22.2916,57.2019
1512956463.937,22.2916,57.2019
1512956464.936,22.2702,57.1943
1512956465.936,22.2809,57.2019
1512956466.936,22.2916,57.2095
1512956467.935,22.2916,57.2019
1512956468.935,22.2916,57.2019
1512956469.934,22.2809,57.2172
1512956470.934,22.2916,57.2172
1512956471.933,22.3023,57.2553
1512956472.933,22.2809,57.2172
1512956473.932,22.2702,57.2248
1512956474.932,22.2702,57.2401
1512956475.935,22.2916,57.2324
1512956476.935,22.2916,57.2401
1512956477.934,22.2916,57.2553
1512956478.934,22.2809,57.2401
1512956479.933,22.2916,57.2401
1512956480.933,22.2809,57.2401
1512956481.932,22.2809,57.2782
1512956482.932,22.2916,57.2553
1512956483.931,22.2916,57.2553
1512956484.931,22.2916,57.2706
1512956485.930,22.2809,57.2401
1512956486.930,22.2916,57.2553
1512956487.933,22.2702,57.2629
1512956488.933,22.2916,57.2629
1512956489.932,22.2916,57.2706
1512956490.932,22.2916,57.2858
1512956491.932,22.2916,57.2706
1512956492.931,22.2702,57.2782
1512956493.930,22.2916,57.2935
1512956494.930,22.2809,57.2782
1512956495.929,22.2916,57.2935
1512956496.929,22.2916,57.2935
1512956497.929,22.2809,57.2858
1512956498.928,22.2916,57.3087
1512956499.932,22.2916,57.3240
1512956500.931,22.2702,57.3163
1512956501.931,22.2916,57.3163
1512956502.930,22.2809,57.3087
1512956503.930,22.2916,57.3240
1512956504.929,22.2702,57.3240
1512956505.929,22.2916,57.3240
1512956506.928,22.2809,57.3316
1512956507.928,22.2809,57.3163
1512956508.927,22.2809,57.3087
1512956509.927,22.2809,57.3392
1512956510.926,22.2916,57.3240
1512956511.926,22.2809,57.3240
1512956512.929,22.2916,57.3240
1512956513.929,22.2916,57.3392
1512956514.928,22.2702,57.3316
1512956515.928,22.2809,57.3545
1512956516.927,22.2916,57.3392
1512956517.927,22.2702,57.3469
1512956518.926,22.2702,57.3316
1512956519.926,22.2809,57.3392
1512956520.925,22.2809,57.3469
1512956521.925,22.2702,57.3469
1512956522.925,22.2595,57.3469
1512956523.924,22.2916,57.3621
1512956524.927,22.2702,57.3621
1512956525.927,22.2809,57.3316
1512956526.927,22.2702,57.3621
1512956527.926,22.2702,57.3621
1512956528.926,22.2916,57.3545
1512956529.925,22.3023,57.3621
1512956530.925,22.2916,57.3469
1512956531.924,22.2809,57.3545
1512956532.924,22.2702,57.3392
1512956533.923,22.2809,57.3698
1512956534.923,22.2809,57.3469
1512956535.926,22.2702,57.3469
1512956536.922,22.2809,57.3469
1512956537.925,22.2702,57.3469
1512956538.925,22.2702,57.3545
1512956539.924,22.2809,57.3469
1512956540.924,22.2809,57.3469
1512956541.923,22.2809,57.3469
1512956542.923,22.2809,57.3469
1512956543.922,22.2702,57.3469
1512956544.922,22.2809,57.3469
1512956545.921,22.2916,57.3621
1512956546.921,22.2702,57.3316
1512956547.924,22.2702,57.3392
1512956548.920,22.2702,57.3392
1512956549.923,22.2809,57.3316
1512956550.923,22.2809,57.3240
1512956551.923,22.2809,57.3240
1512956552.922,22.2702,57.3316
1512956553.922,22.2702,57.3316
1512956554.921,22.2702,57.3392
1512956555.921,22.2702,57.3240
1512956556.920,22.2595,57.3392
1512956557.920,22.2702,57.3316
1512956558.919,22.2595,57.3240
1512956559.919,22.2702,57.3469
1512956560.922,22.2488,57.3240
1512956561.918,22.2702,57.3469
1512956562.921,22.2702,57.3240
1512956563.921,22.2595,57.3240
1512956564.920,22.2702,57.3163
1512956565.920,22.2702,57.3545
1512956566.919,22.2595,57.3240
1512956567.919,22.2809,57.3316
1512956568.918,22.2809,57.3240
1512956569.918,22.2702,57.3469
1512956570.917,22.2702,57.3469
1512956571.917,22.2702,57.3240
1512956572.920,22.2488,57.3163
1512956573.916,22.2702,57.3240
1512956574.919,22.2702,57.3087
1512956575.919,22.2702,57.3087
1512956576.918,22.2809,57.3087
1512956577.918,22.2488,57.3240
1512956578.918,22.2809,57.3240
1512956579.917,22.2809,57.3087
1512956580.917,22.2809,57.3087
1512956581.916,22.2916,57.3163
1512956582.916,22.2916,57.3240
1512956583.915,22.2702,57.3163
1512956584.915,22.2702,57.3087
1512956585.918,22.2595,57.3087
1512956586.914,22.2809,57.3087
1512956587.917,22.2809,57.3011
1512956588.917,22.2702,57.3011
1512956589.916,22.2916,57.3011
1512956590.916,22.2702,57.3011
1512956591.915,22.2809,57.3011
1512956592.915,22.2702,57.2935
1512956593.914,22.2916,57.2935
1512956594.914,22.2702,57.2935
1512956595.913,22.2916,57.2782
1512956596.913,22.2809,57.2935
1512956597.916,22.2809,57.2858
1512956598.916,22.2916,57.2782
1512956599.915,22.2702,57.2935
1512956600.915,22.2916,57.2782
1512956601.914,22.2809,57.2706
1512956602.914,22.2916,57.2858
1512956603.914,22.2916,57.3011
1512956604.913,22.2809,57.2706
1512956605.913,22.3023,57.2858
1512956606.912,22.2916,57.2706
1512956607.912,22.3023,57.2706
1512956608.911,22.2809,57.2706
1512956609.911,22.2809,57.2629
1512956610.914,22.3023,57.2782
1512956611.914,22.2809,57.2782
1512956612.913,22.2916,57.2629
1512956613.913,22.3023,57.2553
1512956614.912,22.2916,57.2553
1512956615.912,22.2916,57.2324
1512956616.911,22.2809,57.2401
1512956617.911,22.3023,57.2477
1512956618.910,22.2916,57.2401
1512956619.910,22.2916,57.2172
1512956620.909,22.2916,57.2172
1512956621.909,22.2809,57.2172
1512956622.912,22.3023,57.2095
1512956623.912,22.2916,57.1866
1512956624.911,22.2916,57.2019
1512956625.911,22.2809,57.1866
1512956626.910,22.2916,57.1866
1512956627.910,22.2916,57.2019
1512956628.909,22.3023,57.1866
1512956629.909,22.3023,57.1638
1512956630.908,22.2702,57.1790
1512956631.908,22.2916,57.1790
1512956632.907,22.2916,57.1866
1512956633.907,22.2916,57.1638
1512956634.907,22.2916,57.1638
1512956635.910,22.2916,57.1638
1512956636.910,22.2809,57.1714
1512956637.909,22.3023,57.1561
1512956638.909,22.2916,57.1638
1512956639.908,22.2916,57.1790
1512956640.908,22.2916,57.1638
1512956641.907,22.3023,57.1714
1512956642.907,22.2809,57.1638
1512956643.906,22.2916,57.1866
1512956644.906,22.2702,57.1638
1512956645.905,22.2702,57.1866
1512956646.905,22.2916,57.1790
1512956647.908,22.2916,57.1790
1512956648.908,22.2702,57.2019
1512956649.907,22.2702,57.1943
1512956650.907,22.2702,57.1943
1512956651.906,22.2916,57.2095
1512956652.906,22.2702,57.2019
1512956653.905,22.2809,57.2095
1512956654.905,22.2916,57.1866
1512956655.904,22.2702,57.2019
1512956656.904,22.2702,57.1943
1512956657.903,22.2702,57.2019
1512956658.903,22.2809,57.2172
1512956659.906,22.2809,57.1943
1512956660.906,22.2595,57.2095
1512956661.905,22.2809,57.2019
1512956662.905,22.2702,57.2019
1512956663.905,22.2702,57.2095
1512956664.904,22.2702,57.2095
1512956665.904,22.2595,57.2172
1512956666.903,22.2702,57.2019
1512956667.903,22.3023,57.2019
1512956668.902,22.2702,57.2172
1512956669.902,22.2702,57.2172
1512956670.901,22.2809,57.2172
1512956671.901,22.2702,57.2172
1512956672.904,22.2809,57.2019
1512956673.904,22.2702,57.2172
1512956674.903,22.2809,57.2172
1512956675.903,22.2702,57.2019
1512956676.902,22.2702,57.2248
1512956677.902,22.2595,57.2172
1512956678.901,22.2702,57.2095
1512956679.901,22.2702,57.2095
1512956680.900,22.2595,57.2019
1512956681.900,22.2702,57.2019
1512956682.899,22.2702,57.2019
1512956683.899,22.2702,57.2172
1512956684.902,22.2809,57.2172
1512956685.902,22.2595,57.2172
1512956686.901,22.2702,57.2172
1512956687.901,22.2809,57.2019
1512956688.901,22.2595,57.2172
1512956689.900,22.2809,57.2172
1512956690.900,22.2702,57.2172
1512956691.899,22.2916,57.2172
1512956692.899,22.2702,57.2019
1512956693.898,22.2488,57.2172
1512956694.898,22.2595,57.2324
1512956695.897,22.2381,57.2324
1512956696.897,22.2488,57.2401
1512956697.900,22.2702,57.2248
1512956698.900,22.2488,57.2248
1512956699.899,22.2381,57.2095
1512956700.899,22.2488,57.2248
1512956701.898,22.2488,57.2248
1512956702.898,22.2274,57.2248
1512956703.897,22.2488,57.2095
1512956704.897,22.2381,57.2095
1512956705.896,22.2381,57.2248
1512956706.896,22.2381,57.2095
1512956707.899,22.2488,57.2248
1512956708.895,22.2381,57.2324
1512956709.898,22.2595,57.2172
1512956710.898,22.2595,57.2248
1512956711.897,22.2595,57.2172
1512956712.897,22.2381,57.2324
1512956713.896,22.2381,57.2248
1512956714.896,22.2595,57.2401
1512956715.895,22.2595,57.2324
1512956716.895,22.2381,57.2095
1512956717.894,22.2488,57.2248
1512956718.894,22.2381,57.2401
1512956719.894,22.2274,57.2172
1512956720.893,22.2595,57.2095
1512956721.893,22.2488,57.2248
1512956722.896,22.2488,57.2248
1512956723.896,22.2381,57.2401
1512956724.895,22.2274,57.2248
1512956725.895,22.2274,57.2324
1512956726.894,22.2274,57.2401
1512956727.894,22.2060,57.2401
1512956728.893,22.2381,57.2324
1512956729.893,22.2488,57.2324
1512956730.892,22.2381,57.2172
1512956731.892,22.2274,57.2172
1512956732.895,22.2488,57.2477
1512956733.891,22.2167,57.2248
1512956734.894,22.2167,57.2401
1512956735.894,22.2167,57.2172
1512956736.893,22.2274,57.2248
1512956737.893,22.2274,57.2324
1512956738.892,22.2381,57.2324
1512956739.892,22.2381,57.2553
1512956740.891,22.2167,57.2401
1512956741.891,22.2595,57.2248
1512956742.890,22.2274,57.2248
1512956743.890,22.2167,57.2477
1512956744.890,22.2274,57.2401
1512956745.889,22.2381,57.2324
1512956746.888,22.2274,57.2629
1512956747.892,22.2381,57.2553
1512956748.892,22.2381,57.2401
1512956749.891,22.2167,57.2401
1512956750.891,22.2381,57.2706
1512956751.890,22.2381,57.2401
1512956752.890,22.2274,57.2324
1512956753.889,22.2167,57.2401
1512956754.889,22.2274,57.2401
1512956755.888,22.2274,57.2629
1512956756.888,22.2274,57.2248
1512956757.891,22.2167,57.2477
1512956758.887,22.2381,57.2401
1512956759.890,22.2274,57.2248
1512956760.890,22.2167,57.2401
1512956761.889,22.2274,57.2477
1512956762.889,22.2274,57.2248
1512956763.888,22.2167,57.2324
1512956764.888,22.2274,57.2248
1512956765.887,22.2274,57.2248
1512956766.887,22.2274,57.2401
1512956767.886,22.2060,57.2629
1512956768.886,22.2060,57.2706
1512956769.886,22.2060,57.2401
1512956770.889,22.2274,57.2477
1512956771.888,22.2060,57.2629
1512956772.888,22.2274,57.2477
1512956773.888,22.2060,57.2553
1512956774.887,22.2167,57.2477
1512956775.887,22.1846,57.2629
1512956776.886,22.2167,57.2782
1512956777.886,22.1953,57.2782
1512956778.885,22.2274,57.2706
1512956779.885,22.2060,57.2935
1512956780.884,22.2274,57.2935
1512956781.884,22.2274,57.2935
1512956782.887,22.2274,57.2858
1512956783.883,22.2167,57.3087
1512956784.886,22.2274,57.3163
1512956785.886,22.2060,57.2935
1512956786.885,22.2274,57.3163
1512956787.885,22.2274,57.3240
1512956788.884,22.2274,57.3163
1512956789.884,22.2167,57.3087
1512956790.883,22.2274,57.3163
1512956791.883,22.2274,57.3240
1512956792.882,22.2060,57.3087
1512956793.882,22.2060,57.3392
1512956794.881,22.2167,57.3316
1512956795.885,22.2167,57.3240
1512956796.884,22.2167,57.3392
1512956797.884,22.1846,57.3240
1512956798.883,22.1953,57.3316
1512956799.883,22.2167,57.3469
1512956800.882,22.2060,57.3469
1512956801.882,22.1953,57.3392
1512956802.882,22.2167,57.3392
1512956803.881,22.2167,57.3392
1512956804.881,22.2167,57.3621
1512956805.880,22.2060,57.3621
1512956806.880,22.2060,57.3392
1512956807.883,22.1846,57.3392
1512956808.883,22.2060,57.3545
1512956809.882,22.2060,57.3392
1512956810.882,22.1846,57.3469
1512956811.881,22.1953,57.3316
1512956812.881,22.1846,57.3392
1512956813.880,22.1953,57.3316
1512956814.880,22.2060,57.3240
1512956815.879,22.1846,57.3392
1512956816.879,22.1846,57.3240
1512956817.878,22.1846,57.3087
1512956818.878,22.1846,57.3163
1512956819.881,22.1632,57.3087
1512956820.881,22.2060,57.3163
1512956821.880,22.1846,57.3087
1512956822.880,22.2167,57.3240
1512956823.879,22.1846,57.3087
1512956824.879,22.1953,57.3163
1512956825.878,22.2060,57.3240
1512956826.878,22.2060,57.3087
1512956827.877,22.1739,57.3316
1512956828.877,22.1846,57.3240
1512956829.876,22.1953,57.3240
1512956830.876,22.1953,57.3240
1512956831.876,22.1846,57.3240
1512956832.879,22.1953,57.3163
1512956833.878,22.1846,57.3240
1512956834.878,22.1739,57.3316
1512956835.878,22.1846,57.3392
1512956836.877,22.1846,57.3392
1512956837.877,22.1846,57.3316
1512956838.876,22.1739,57.3392
1512956839.876,22.1739,57.3469
1512956840.875,22.1953,57.3698
1512956841.875,22.1846,57.3621
1512956842.874,22.1846,57.3621
1512956843.874,22.1846,57.3621
1512956844.877,22.1632,57.3621
1512956845.877,22.1739,57.3545
1512956846.876,22.1846,57.3621
1512956847.876,22.1953,57.3774
1512956848.875,22.1846,57.3850
1512956849.875,22.1953,57.3774
1512956850.874,22.1846,57.3774
1512956851.874,22.2060,57.3698
1512956852.874,22.1953,57.3774
1512956853.873,22.1846,57.3774
1512956854.872,22.2060,57.3698
1512956855.872,22.1846,57.3774
1512956856.872,22.1846,57.3774
1512956857.875,22.1953,57.3774
1512956858.874,22.1846,57.3774
1512956859.874,22.1846,57.3926
1512956860.874,22.1846,57.3850
1512956861.873,22.1739,57.3774
1512956862.873,22.1953,57.4079
1512956863.872,22.1846,57.3926
1512956864.872,22.1846,57.4003
1512956865.871,22.1846,57.4003
1512956866.871,22.1846,57.3926
1512956867.870,22.1739,57.3926
1512956868.870,22.1846,57.3774
1512956869.873,22.1846,57.4003
1512956870.873,22.1846,57.3850
1512956871.872,22.1632,57.3850
1512956872.872,22.1739,57.3926
1512956873.871,22.1846,57.4079
1512956874.871,22.1953,57.3926
1512956875.870,22.1739,57.3850
1512956876.870,22.1846,57.3926
1512956877.869,22.1953,57.3774
1512956878.869,22.2060,57.3850
1512956879.868,22.2060,57.3850
1512956880.868,22.1846,57.3621
1512956881.867,22.1953,57.3774
1512956882.871,22.1846,57.3621
1512956883.870,22.1846,57.3698
1512956884.870,22.1953,57.3774
1512956885.869,22.1846,57.3926
1512956886.869,22.2060,57.3774
1512956887.868,22.1846,57.3698
1512956888.868,22.1739,57.3850
1512956889.868,22.1846,57.3774
1512956890.867,22.1739,57.3774
1512956891.867,22.1846,57.4079
1512956892.870,22.1739,57.3926
1512956893.866,22.1846,57.3698
1512956894.869,22.1953,57.3774
1512956895.869,22.1846,57.3774
1512956896.868,22.1739,57.3774
1512956897.868,22.1953,57.3698
1512956898.867,22.1739,57.3774
1512956899.867,22.1846,57.3850
1512956900.866,22.1632,57.3774
1512956901.866,22.1846,57.3850
1512956902.865,22.1632,57.3774
1512956903.865,22.1953,57.3774
1512956904.864,22.1739,57.3698
1512956905.864,22.1632,57.3774
1512956906.863,22.1846,57.3698
1512956907.867,22.1846,57.3926
1512956908.866,22.1739,57.3926
1512956909.866,22.1846,57.3774
1512956910.865,22.1739,57.3774
1512956911.865,22.2060,57.3926
1512956912.864,22.1739,57.3774
1512956913.864,22.1953,57.3926
1512956914.863,22.1953,57.3850
1512956915.863,22.1953,57.3774
1512956916.863,22.1953,57.3774
1512956917.866,22.1846,57.3850
1512956918.862,22.1953,57.3774
1512956919.865,22.2060,57.4003
1512956920.865,22.1846,57.3850
1512956921.864,22.1953,57.3850
1512956922.864,22.2060,57.3926
1512956923.863,22.1846,57.3850
1512956924.863,22.1953,57.3926
1512956925.862,22.1846,57.3621
1512956926.862,22.1953,57.3621
1512956927.861,22.1953,57.3545
1512956928.861,22.1846,57.3545
1512956929.860,22.1953,57.3621
1512956930.864,22.1953,57.3392
1512956931.863,22.2060,57.3621
1512956932.863,22.2060,57.3316
1512956933.862,22.1953,57.3240
1512956934.862,22.1953,57.3240
1512956935.861,22.2060,57.3163
1512956936.861,22.1846,57.3163
1512956937.860,22.1846,57.3163
1512956938.860,22.1846,57.3163
1512956939.860,22.1846,57.3240
1512956940.859,22.1953,57.3240
1512956941.858,22.2060,57.3240
1512956942.862,22.1846,57.3163
1512956943.857,22.2060,57.3163
1512956944.861,22.2060,57.3087
1512956945.861,22.2167,57.3163
1512956946.860,22.2167,57.3316
1512956947.860,22.2060,57.3087
1512956948.859,22.2060,57.3087
1512956949.859,22.1953,57.2935
1512956950.858,22.2167,57.3011
1512956951.858,22.1953,57.2858
1512956952.857,22.2167,57.2782
1512956953.857,22.2060,57.2629
1512956954.856,22.2060,57.2782
1512956955.860,22.1953,57.2858
1512956956.859,22.1953,57.2858
1512956957.859,22.2167,57.2553
1512956958.858,22.1846,57.2706
1512956959.858,22.1953,57.2553
1512956960.857,22.1846,57.2706
1512956961.857,22.2060,57.2553
1512956962.856,22.2167,57.2477
1512956963.856,22.1953,57.2401
1512956964.855,22.1953,57.2401
1512956965.855,22.1953,57.2401
1512956966.854,22.1953,57.2401
1512956967.858,22.1953,57.2629
1512956968.857,22.2060,57.2629
1512956969.857,22.2167,57.2477
1512956970.856,22.2060,57.2401
1512956971.856,22.1846,57.2477
1512956972.856,22.2060,57.2401
1512956973.855,22.2060,57.2477
1512956974.855,22.2060,57.2401
1512956975.854,22.2060,57.2324
1512956976.854,22.2060,57.2401
1512956977.853,22.2167,57.2248
1512956978.853,22.2167,57.2629
1512956979.856,22.2167,57.2401
1512956980.856,22.2060,57.2553
1512956981.855,22.2274,57.2553
1512956982.855,22.2060,57.2553
1512956983.854,22.2060,57.2553
1512956984.854,22.2060,57.2553
1512956985.853,22.2060,57.2553
1512956986.853,22.1953,57.2629
1512956987.852,22.2167,57.2477
1512956988.852,22.1953,57.2553
1512956989.851,22.2167,57.2553
1512956990.851,22.1953,57.2553
1512956991.850,22.1846,57.2553
1512956992.854,22.2167,57.2553
1512956993.853,22.2060,57.2553
1512956994.853,22.2060,57.2782
1512956995.852,22.1846,57.2553
1512956996.852,22.2167,57.2553
1512956997.852,22.2274,57.2477
1512956998.851,22.1846,57.2553
1512956999.851,22.1953,57.2629
1512957000.850,22.1953,57.2401
1512957001.850,22.1953,57.2324
1512957002.849,22.1846,57.2553
1512957003.849,22.1846,57.2477
1512957004.852,22.1846,57.2477
1512957005.852,22.2060,57.2401
1512957006.851,22.1953,57.2629
1512957007.851,22.1953,57.2553
1512957008.850,22.1846,57.2706
1512957009.850,22.1846,57.2553
1512957010.849,22.1846,57.2477
1512957011.849,22.1953,57.2706
1512957012.848,22.1953,57.2706
1512957013.848,22.1953,57.2706
1512957014.847,22.1846,57.2706
1512957015.847,22.1953,57.2553
1512957016.846,22.2060,57.2858
1512957017.850,22.1846,57.2629
1512957018.849,22.1739,57.2553
1512957019.849,22.1846,57.2629
1512957020.848,22.1846,57.2706
1512957021.848,22.1846,57.2629
1512957022.847,22.1846,57.2858
1512957023.847,22.1739,57.2782
1512957024.846,22.1846,57.2629
1512957025.846,22.1846,57.2553
1512957026.845,22.1846,57.2553
1512957027.849,22.1846,57.2629
1512957028.845,22.1953,57.2706
1512957029.848,22.1846,57.2706
1512957030.847,22.1846,57.2858
1512957031.847,22.1846,57.2706
1512957032.846,22.1846,57.2858
1512957033.846,22.1739,57.2782
1512957034.846,22.1846,57.2706
1512957035.845,22.1846,57.2706
1512957036.845,22.1953,57.2858
1512957037.844,22.1846,57.2629
1512957038.844,22.1739,57.2706
1512957039.843,22.1846,57.2629
1512957040.843,22.1846,57.2706
1512957041.842,22.1846,57.2782
1512957042.846,22.1846,57.2629
1512957043.845,22.1953,57.2782
1512957044.845,22.1846,57.2782
1512957045.844,22.1846,57.2782
1512957046.844,22.1632,57.2782
1512957047.843,22.1953,57.2553
1512957048.843,22.1739,57.2706
1512957049.842,22.1846,57.2706
1512957050.842,22.1739,57.2858
1512957051.841,22.1739,57.2553
1512957052.845,22.1632,57.2553
1512957053.841,22.1632,57.2629
1512957054.844,22.1739,57.2553
1512957055.843,22.1632,57.2553
1512957056.843,22.1739,57.2706
1512957057.842,22.1739,57.2553
1512957058.842,22.1846,57.2629
1512957059.842,22.1846,57.2553
1512957060.841,22.1632,57.2706
1512957061.840,22.1846,57.2553
1512957062.840,22.1846,57.2553
1512957063.840,22.1846,57.2553
1512957064.839,22.1419,57.2553
1512957065.843,22.1632,57.2553
1512957066.838,22.1739,57.2629
1512957067.842,22.1419,57.2706
1512957068.841,22.1739,57.2706
1512957069.841,22.1632,57.2706
1512957070.840,22.1632,57.2706
1512957071.840,22.1632,57.2706
1512957072.839,22.1739,57.2553
1512957073.839,22.1739,57.2706
1512957074.838,22.1632,57.2706
1512957075.838,22.1632,57.2629
1512957076.837,22.1739,57.2858
1512957077.841,22.1632,57.2782
1512957078.836,22.1312,57.2706
1512957079.840,22.1739,57.2706
1512957080.839,22.1525,57.2782
1512957081.839,22.1632,57.2782
1512957082.838,22.1419,57.2858
1512957083.838,22.1525,57.2858
1512957084.837,22.1525,57.2706
1512957085.837,22.1525,57.3011
1512957086.837,22.1419,57.2706
1512957087.836,22.1419,57.3011
1512957088.836,22.1632,57.2858
1512957089.835,22.1525,57.2858
1512957090.839,22.1632,57.2858
1512957091.838,22.1525,57.2935
1512957092.838,22.1525,57.3011
1512957093.837,22.1632,57.2858
1512957094.837,22.1525,57.3087
1512957095.836,22.1419,57.3087
1512957096.836,22.1632,57.3011
1512957097.835,22.1312,57.2858
1512957098.835,22.1312,57.3011
1512957099.834,22.1632,57.2935
1512957100.834,22.1419,57.3087
1512957101.833,22.1525,57.2935
1512957102.837,22.1525,57.3163
1512957103.836,22.1312,57.3087
1512957104.836,22.1312,57.2858
1512957105.835,22.1632,57.3087
1512957106.835,22.1525,57.3087
1512957107.834,22.1419,57.3240
1512957108.834,22.1525,57.2935
1512957109.833,22.1419,57.3240
1512957110.833,22.1419,57.3240
1512957111.833,22.1419,57.3163
1512957112.832,22.1419,57.3087
1512957113.832,22.1525,57.3392
1512957114.831,22.1312,57.3087
1512957115.835,22.1312,57.3240
1512957116.834,22.1419,57.3392
1512957117.834,22.1525,57.3316
1512957118.833,22.1525,57.3316
1512957119.833,22.1205,57.3316
1512957120.832,22.1419,57.3240
1512957121.832,22.1419,57.3316
1512957122.831,22.1419,57.3316
1512957123.831,22.1419,57.3316
1512957124.830,22.1525,57.3545
1512957125.830,22.1312,57.3316
1512957126.829,22.1525,57.3392
1512957127.833,22.1419,57.3316
1512957128.832,22.1205,57.3316
1512957129.832,22.1419,57.3316
1512957130.831,22.1312,57.3469
1512957131.831,22.1312,57.3469
1512957132.830,22.1419,57.3545
1512957133.830,22.1312,57.3469
1512957134.829,22.1205,57.3469
1512957135.829,22.1312,57.3392
1512957136.828,22.1419,57.3316
1512957137.828,22.1312,57.3316
1512957138.827,22.1525,57.3469
1512957139.831,22.1312,57.3545
1512957140.830,22.1312,57.3392
1512957141.830,22.1632,57.3469
1512957142.829,22.1312,57.3392
1512957143.829,22.1419,57.3545
1512957144.828,22.1098,57.3392
1512957145.828,22.1312,57.3545
1512957146.828,22.1419,57.3545
1512957147.827,22.1312,57.3469
1512957148.827,22.1419,57.3545
1512957149.826,22.1312,57.3698
1512957150.826,22.1098,57.3392
1512957151.825,22.1312,57.3774
1512957152.829,22.1205,57.3469
1512957153.828,22.1419,57.3698
1512957154.828,22.1419,57.3774
1512957155.827,22.1312,57.3698
1512957156.827,22.1205,57.3545
1512957157.826,22.1205,57.3545
1512957158.826,22.1419,57.3545
1512957159.825,22.1419,57.3621
1512957160.825,22.1419,57.3698
1512957161.824,22.1205,57.3850
1512957162.824,22.1419,57.3698
1512957163.823,22.1312,57.3621
1512957164.827,22.1312,57.3850
1512957165.826,22.1205,57.3774
1512957166.826,22.1205,57.3774
1512957167.825,22.1312,57.3774
1512957168.825,22.1419,57.3774
1512957169.824,22.1205,57.3698
1512957170.824,22.1098,57.3698
1512957171.824,22.1205,57.4003
1512957172.823,22.1312,57.3850
1512957173.823,22.1419,57.3850
1512957174.822,22.1312,57.3926
1512957175.826,22.1312,57.4079
1512957176.821,22.1312,57.3926
1512957177.824,22.1205,57.4155
1512957178.824,22.1419,57.4155
1512957179.824,22.1205,57.4155
1512957180.823,22.1312,57.4079
1512957181.823,22.1312,57.4079
1512957182.822,22.1098,57.4079
1512957183.822,22.1419,57.4155
1512957184.821,22.1312,57.4079
1512957185.821,22.1312,57.4232
1512957186.820,22.1205,57.4232
1512957187.824,22.1419,57.4079
1512957188.819,22.1419,57.4308
1512957189.823,22.1525,57.4384
1512957190.822,22.1098,57.4460
1512957191.822,22.1419,57.4384
1512957192.821,22.1419,57.4460
1512957193.821,22.1419,57.4384
1512957194.820,22.1205,57.4232
1512957195.820,22.1312,57.4308
1512957196.820,22.1419,57.4308
1512957197.819,22.1419,57.4232
1512957198.818,22.1312,57.4384
1512957199.818,22.1098,57.4308
1512957200.821,22.1419,57.4308
1512957201.817,22.1312,57.4460
1512957202.821,22.1312,57.4384
1512957203.820,22.1205,57.4232
1512957204.820,22.1419,57.4232
1512957205.819,22.1312,57.4384
1512957206.819,22.1419,57.4384
1512957207.818,22.1205,57.4155
1512957208.818,22.1098,57.4384
1512957209.817,22.0991,57.4232
1512957210.817,22.1312,57.4384
1512957211.816,22.1312,57.4384
1512957212.820,22.1098,57.4384
1512957213.819,22.1312,57.4232
1512957214.819,22.1419,57.4232
1512957215.818,22.1312,57.4384
1512957216.818,22.1205,57.4232
1512957217.817,22.1205,57.4384
1512957218.817,22.1098,57.4232
1512957219.816,22.1312,57.4384
1512957220.816,22.1205,57.4232
1512957221.815,22.1312,57.4232
1512957222.815,22.1312,57.4155
1512957223.814,22.1419,57.4232
1512957224.814,22.1419,57.4384
1512957225.817,22.1419,57.4232
1512957226.813,22.1312,57.4232
1512957227.816,22.1419,57.4155
1512957228.816,22.1419,57.4308
1512957229.816,22.1419,57.4308
1512957230.815,22.1419,57.4308
1512957231.815,22.1312,57.4232
1512957232.814,22.1525,57.4079
1512957233.814,22.1419,57.4232
1512957234.813,22.1525,57.4308
1512957235.813,22.1525,57.4308
1512957236.812,22.1419,57.4155
1512957237.816,22.1525,57.4308
1512957238.815,22.1525,57.4155
1512957239.815,22.1739,57.4155
1512957240.814,22.1419,57.4155
1512957241.814,22.1419,57.3850
1512957242.813,22.1419,57.4232
1512957243.813,22.1419,57.4003
1512957244.812,22.1419,57.4155
1512957245.812,22.1419,57.4079
1512957246.812,22.1419,57.3850
1512957247.811,22.1419,57.3774
1512957248.810,22.1312,57.3850
1512957249.810,22.1419,57.3850
1512957250.813,22.1312,57.4003
1512957251.813,22.1525,57.3926
1512957252.812,22.1205,57.3850
1512957253.812,22.1312,57.3698
1512957254.812,22.1525,57.3774
1512957255.811,22.1205,57.3545
1512957256.811,22.1312,57.3621
1512957257.810,22.1525,57.3621
1512957258.809,22.1419,57.3698
1512957259.809,22.1525,57.3698
1512957260.808,22.1525,57.3621
1512957261.808,22.1419,57.3621
1512957262.812,22.1312,57.3469
1512957263.811,22.1419,57.3469
1512957264.811,22.1205,57.3545
1512957265.810,22.1205,57.3698
1512957266.810,22.1205,57.3545
1512957267.809,22.1312,57.3469
1512957268.809,22.1312,57.3469
1512957269.808,22.1205,57.3316
1512957270.808,22.1312,57.3316
1512957271.807,22.1419,57.3469
1512957272.807,22.1312,57.3316
1512957273.806,22.1312,57.3392
1512957274.806,22.1419,57.3545
1512957275.809,22.1419,57.3621
1512957276.809,22.1312,57.3469
1512957277.808,22.0991,57.3392
1512957278.808,22.1312,57.3392
1512957279.807,22.1205,57.3545
1512957280.807,22.1419,57.3240
1512957281.806,22.1205,57.3240
1512957282.806,22.1312,57.3469
1512957283.805,22.1419,57.3392
1512957284.805,22.1205,57.3392
1512957285.809,22.1205,57.3392
1512957286.804,22.1312,57.3392
1512957287.807,22.1205,57.3392
1512957288.807,22.0991,57.3240
1512957289.807,22.1098,57.3316
1512957290.806,22.0991,57.3392
1512957291.806,22.1419,57.3392
1512957292.805,22.1312,57.3392
1512957293.805,22.0991,57.3316
1512957294.804,22.1098,57.3316
1512957295.804,22.1098,57.3392
1512957296.803,22.1098,57.3392
1512957297.803,22.1312,57.3469
1512957298.802,22.1205,57.3316
1512957299.806,22.1098,57.3240
1512957300.805,22.0884,57.3545
1512957301.805,22.1098,57.3621
1512957302.804,22.1205,57.3392
1512957303.804,22.0991,57.3392
1512957304.803,22.1312,57.3469
1512957305.803,22.1098,57.3316
1512957306.802,22.1312,57.3163
1512957307.802,22.1098,57.3392
1512957308.801,22.1205,57.3163
1512957309.801,22.1205,57.3316
1512957310.804,22.1205,57.3240
1512957311.800,22.0884,57.3316
1512957312.803,22.1098,57.3392
1512957313.803,22.0884,57.3240
1512957314.802,22.1098,57.3240
1512957315.802,22.0991,57.3316
1512957316.810,22.0884,57.3316
1512957317.801,22.1098,57.3163
1512957318.800,22.0884,57.3316
1512957319.800,22.0991,57.3316
1512957320.800,22.0991,57.3163
1512957321.799,22.0884,57.3316
1512957322.799,22.0991,57.3316
1512957323.802,22.0884,57.3316
1512957324.802,22.0991,57.3316
1512957325.801,22.0884,57.3163
1512957326.801,22.0777,57.3316
1512957327.800,22.1098,57.3163
1512957328.800,22.0884,57.3240
1512957329.799,22.0884,57.3316
1512957330.799,22.0884,57.3163
1512957331.798,22.0884,57.3316
1512957332.798,22.0991,57.3469
1512957333.797,22.0884,57.3163
1512957334.797,22.0884,57.3392
1512957335.800,22.0884,57.3316
1512957336.796,22.0991,57.3469
1512957337.799,22.0884,57.3469
1512957338.799,22.1098,57.3316
1512957339.798,22.0884,57.3621
1512957340.798,22.0884,57.3621
1512957341.797,22.0777,57.3545
1512957342.797,22.0884,57.3545
1512957343.796,22.0777,57.3850
1512957344.796,22.0884,57.3621
1512957345.796,22.0777,57.3774
1512957346.795,22.0777,57.3698
1512957347.798,22.0884,57.3850
1512957348.798,22.0884,57.3774
1512957349.798,22.0884,57.4079
1512957350.797,22.0884,57.3774
1512957351.797,22.0884,57.3926
1512957352.796,22.0884,57.4003
1512957353.796,22.0670,57.4079
1512957354.795,22.0991,57.4232
1512957355.795,22.0884,57.4308
1512957356.794,22.0670,57.4232
1512957357.794,22.0670,57.4308
1512957358.793,22.0884,57.4308
1512957359.793,22.0777,57.4232
1512957360.796,22.0670,57.4460
1512957361.796,22.0777,57.4460
1512957362.795,22.0777,57.4766
1512957363.795,22.0884,57.4613
1512957364.794,22.0884,57.4613
1512957365.794,22.0777,57.4689
1512957366.793,22.0884,57.4918
1512957367.793,22.0777,57.4842
1512957368.792,22.0884,57.4995
1512957369.792,22.0670,57.4995
1512957370.792,22.0884,57.5147
1512957371.791,22.0563,57.5223
1512957372.794,22.0777,57.5300
1512957373.794,22.0884,57.5300
1512957374.793,22.0884,57.5376
1512957375.793,22.0563,57.5452
1512957376.792,22.0670,57.5376
1512957377.792,22.0777,57.5529
1512957378.792,22.0670,57.5529
1512957379.791,22.0884,57.5757
1512957380.791,22.0670,57.5681
1512957381.790,22.0777,57.5834
1512957382.790,22.0777,57.5757
1512957383.789,22.0563,57.5834
1512957384.789,22.0777,57.5834
1512957385.792,22.0670,57.5834
1512957386.792,22.0777,57.5834
1512957387.791,22.0884,57.5986
1512957388.791,22.0884,57.5986
1512957389.790,22.0670,57.5986
1512957390.790,22.1098,57.5986
1512957391.789,22.0777,57.6063
1512957392.789,22.0777,57.5910
1512957393.788,22.0563,57.5834
1512957394.788,22.0777,57.5910
1512957395.791,22.0670,57.6063
1512957396.787,22.0670,57.6063
1512957397.790,22.0563,57.5910
1512957398.790,22.0777,57.5986
1512957399.790,22.0670,57.5834
1512957400.789,22.0563,57.6139
1512957401.789,22.0670,57.5986
1512957402.788,22.0670,57.5834
1512957403.788,22.0563,57.5986
1512957404.787,22.0884,57.6063
1512957405.786,22.0670,57.5910
1512957406.786,22.0563,57.5834
1512957407.786,22.0563,57.5986
1512957408.785,22.0563,57.5910
1512957409.785,22.0563,57.5834
1512957410.788,22.0456,57.5757
1512957411.788,22.0777,57.5681
1512957412.787,22.0456,57.5834
1512957413.787,22.0670,57.5910
1512957414.786,22.0349,57.5681
1512957415.786,22.0563,57.5834
1512957416.785,22.0563,57.5681
1512957417.785,22.0563,57.5910
1512957418.784,22.0563,57.5757
1512957419.784,22.0563,57.5529
1512957420.787,22.0670,57.5986
1512957421.783,22.0456,57.5834
1512957422.786,22.0563,57.5834
1512957423.786,22.0456,57.5986
1512957424.785,22.0456,57.5986
1512957425.785,22.0456,57.5834
1512957426.784,22.0456,57.6215
1512957427.784,22.0670,57.6063
1512957428.784,22.0456,57.5910
1512957429.783,22.0563,57.6215
1512957430.782,22.0563,57.6139
1512957431.782,22.0670,57.6368
1512957432.782,22.0563,57.6063
1512957433.785,22.0670,57.6215
1512957434.781,22.0563,57.6215
1512957435.784,22.0563,57.6292
1512957436.784,22.0456,57.6368
1512957437.783,22.0670,57.6292
1512957438.782,22.0670,57.6292
1512957439.782,22.0349,57.6368
1512957440.782,22.0670,57.6292
1512957441.781,22.0563,57.6292
1512957442.781,22.0777,57.6292
1512957443.780,22.0563,57.6215
1512957444.780,22.0456,57.5986
1512957445.783,22.0563,57.6368
1512957446.783,22.0456,57.6292
1512957447.782,22.0777,57.6292
1512957448.782,22.0563,57.6215
1512957449.781,22.0670,57.6215
1512957450.781,22.0884,57.6139
1512957451.780,22.0777,57.6368
1512957452.780,22.0670,57.6368
1512957453.779,22.0563,57.6215
1512957454.779,22.0670,57.6139
1512957455.778,22.0884,57.6368
1512957456.778,22.0670,57.6139
1512957457.777,22.0563,57.6215
1512957458.781,22.0563,57.6215
1512957459.780,22.0563,57.6368
1512957460.780,22.0563,57.6444
1512957461.779,22.0563,57.6444
1512957462.779,22.0563,57.6292
1512957463.778,22.0563,57.5986
1512957464.778,22.0670,57.6368
1512957465.778,22.0563,57.6215
1512957466.777,22.0670,57.6139
1512957467.777,22.0670,57.6063
1512957468.776,22.0777,57.6063
1512957469.776,22.0884,57.5910
1512957470.779,22.0670,57.5986
1512957471.779,22.0670,57.5986
1512957472.778,22.0563,57.5986
1512957473.778,22.0670,57.5986
1512957474.777,22.0456,57.5910
1512957475.777,22.0670,57.5757
1512957476.776,22.0670,57.5757
1512957477.776,22.0670,57.5910
1512957478.775,22.0563,57.5910
1512957479.775,22.0777,57.5757
1512957480.774,22.0777,57.5834
1512957481.774,22.0563,57.5834
1512957482.773,22.0670,57.5757
1512957483.777,22.0884,57.5757
1512957484.776,22.0884,57.5605
1512957485.776,22.0777,57.5681
1512957486.775,22.0884,57.5681
1512957487.775,22.0777,57.5681
1512957488.775,22.0884,57.5910
1512957489.774,22.0777,57.5834
1512957490.774,22.0670,57.5681
1512957491.773,22.0777,57.5529
1512957492.773,22.0670,57.5605
1512957493.772,22.0777,57.5300
1512957494.772,22.0777,57.5529
1512957495.775,22.0777,57.5300
1512957496.775,22.0670,57.5300
1512957497.774,22.0670,57.5147
1512957498.774,22.0670,57.5223
1512957499.773,22.0670,57.5300
1512957500.773,22.0777,57.5147
1512957501.772,22.0777,57.4918
1512957502.772,22.0777,57.4918
1512957503.771,22.0991,57.4918
1512957504.771,22.0884,57.4842
1512957505.770,22.0670,57.4842
1512957506.770,22.0884,57.4766
1512957507.773,22.0884,57.4689
1512957508.773,22.0884,57.4689
1512957509.772,22.0991,57.4537
1512957510.772,22.0991,57.4689
1512957511.771,22.1098,57.4537
1512957512.771,22.1312,57.4613
1512957513.770,22.1205,57.4384
1512957514.770,22.1419,57.4384
1512957515.769,22.1098,57.4537
1512957516.769,22.1205,57.4232
1512957517.769,22.1098,57.4232
1512957518.768,22.1205,57.4232
1512957519.768,22.1205,57.4232
1512957520.771,22.1098,57.4308
1512957521.770,22.1098,57.4003
1512957522.770,22.1098,57.3850
1512957523.770,22.1098,57.3698
1512957524.769,22.1205,57.3850
1512957525.769,22.1098,57.3850
1512957526.768,22.1098,57.3850
1512957527.768,22.0991,57.3698
1512957528.767,22.1205,57.3774
1512957529.767,22.1098,57.3621
1512957530.766,22.1205,57.3545
1512957531.766,22.1098,57.3469
1512957532.769,22.1205,57.3545
1512957533.769,22.1419,57.3545
1512957534.768,22.1312,57.3316
1512957535.768,22.0884,57.3316
1512957536.767,22.1098,57.3392
1512957537.767,22.1098,57.3316
1512957538.766,22.0884,57.3240
1512957539.766,22.0991,57.3316
1512957540.765,22.0991,57.3316
1512957541.765,22.1312,57.3011
1512957542.764,22.1312,57.3011
1512957543.768,22.1205,57.3011
1512957544.764,22.1312,57.2935
1512957545.767,22.1205,57.3011
1512957546.766,22.1205,57.3087
1512957547.766,22.1312,57.2935
1512957548.766,22.1205,57.2935
1512957549.765,22.1098,57.2782
1512957550.765,22.1205,57.2935
1512957551.764,22.1419,57.3011
1512957552.764,22.1312,57.2935
1512957553.763,22.1312,57.3011
1512957554.763,22.1205,57.2935
1512957555.766,22.1312,57.2782
1512957556.762,22.1312,57.2782
1512957557.765,22.0991,57.2858
1512957558.765,22.1098,57.3011
1512957559.764,22.1205,57.2858
1512957560.764,22.1205,57.3011
1512957561.763,22.1312,57.2858
1512957562.763,22.1205,57.2706
1512957563.762,22.1419,57.2706
1512957564.762,22.1312,57.2858
1512957565.761,22.1312,57.2782
1512957566.761,22.1419,57.2706
1512957567.760,22.1419,57.2935
1512957568.764,22.1419,57.2858
1512957569.759,22.1312,57.2858
1512957570.763,22.1312,57.2782
1512957571.762,22.1419,57.2706
1512957572.762,22.1419,57.2858
1512957573.762,22.1419,57.2782
1512957574.761,22.1419,57.2782
1512957575.760,22.1632,57.2782
1512957576.760,22.1632,57.2706
1512957577.760,22.1525,57.2782
1512957578.759,22.1525,57.2782
1512957579.759,22.1419,57.3011
1512957580.762,22.1312,57.2706
1512957581.762,22.1419,57.2858
1512957582.761,22.1525,57.2858
1512957583.761,22.1419,57.2858
1512957584.760,22.1419,57.2706
1512957585.760,22.1419,57.2935
1512957586.759,22.1312,57.2706
1512957587.759,22.1525,57.2858
1512957588.758,22.1312,57.2706
1512957589.758,22.1739,57.2706
1512957590.757,22.1312,57.2629
1512957591.757,22.1525,57.2553
1512957592.756,22.1419,57.2706
1512957593.760,22.1312,57.2553
1512957594.755,22.1419,57.2553
1512957595.759,22.1312,57.2477
1512957596.758,22.1419,57.2706
1512957597.758,22.1419,57.2553
1512957598.757,22.1312,57.2477
1512957599.757,22.1419,57.2477
1512957600.756,22.1525,57.2553
1512957601.756,22.1312,57.2401
1512957602.756,22.1205,57.2324
1512957603.755,22.1312,57.2248
1512957604.755,22.1205,57.2401
1512957605.758,22.1205,57.2477
1512957606.757,22.1312,57.2477
1512957607.757,22.1419,57.2553
1512957608.757,22.1205,57.2553
1512957609.756,22.1419,57.2477
1512957610.756,22.1312,57.2401
1512957611.755,22.1419,57.2401
1512957612.755,22.1205,57.2477
1512957613.754,22.1205,57.2401
1512957614.754,22.1205,57.2477
1512957615.753,22.1419,57.2248
1512957616.753,22.1205,57.2477
1512957617.752,22.1205,57.2477
1512957618.756,22.1205,57.2477
1512957619.755,22.0991,57.2553
1512957620.755,22.1419,57.2401
1512957621.754,22.1205,57.2401
1512957622.754,22.1205,57.2477
1512957623.753,22.1312,57.2629
1512957624.753,22.1419,57.2477
1512957625.752,22.1205,57.2477
1512957626.752,22.1098,57.2553
1512957627.751,22.1098,57.2629
1512957628.751,22.0991,57.2706
1512957629.750,22.0991,57.2477
1512957630.754,22.1312,57.2629
1512957631.753,22.1205,57.2858
1512957632.753,22.1205,57.2782
1512957633.752,22.1098,57.2782
1512957634.752,22.1098,57.2782
1512957635.752,22.0991,57.2782
1512957636.751,22.1098,57.3240
1512957637.751,22.1098,57.3163
1512957638.750,22.1098,57.3011
1512957639.750,22.0884,57.3163
1512957640.749,22.1205,57.3545
1512957641.749,22.1098,57.3545
1512957642.748,22.0991,57.3469
1512957643.752,22.1098,57.3621
1512957644.751,22.1205,57.3545
1512957645.751,22.0991,57.3774
1512957646.750,22.0991,57.3926
1512957647.750,22.1205,57.4003
1512957648.749,22.1312,57.3926
1512957649.749,22.1205,57.3926
1512957650.748,22.1205,57.4079
1512957651.748,22.1205,57.4003
1512957652.747,22.1312,57.4079
1512957653.747,22.1205,57.4155
1512957654.746,22.1312,57.4079
1512957655.750,22.0991,57.4155
1512957656.749,22.1312,57.4079
1512957657.749,22.1098,57.4079
1512957658.748,22.1419,57.4155
1512957659.748,22.1098,57.4232
1512957660.748,22.1098,57.4232
1512957661.747,22.1312,57.4232
1512957662.746,22.1312,57.4155
1512957663.746,22.1205,57.4079
1512957664.745,22.1205,57.4079
1512957665.745,22.1419,57.4384
1512957666.745,22.1312,57.4003
1512957667.748,22.1205,57.4232
1512957668.748,22.1419,57.4079
1512957669.747,22.1312,57.4003
1512957670.747,22.1205,57.3926
1512957671.746,22.1312,57.3850
1512957672.746,22.1205,57.3774
1512957673.745,22.1205,57.3774
1512957674.745,22.1205,57.3698
1512957675.744,22.1419,57.3621
1512957676.747,22.1419,57.3545
1512957677.743,22.1419,57.3316
1512957678.747,22.1312,57.3392
1512957679.742,22.1525,57.3545
1512957680.746,22.1098,57.3392
1512957681.745,22.1525,57.3240
1512957682.745,22.1525,57.3240
1512957683.744,22.1312,57.3392
1512957684.744,22.1419,57.3316
1512957685.744,22.1632,57.3240
1512957686.743,22.1419,57.3240
1512957687.742,22.1525,57.3087
1512957688.742,22.1419,57.3163
1512957689.741,22.1419,57.3163
1512957690.741,22.1312,57.3163
1512957691.740,22.1525,57.3087
1512957692.744,22.1312,57.3011
1512957693.744,22.1419,57.3163
1512957694.743,22.1419,57.2935
1512957695.742,22.1312,57.3011
1512957696.742,22.1312,57.3087
1512957697.742,22.1419,57.2935
1512957698.741,22.1419,57.2858
1512957699.741,22.1419,57.2706
1512957700.740,22.1419,57.2706
1512957701.740,22.1419,57.2858
1512957702.739,22.1419,57.2629
1512957703.743,22.1419,57.2706
1512957704.738,22.1632,57.2629
1512957705.742,22.1632,57.2629
1512957706.741,22.1419,57.2553
1512957707.741,22.1312,57.2477
1512957708.740,22.1419,57.2477
1512957709.740,22.1632,57.2401
1512957710.739,22.1419,57.2324
1512957711.739,22.1312,57.2324
1512957712.738,22.1632,57.2553
1512957713.738,22.1632,57.2401
1512957714.737,22.1632,57.2629
1512957715.741,22.1525,57.2553
1512957716.736,22.1525,57.2401
1512957717.740,22.1632,57.2706
1512957718.739,22.1632,57.2553
1512957719.739,22.1525,57.2553
1512957720.738,22.1739,57.2706
1512957721.738,22.1419,57.2706
1512957722.738,22.1525,57.2858
1512957723.737,22.1419,57.2858
1512957724.737,22.1632,57.2858
1512957725.736,22.1419,57.2858
1512957726.736,22.1632,57.2935
1512957727.735,22.1632,57.2935
1512957728.739,22.1419,57.3011
1512957729.734,22.1419,57.2858
1512957730.738,22.1739,57.2706
1512957731.737,22.1312,57.2935
1512957732.737,22.1419,57.2782
1512957733.736,22.1525,57.2553
1512957734.736,22.1632,57.2706
1512957735.735,22.1632,57.2629
1512957736.735,22.1419,57.2706
1512957737.734,22.1419,57.2706
1512957738.734,22.1525,57.2782
1512957739.733,22.1632,57.2706
1512957740.737,22.1632,57.2401
1512957741.736,22.1739,57.2629
1512957742.736,22.1525,57.2477
1512957743.736,22.1632,57.2553
1512957744.735,22.1846,57.2477
1512957745.734,22.1632,57.2553
1512957746.734,22.1632,57.2553
1512957747.733,22.1632,57.2401
1512957748.733,22.1739,57.2324
1512957749.732,22.1632,57.2324
1512957750.732,22.1632,57.2324
1512957751.732,22.1632,57.2248
1512957752.731,22.1739,57.2172
1512957753.735,22.1632,57.2172
1512957754.730,22.1739,57.2172
1512957755.733,22.1739,57.2019
1512957756.733,22.1632,57.1790
1512957757.733,22.1846,57.2019
1512957758.732,22.1846,57.1866
1512957759.732,22.1846,57.2019
1512957760.731,22.1846,57.2019
1512957761.731,22.1846,57.1943
1512957762.730,22.1953,57.1866
1512957763.730,22.1846,57.1790
1512957764.729,22.1846,57.1485
1512957765.733,22.1739,57.1638
1512957766.732,22.2060,57.1638
1512957767.732,22.1739,57.1485
1512957768.731,22.1846,57.1409
1512957769.731,22.1953,57.1485
1512957770.730,22.1953,57.1256
1512957771.730,22.1953,57.1180
1512957772.729,22.1846,57.1104
1512957773.729,22.1846,57.1256
1512957774.728,22.1953,57.1104
1512957775.728,22.1846,57.1027
1512957776.728,22.1846,57.0951
1512957777.727,22.1739,57.0951
1512957778.730,22.1953,57.0951
1512957779.730,22.1846,57.0951
1512957780.729,22.1953,57.0722
1512957781.729,22.2060,57.0798
1512957782.729,22.1953,57.0875
1512957783.728,22.2060,57.0875
1512957784.728,22.1953,57.0722
1512957785.727,22.1953,57.0722
1512957786.727,22.1953,57.0722
1512957787.726,22.1953,57.0569
1512957788.726,22.1846,57.0569
1512957789.725,22.2060,57.0722
1512957790.729,22.1953,57.0493
1512957791.728,22.2060,57.0493
1512957792.728,22.1953,57.0417
1512957793.727,22.2167,57.0417
1512957794.727,22.2167,57.0417
1512957795.726,22.2060,57.0569
1512957796.726,22.1953,57.0341
1512957797.725,22.2060,57.0341
1512957798.725,22.2167,57.0569
1512957799.724,22.2167,57.0417
1512957800.724,22.2060,57.0417
1512957801.723,22.2060,57.0417
1512957802.723,22.2060,57.0646
1512957803.726,22.1846,57.0493
1512957804.726,22.2274,57.0569
1512957805.725,22.1953,57.0569
1512957806.725,22.2167,57.0569
1512957807.725,22.1846,57.0569
1512957808.724,22.1953,57.0722
1512957809.723,22.2167,57.0417
1512957810.723,22.2060,57.0569
1512957811.723,22.1739,57.0569
1512957812.722,22.1953,57.0646
1512957813.722,22.1739,57.0569
1512957814.721,22.1846,57.0493
1512957815.725,22.2060,57.0569
1512957816.724,22.1846,57.0417
1512957817.724,22.1846,57.0569
1512957818.723,22.1953,57.0417
1512957819.723,22.1846,57.0264
1512957820.722,22.1846,57.0417
1512957821.722,22.1953,57.0417
1512957822.721,22.1953,57.0264
1512957823.721,22.1953,57.0417
1512957824.720,22.1739,57.0341
1512957825.720,22.1846,57.0188
1512957826.719,22.1846,57.0264
1512957827.723,22.1846,57.0417
1512957828.722,22.1846,57.0112
1512957829.722,22.1632,57.0264
1512957830.721,22.1846,57.0341
1512957831.721,22.1846,57.0264
1512957832.720,22.1846,57.0264
1512957833.720,22.1846,57.0264
1512957834.719,22.1846,57.0264
1512957835.719,22.1846,57.0264
1512957836.719,22.1846,57.0417
1512957837.718,22.1846,57.0417
1512957838.718,22.1846,57.0569
1512957839.717,22.2060,57.0417
1512957840.721,22.1632,57.0493
1512957841.720,22.1846,57.0569
1512957842.720,22.1846,57.0646
1512957843.719,22.1846,57.0798
1512957844.719,22.1846,57.0875
1512957845.718,22.2060,57.0798
1512957846.718,22.1846,57.0569
1512957847.717,22.1953,57.0569
1512957848.717,22.1846,57.0722
1512957849.716,22.1953,57.0646
1512957850.716,22.1846,57.0646
1512957851.715,22.1739,57.0493
1512957852.719,22.1953,57.0569
1512957853.718,22.1739,57.0646
1512957854.718,22.1739,57.0569
1512957855.717,22.1846,57.0569
1512957856.717,22.1739,57.0493
1512957857.716,22.1739,57.0569
1512957858.716,22.1846,57.0569
1512957859.715,22.1846,57.0493
1512957860.715,22.1846,57.0798
1512957861.714,22.1846,57.0646
1512957862.714,22.1953,57.0569
1512957863.714,22.2060,57.0798
1512957864.713,22.2060,57.0569
1512957865.716,22.2167,57.0569
1512957866.716,22.2060,57.0722
1512957867.716,22.2167,57.0493
1512957868.715,22.1953,57.0569
1512957869.715,22.1953,57.0417
1512957870.714,22.1846,57.0493
1512957871.714,22.2060,57.0417
1512957872.713,22.2060,57.0569
1512957873.713,22.2060,57.0417
1512957874.712,22.1846,57.0112
1512957875.716,22.1953,57.0264
1512957876.711,22.1953,57.0341
1512957877.715,22.1846,57.0341
1512957878.714,22.1846,57.0188
1512957879.714,22.1846,57.0188
1512957880.713,22.1739,57.0264
1512957881.713,22.1846,57.0112
1512957882.712,22.1846,57.0264
1512957883.712,22.1739,57.0035
1512957884.711,22.1846,57.0035
1512957885.711,22.2060,57.0035
1512957886.710,22.1953,57.0112
1512957887.710,22.1739,57.0035
1512957888.709,22.1739,56.9959
1512957889.709,22.1953,57.0035
1512957890.712,22.1632,56.9959
1512957891.712,22.1846,57.0264
1512957892.711,22.1846,57.0035
1512957893.711,22.1739,56.9883
1512957894.710,22.1632,57.0035
1512957895.710,22.1632,57.0035
1512957896.710,22.1846,57.0264
1512957897.709,22.1846,57.0188
1512957898.709,22.1632,57.0112
1512957899.708,22.1739,57.0188
1512957900.712,22.1846,57.0112
1512957901.707,22.1739,57.0035
1512957902.711,22.1632,57.0264
1512957903.710,22.1846,57.0264
1512957904.710,22.1632,57.0112
1512957905.709,22.1525,57.0035
1512957906.709,22.1846,57.0264
1512957907.708,22.1739,57.0035
1512957908.708,22.1632,57.0188
1512957909.707,22.1632,57.0188
1512957910.707,22.1632,57.0264
1512957911.706,22.1632,57.0417
1512957912.706,22.1632,57.0417
1512957913.705,22.1632,57.0417
1512957914.705,22.1632,57.0341
1512957915.712,22.1525,57.0417
1512957916.708,22.1632,57.0417
1512957917.707,22.1739,57.0341
1512957918.707,22.1525,57.0569
1512957919.706,22.1632,57.0493
1512957920.706,22.1739,57.0569
1512957921.705,22.1739,57.0569
1512957922.705,22.1632,57.0569
1512957923.704,22.1632,57.0722
1512957924.704,22.1846,57.0722
1512957925.707,22.1846,57.0798
1512957926.703,22.1846,57.0798
1512957927.707,22.1632,57.0722
1512957928.706,22.1846,57.0875
1512957929.706,22.1632,57.0951
1512957930.705,22.1632,57.0798
1512957931.704,22.1846,57.0875
1512957932.704,22.1632,57.0875
1512957933.704,22.1632,57.0951
1512957934.703,22.1525,57.0875
1512957935.703,22.1632,57.0875
1512957936.702,22.1632,57.0951
1512957937.702,22.1525,57.0951
1512957938.701,22.1632,57.1027
1512957939.705,22.1739,57.1027
1512957940.704,22.1739,57.0798
1512957941.704,22.1632,57.0951
1512957942.703,22.1846,57.1104
1512957943.703,22.1739,57.0951
1512957944.702,22.1419,57.1104
1512957945.702,22.1739,57.0951
1512957946.701,22.1632,57.1104
1512957947.701,22.1846,57.0951
1512957948.701,22.1739,57.1027
1512957949.700,22.1739,57.0951
1512957950.704,22.1632,57.1027
1512957951.699,22.1846,57.0951
1512957952.702,22.1419,57.0951
1512957953.702,22.1632,57.1027
1512957954.702,22.1953,57.0875
1512957955.701,22.1632,57.1027
1512957956.700,22.1739,57.0798
1512957957.700,22.1846,57.0951
1512957958.700,22.1846,57.0875
1512957959.699,22.1632,57.0798
1512957960.699,22.1846,57.0569
1512957961.698,22.1632,57.0569
1512957962.698,22.1846,57.0722
1512957963.701,22.2060,57.0417
1512957964.701,22.1953,57.0569
1512957965.700,22.1846,57.0493
1512957966.700,22.1846,57.0569
1512957967.699,22.1953,57.0569
1512957968.699,22.1953,57.0417
1512957969.698,22.1953,57.0264
1512957970.698,22.1953,57.0417
1512957971.697,22.2060,57.0112
