timestamp,humidity
1514588532.643,47.9551
1514588533.642,47.9551
1514588534.642,47.9780
1514588535.641,48.0009
1514588536.641,48.0009
1514588537.640,48.0085
1514588538.640,48.0237
1514588539.639,48.0237
1514588540.639,48.0543
1514588541.638,48.0619
1514588542.638,48.0390
1514588543.637,48.0695
1514588544.637,48.0695
1514588545.640,48.0695
1514588546.636,48.0695
1514588547.639,48.0619
1514588548.639,48.0543
1514588549.638,48.0695
1514588550.638,48.0619
1514588551.637,48.0771
1514588552.637,48.0924
1514588553.636,48.0848
1514588554.636,48.0848
1514588555.635,48.0848
1514588556.635,48.0848
1514588557.634,48.0771
1514588558.634,48.0924
1514588559.637,48.0924
1514588560.637,48.0848
1514588561.636,48.0771
1514588562.636,48.0848
1514588563.636,48.0924
1514588564.635,48.0848
1514588565.635,48.0848
1514588566.634,48.0848
1514588567.634,48.0695
1514588568.633,48.0543
1514588569.633,48.0695
1514588570.632,48.0543
1514588571.632,48.0619
1514588572.631,48.0466
1514588573.635,48.0390
1514588574.634,48.0390
1514588575.634,48.0390
1514588576.633,48.0237
1514588577.758,48.0237
1514588578.632,48.0085
1514588579.632,47.9780
1514588580.631,48.0085
1514588581.631,47.9856
1514588582.630,47.9551
1514588583.630,47.9551
1514588584.629,47.9474
1514588585.629,47.9398
1514588586.632,47.9474
1514588587.628,47.9169
1514588588.631,47.9322
1514588589.631,47.9246
1514588590.630,47.9169
1514588591.630,47.9093
1514588592.629,47.9093
1514588593.629,47.8940
1514588594.628,47.8864
1514588595.628,47.8712
1514588596.628,47.8559
1514588597.627,47.8788
1514588598.630,47.8559
1514588599.626,47.8635
1514588600.630,47.8559
1514588601.629,47.8330
1514588602.628,47.8483
1514588603.628,47.8330
1514588604.628,47.8177
1514588605.627,47.8254
1514588606.627,47.8254
1514588607.626,47.8177
1514588608.626,47.8101
1514588609.625,47.8101
1514588610.625,47.8101
1514588611.624,47.8025
1514588612.624,47.8101
1514588613.627,47.8025
1514588614.627,47.8101
1514588615.626,47.8254
1514588616.626,47.8025
1514588617.625,47.8177
1514588618.625,47.8177
1514588619.624,47.8101
1514588620.624,47.8177
1514588621.623,47.8025
1514588622.623,47.8177
1514588623.622,47.8101
1514588624.622,47.8177
1514588625.621,47.8177
1514588626.621,47.8177
1514588627.624,47.8406
1514588628.624,47.8330
1514588629.623,47.8483
1514588630.623,47.8406
1514588631.622,47.8559
1514588632.622,47.8406
1514588633.622,47.8559
1514588634.621,47.8635
1514588635.621,47.8330
1514588636.620,47.8483
1514588637.620,47.8559
1514588638.619,47.8788
1514588639.623,47.8788
1514588640.618,47.8788
1514588641.621,47.8712
1514588642.621,47.8788
1514588643.621,47.8635
1514588644.620,47.8559
1514588645.620,47.8483
1514588646.619,47.8483
1514588647.618,47.8483
1514588648.618,47.8406
1514588649.618,47.8101
1514588650.617,47.8177
1514588651.617,47.8254
1514588652.616,47.8025
1514588653.620,47.8177
1514588654.619,47.8254
1514588655.619,47.7872
1514588656.618,47.7949
1514588657.618,47.8025
1514588658.617,47.8101
1514588659.617,47.8101
1514588660.616,47.7872
1514588661.616,47.8025
1514588662.615,47.7949
1514588663.615,47.7872
1514588664.614,47.7872
1514588665.614,47.7720
1514588666.613,47.7872
1514588667.613,47.7720
1514588668.616,47.7872
1514588669.616,47.7567
1514588670.615,47.7567
1514588671.615,47.7643
1514588672.614,47.7643
1514588673.614,47.7643
1514588674.613,47.7872
1514588675.613,47.7720
1514588676.612,47.7949
1514588677.612,47.7872
1514588678.612,47.7872
1514588679.611,47.7949
1514588680.615,47.7872
1514588681.610,47.7949
1514588682.613,47.7872
1514588683.613,47.7872
1514588684.613,47.7720
1514588685.612,47.7872
1514588686.612,47.7567
1514588687.611,47.7872
1514588688.611,47.7567
1514588689.610,47.7872
1514588690.610,47.7720
1514588691.609,47.7567
1514588692.609,47.7720
1514588693.608,47.7872
1514588694.612,47.7872
1514588695.611,47.8101
1514588696.611,47.7949
1514588697.610,47.8025
1514588698.610,47.8101
1514588699.609,47.8101
1514588700.609,47.8406
1514588701.608,47.8406
1514588702.608,47.8330
1514588703.607,47.8559
1514588704.607,47.8559
1514588705.606,47.8483
1514588706.606,47.8712
1514588707.609,47.8788
1514588708.605,47.8788
1514588709.608,47.8864
1514588710.608,47.8864
1514588711.607,47.8940
1514588712.607,47.9017
1514588713.606,47.9246
1514588714.606,47.9169
1514588715.605,47.9474
1514588716.605,47.9322
1514588717.605,47.9246
1514588718.604,47.9474
1514588719.603,47.9551
1514588720.603,47.9627
1514588721.607,47.9627
1514588722.606,47.9627
1514588723.606,47.9627
1514588724.605,47.9627
1514588725.605,47.9703
1514588726.604,47.9627
1514588727.604,47.9474
1514588728.603,47.9627
1514588729.603,47.9474
1514588730.602,47.9322
1514588731.602,47.9398
1514588732.601,47.9246
1514588733.605,47.9169
1514588734.600,47.9017
1514588735.604,47.8940
1514588736.603,47.8788
1514588737.603,47.8635
1514588738.602,47.8483
1514588739.602,47.8483
1514588740.601,47.8483
1514588741.601,47.8483
1514588742.600,47.8330
1514588743.600,47.8177
1514588744.599,47.8025
1514588745.599,47.8025
1514588746.598,47.8101
1514588747.598,47.8025
1514588748.601,47.7949
1514588749.601,47.7720
1514588750.600,47.7567
1514588751.600,47.7415
1514588752.600,47.7338
1514588753.599,47.7415
1514588754.598,47.7109
1514588755.598,47.7186
1514588756.597,47.7186
1514588757.597,47.7262
1514588758.597,47.6957
1514588759.596,47.7109
1514588760.596,47.6957
1514588761.595,47.6957
1514588762.599,47.7186
1514588763.598,47.6957
1514588764.598,47.7109
1514588765.597,47.7262
1514588766.596,47.7262
1514588767.596,47.7262
1514588768.596,47.7415
1514588769.595,47.7415
1514588770.595,47.7643
1514588771.594,47.7567
1514588772.594,47.7872
1514588773.593,47.8025
1514588774.597,47.8101
1514588775.592,47.8101
1514588776.596,47.8406
1514588777.595,47.8406
1514588778.595,47.8635
1514588779.594,47.8864
1514588780.594,47.9017
1514588781.593,47.8940
1514588782.593,47.9169
1514588783.592,47.9093
1514588784.592,47.9093
1514588785.591,47.9093
1514588786.591,47.9093
1514588787.591,47.9017
1514588788.590,47.8940
1514588789.593,47.8864
1514588790.593,47.9017
1514588791.592,47.8635
1514588792.592,47.8559
1514588793.591,47.8483
1514588794.591,47.8330
1514588795.590,47.8177
1514588796.590,47.8101
1514588797.590,47.8177
1514588798.589,47.7872
1514588799.588,47.8101
1514588800.588,47.8101
1514588801.592,47.7949
1514588802.587,47.7949
1514588803.590,47.7720
1514588804.590,47.7949
1514588805.590,47.7949
1514588806.589,47.7949
1514588807.589,47.7949
1514588808.588,47.8025
1514588809.588,47.7949
1514588810.587,47.8101
1514588811.587,47.8177
1514588812.586,47.7949
1514588813.909,47.8101
1514588814.585,47.8177
1514588815.589,47.7872
1514588816.588,47.7949
1514588817.588,47.8101
1514588818.587,47.7949
1514588819.587,47.7949
1514588820.586,47.8101
1514588821.586,47.7796
1514588822.585,47.7872
1514588823.585,47.7872
1514588824.584,47.7796
1514588825.584,47.8025
1514588826.583,47.7949
1514588827.583,47.7796
1514588828.582,47.8101
1514588829.586,47.7796
1514588830.586,47.7949
1514588831.585,47.8025
1514588832.584,47.8025
1514588833.584,47.7872
1514588834.583,47.7949
1514588835.583,47.7949
1514588836.583,47.7949
1514588837.582,47.7796
1514588838.582,47.7643
1514588839.581,47.7720
1514588840.580,47.7796
1514588841.580,47.7796
1514588842.584,47.7720
1514588843.579,47.7872
1514588844.583,47.7567
1514588845.582,47.7796
1514588846.582,47.7720
1514588847.581,47.7643
1514588848.581,47.7949
1514588849.580,47.7643
1514588850.580,47.7872
1514588851.579,47.7872
1514588852.579,47.7872
1514588853.578,47.7949
1514588854.578,47.8025
1514588855.577,47.7872
1514588856.581,47.7872
1514588857.580,47.7949
1514588858.580,47.7796
1514588859.579,47.7872
1514588860.579,47.7949
1514588861.578,47.7872
1514588862.578,47.7796
1514588863.577,47.7872
1514588864.577,47.7720
1514588865.576,47.7949
1514588866.576,47.7872
1514588867.576,47.7720
1514588868.575,47.7567
1514588869.578,47.7567
1514588870.578,47.7567
1514588871.577,47.7491
1514588872.577,47.7262
1514588873.576,47.7109
1514588874.576,47.7109
1514588875.576,47.6957
1514588876.575,47.7186
1514588877.574,47.7186
1514588878.574,47.6880
1514588879.574,47.6804
1514588880.573,47.6880
1514588881.573,47.6957
1514588882.572,47.6804
1514588883.575,47.6804
1514588884.575,47.6575
1514588885.574,47.6423
1514588886.574,47.6194
1514588887.574,47.6270
1514588888.573,47.6118
1514588889.573,47.6118
1514588890.572,47.5965
1514588891.572,47.5965
1514588892.571,47.5660
1514588893.571,47.5812
1514588894.570,47.5507
1514588895.574,47.5736
1514588896.569,47.5583
1514588897.573,47.5583
1514588898.572,47.5507
1514588899.572,47.5355
1514588900.571,47.5202
1514588901.571,47.5049
1514588902.570,47.4973
1514588903.570,47.4897
1514588904.569,47.4668
1514588905.569,47.4821
1514588906.568,47.4668
1514588907.568,47.4668
1514588908.567,47.4363
1514588909.571,47.4515
1514588910.570,47.4515
1514588911.570,47.4592
1514588912.569,47.4515
1514588913.569,47.4592
1514588914.568,47.4744
1514588915.568,47.4897
1514588916.567,47.5126
1514588917.567,47.5355
1514588918.566,47.5278
1514588919.566,47.5431
1514588920.566,47.5507
1514588921.565,47.5736
1514588922.565,47.5965
1514588923.564,47.6041
1514588924.568,47.6194
1514588925.567,47.6194
1514588926.567,47.6346
1514588927.566,47.6575
1514588928.566,47.6575
1514588929.565,47.6728
1514588930.565,47.6652
1514588931.564,47.6804
1514588932.564,47.6957
1514588933.563,47.6957
1514588934.563,47.6728
1514588935.562,47.7033
1514588936.566,47.6957
1514588937.561,47.7109
1514588938.565,47.7033
1514588939.564,47.6880
1514588940.564,47.7186
1514588941.563,47.7033
1514588942.563,47.6880
1514588943.562,47.6880
1514588944.562,47.6804
1514588945.561,47.6804
1514588946.561,47.6728
1514588947.560,47.6652
1514588948.560,47.6499
1514588949.559,47.6346
1514588950.563,47.6423
1514588951.562,47.6270
1514588952.562,47.6194
1514588953.561,47.6270
1514588954.561,47.6118
1514588955.560,47.6041
1514588956.560,47.6041
1514588957.560,47.6118
1514588958.559,47.6194
1514588959.558,47.5889
1514588960.558,47.5889
1514588961.558,47.5889
1514588962.557,47.5812
1514588963.557,47.5812
1514588964.556,47.6041
1514588965.559,47.5889
1514588966.559,47.6041
1514588967.558,47.6194
1514588968.558,47.6041
1514588969.558,47.5889
1514588970.557,47.6194
1514588971.557,47.6118
1514588972.556,47.5889
1514588973.556,47.6041
1514588974.555,47.5736
1514588975.555,47.5889
1514588976.554,47.5736
1514588977.558,47.5660
1514588978.553,47.5660
1514588979.557,47.5736
1514588980.556,47.5660
1514588981.556,47.5507
1514588982.555,47.5431
1514588983.555,47.5431
1514588984.554,47.5583
1514588985.554,47.5431
1514588986.553,47.5583
1514588987.553,47.5583
1514588988.552,47.5431
1514588989.556,47.5355
1514588990.551,47.5278
1514588991.556,47.5278
1514588992.554,47.5202
1514588993.554,47.5202
1514588994.553,47.5202
1514588995.553,47.5049
1514588996.552,47.4821
1514588997.552,47.4821
1514588998.552,47.4821
1514588999.551,47.4744
1514589000.551,47.4821
1514589001.550,47.4515
1514589002.549,47.4668
1514589003.549,47.4668
1514589004.553,47.4973
1514589005.552,47.5049
1514589006.551,47.4821
1514589007.551,47.4897
1514589008.550,47.4821
1514589009.550,47.4744
1514589010.550,47.4973
1514589011.549,47.4821
1514589012.549,47.4973
1514589013.548,47.4821
1514589014.548,47.4821
1514589015.547,47.4821
1514589016.547,47.4897
1514589017.546,47.4897
1514589018.550,47.4973
1514589019.549,47.4973
1514589020.549,47.4973
1514589021.548,47.4821
1514589022.548,47.4821
1514589023.547,47.4744
1514589024.547,47.4821
1514589025.546,47.4821
1514589026.546,47.4821
1514589027.545,47.4592
1514589028.545,47.4744
1514589029.544,47.4668
1514589030.548,47.4668
1514589031.543,47.4744
1514589032.547,47.4515
1514589033.546,47.4515
1514589034.546,47.4363
1514589035.545,47.4286
1514589036.545,47.4286
1514589037.544,47.4058
1514589038.544,47.3905
1514589039.544,47.3905
1514589040.543,47.3752
1514589041.543,47.3524
1514589042.542,47.3371
1514589043.541,47.3142
1514589044.541,47.3142
1514589045.545,47.2837
1514589046.544,47.2990
1514589047.544,47.2761
1514589048.543,47.2761
1514589049.543,47.2455
1514589050.542,47.2455
1514589051.542,47.2303
1514589052.541,47.2379
1514589053.541,47.2150
1514589054.540,47.2074
1514589055.540,47.1845
1514589056.539,47.1998
1514589057.539,47.1998
1514589058.538,47.1998
1514589059.542,47.1998
1514589060.541,47.2074
1514589061.541,47.2150
1514589062.540,47.1845
1514589063.540,47.1769
1514589064.539,47.1998
1514589065.539,47.1845
1514589066.538,47.1921
1514589067.538,47.1693
1514589068.537,47.1769
1514589069.537,47.1693
1514589070.536,47.1693
1514589071.540,47.1693
1514589072.535,47.1616
1514589073.539,47.1845
1514589074.538,47.1769
1514589075.538,47.1845
1514589076.537,47.1998
1514589077.537,47.1998
1514589078.536,47.2074
1514589079.536,47.2150
1514589080.535,47.1998
1514589081.535,47.2150
1514589082.535,47.2150
1514589083.534,47.2150
1514589084.534,47.2379
1514589085.537,47.2227
1514589086.536,47.2379
1514589087.536,47.2379
1514589088.536,47.2379
1514589089.535,47.2455
1514589090.535,47.2303
1514589091.534,47.2303
1514589092.534,47.2455
1514589093.533,47.2608
1514589094.533,47.2455
1514589095.532,47.2455
1514589096.532,47.2837
1514589097.531,47.2608
1514589098.531,47.2608
1514589099.530,47.2684
1514589100.534,47.2608
1514589101.533,47.2837
1514589102.533,47.2608
1514589103.532,47.2532
1514589104.532,47.2455
1514589105.531,47.2608
1514589106.531,47.2379
1514589107.530,47.2379
1514589108.530,47.2379
1514589109.529,47.2303
1514589110.529,47.2227
1514589111.528,47.1998
1514589112.532,47.1921
1514589113.527,47.1693
1514589114.531,47.1921
1514589115.530,47.1845
1514589116.530,47.1845
1514589117.529,47.1921
1514589118.529,47.1921
1514589119.528,47.1921
1514589120.528,47.1998
1514589121.527,47.1998
1514589122.527,47.2150
1514589123.527,47.2303
1514589124.526,47.2379
1514589125.526,47.2455
1514589126.529,47.2379
1514589127.528,47.2608
1514589128.528,47.2608
1514589129.528,47.2761
1514589130.527,47.2532
1514589131.527,47.2455
1514589132.526,47.2532
1514589133.525,47.2455
1514589134.525,47.2455
1514589135.525,47.2379
1514589136.524,47.2227
1514589137.524,47.2303
1514589138.523,47.2227
1514589139.527,47.2227
1514589140.522,47.2150
1514589141.526,47.2074
1514589142.525,47.1921
1514589143.525,47.1921
1514589144.524,47.1769
1514589145.524,47.1998
1514589146.523,47.1769
1514589147.523,47.1616
1514589148.522,47.1693
1514589149.522,47.1616
1514589150.521,47.1464
1514589151.521,47.1464
1514589152.520,47.1464
1514589153.524,47.1387
1514589154.523,47.1158
1514589155.523,47.1006
1514589156.522,47.1082
1514589157.522,47.0701
1514589158.521,47.0624
1514589159.521,47.0548
1514589160.520,47.0319
1514589161.520,47.0319
1514589162.520,47.0167
1514589163.519,47.0014
1514589164.519,47.0014
1514589165.522,47.0014
1514589166.518,47.0014
1514589167.521,46.9861
1514589168.521,47.0014
1514589169.520,47.0014
1514589170.519,47.0014
1514589171.519,47.0014
1514589172.519,47.0014
1514589173.518,46.9938
1514589174.518,47.0014
1514589175.517,47.0167
1514589176.517,46.9938
1514589177.516,47.0167
1514589178.516,47.0167
1514589179.515,47.0167
1514589180.519,47.0243
1514589181.518,47.0472
1514589182.518,47.0548
1514589183.517,47.0548
1514589184.517,47.0777
1514589185.516,47.0777
1514589186.516,47.0853
1514589187.515,47.1006
1514589188.515,47.1158
1514589189.514,47.0930
1514589190.514,47.1158
1514589191.513,47.1158
1514589192.513,47.1387
1514589193.512,47.1387
1514589194.516,47.1311
1514589195.515,47.1387
1514589196.515,47.1464
1514589197.514,47.1387
1514589198.514,47.1616
1514589199.513,47.1540
1514589200.513,47.1693
1514589201.512,47.1387
1514589202.512,47.1693
1514589203.511,47.1693
1514589204.511,47.1845
1514589205.510,47.1845
1514589206.514,47.1693
1514589207.509,47.1998
1514589208.513,47.1998
1514589209.512,47.1921
1514589210.512,47.1921
1514589211.511,47.1769
1514589212.511,47.1845
1514589213.510,47.1769
1514589214.510,47.1845
1514589215.510,47.1769
1514589216.509,47.1540
1514589217.509,47.1464
1514589218.508,47.1387
1514589219.508,47.1311
1514589220.507,47.1311
1514589221.511,47.1082
1514589222.510,47.1082
1514589223.510,47.1158
1514589224.509,47.1082
1514589225.509,47.0930
1514589226.508,47.0853
1514589227.508,47.0853
1514589228.507,47.1006
1514589229.507,47.1006
1514589230.506,47.1006
1514589231.506,47.0930
1514589232.505,47.1082
1514589233.509,47.1006
1514589234.504,47.1082
1514589235.508,47.1006
1514589236.507,47.1235
1514589237.507,47.1158
1514589238.506,47.1158
1514589239.506,47.1158
1514589240.505,47.1235
1514589241.505,47.1082
1514589242.504,47.1006
1514589243.504,47.0930
1514589244.503,47.0624
1514589245.503,47.0548
1514589246.502,47.0624
1514589247.506,47.0548
1514589248.505,47.0396
1514589249.505,47.0167
1514589250.504,47.0090
1514589251.504,46.9785
1514589252.503,46.9785
1514589253.503,46.9785
1514589254.502,46.9709
1514589255.502,46.9480
1514589256.501,46.9404
1514589257.501,46.9099
1514589258.501,46.8946
1514589259.500,46.8870
1514589260.500,46.8717
1514589261.503,46.8564
1514589262.502,46.8412
1514589263.502,46.8183
1514589264.501,46.8336
1514589265.501,46.8183
1514589266.501,46.8336
1514589267.500,46.8107
1514589268.500,46.8030
1514589269.499,46.7878
1514589270.499,46.7878
1514589271.498,46.7725
1514589272.498,46.8030
1514589273.497,46.7878
1514589274.501,46.8030
1514589275.496,46.7725
1514589276.500,46.7802
1514589277.499,46.7802
1514589278.499,46.7649
1514589279.498,46.7573
1514589280.498,46.7725
1514589281.497,46.7725
1514589282.497,46.7573
1514589283.496,46.7573
1514589284.496,46.7496
1514589285.495,46.7649
1514589286.495,46.7496
1514589287.494,46.7649
1514589288.498,46.7573
1514589289.497,46.7725
1514589290.497,46.7649
1514589291.496,46.7649
1514589292.496,46.7496
1514589293.495,46.7496
1514589294.495,46.7420
1514589295.494,46.7496
1514589296.494,46.7420
1514589297.493,46.7420
1514589298.493,46.7267
1514589299.492,46.7420
1514589300.492,46.7344
1514589301.491,46.7573
1514589302.495,46.7267
1514589303.494,46.7267
1514589304.494,46.7420
1514589305.493,46.7420
1514589306.493,46.7496
1514589307.492,46.7496
1514589308.492,46.7420
1514589309.492,46.7420
1514589310.491,46.7573
1514589311.491,46.7420
1514589312.490,46.7573
1514589313.490,46.7649
1514589314.489,46.7725
1514589315.493,46.7649
1514589316.488,46.7725
1514589317.492,46.7725
1514589318.491,46.7725
1514589319.491,46.7725
1514589320.490,46.7496
1514589321.490,46.7496
1514589322.489,46.7725
1514589323.489,46.7420
1514589324.488,46.7573
1514589325.488,46.7496
1514589326.487,46.7649
1514589327.487,46.7496
1514589328.486,46.7573
1514589329.490,46.7420
1514589330.489,46.7344
1514589331.489,46.7725
1514589332.488,46.7496
1514589333.488,46.7725
1514589334.487,46.7649
1514589335.487,46.7573
1514589336.486,46.7649
1514589337.486,46.7573
1514589338.485,46.7496
1514589339.485,46.7649
1514589340.484,46.7573
1514589341.488,46.7420
1514589342.483,46.7496
1514589343.487,46.7496
1514589344.486,46.7267
1514589345.486,46.7420
1514589346.485,46.7573
1514589347.485,46.7420
1514589348.484,46.7573
1514589349.484,46.7496
1514589350.483,46.7649
1514589351.483,46.7725
1514589352.483,46.7802
1514589353.482,46.7725
1514589354.482,46.7878
1514589355.481,46.8030
1514589356.485,46.8030
1514589357.484,46.8107
1514589358.483,46.8259
1514589359.483,46.8107
1514589360.482,46.8336
1514589361.482,46.8107
1514589362.482,46.8412
1514589363.481,46.8336
1514589364.481,46.8412
1514589365.480,46.8488
1514589366.480,46.8336
1514589367.479,46.8564
1514589368.483,46.8488
1514589369.478,46.8641
1514589370.482,46.8488
1514589371.481,46.8564
1514589372.481,46.8564
1514589373.480,46.8641
1514589374.480,46.8793
1514589375.479,46.8641
1514589376.479,46.8793
1514589377.478,46.8641
1514589378.478,46.8793
1514589379.477,46.8870
1514589380.477,46.8717
1514589381.476,46.8793
1514589382.480,46.8488
1514589383.479,46.8564
1514589384.479,46.8641
1514589385.478,46.8488
1514589386.478,46.8488
1514589387.477,46.8564
1514589388.477,46.8336
1514589389.476,46.8412
1514589390.476,46.8336
1514589391.475,46.8259
1514589392.475,46.8183
1514589393.474,46.7954
1514589394.474,46.7878
1514589395.474,46.7725
1514589396.473,46.7649
1514589397.476,46.7573
1514589398.476,46.7496
1514589399.476,46.7344
1514589400.475,46.7115
1514589401.475,46.7039
1514589402.474,46.7039
1514589403.473,46.6962
1514589404.473,46.6886
1514589405.473,46.6657
1514589406.472,46.6657
1514589407.472,46.6581
1514589408.471,46.6428
1514589409.475,46.6428
1514589410.470,46.6352
1514589411.474,46.6428
1514589412.473,46.6199
1514589413.473,46.6199
1514589414.472,46.6505
1514589415.472,46.6352
1514589416.471,46.6352
1514589417.471,46.6352
1514589418.470,46.6199
1514589419.470,46.6428
1514589420.469,46.6352
1514589421.469,46.6428
1514589422.468,46.6428
1514589423.472,46.6276
1514589424.471,46.6199
1514589425.471,46.6428
1514589426.470,46.6352
1514589427.470,46.6123
1514589428.469,46.6199
1514589429.469,46.6199
1514589430.468,46.6047
1514589431.468,46.5970
1514589432.467,46.5818
1514589433.467,46.5818
1514589434.466,46.5818
1514589435.466,46.5894
1514589436.466,46.5894
1514589437.469,46.5970
1514589438.468,46.5742
1514589439.468,46.5970
1514589440.467,46.5818
1514589441.467,46.5894
1514589442.466,46.6047
1514589443.466,46.5894
1514589444.466,46.5818
1514589445.465,46.5818
1514589446.465,46.6123
1514589447.464,46.6123
1514589448.464,46.6276
1514589449.463,46.6047
1514589450.467,46.6199
1514589451.462,46.6123
1514589452.466,46.6199
1514589453.465,46.6047
1514589454.465,46.6352
1514589455.464,46.6123
1514589456.464,46.6123
1514589457.463,46.6047
1514589458.463,46.6123
1514589459.462,46.5970
1514589460.462,46.5970
1514589461.461,46.5818
1514589462.465,46.5818
1514589463.460,46.5436
1514589464.464,46.5513
1514589465.463,46.5360
1514589466.463,46.5360
1514589467.462,46.5360
1514589468.462,46.5284
1514589469.461,46.5208
1514589470.461,46.5208
1514589471.460,46.5131
1514589472.460,46.5284
1514589473.459,46.5208
1514589474.459,46.5055
1514589475.458,46.5055
1514589476.458,46.4979
1514589477.461,46.5055
1514589478.461,46.4902
1514589479.460,46.4826
1514589480.460,46.4750
1514589481.459,46.4826
1514589482.459,46.4597
1514589483.458,46.4597
1514589484.458,46.4521
1514589485.457,46.4521
1514589486.457,46.4597
1514589487.457,46.4521
1514589488.456,46.4368
1514589489.456,46.4521
1514589490.455,46.4445
1514589491.459,46.4521
1514589492.458,46.4673
1514589493.458,46.4597
1514589494.457,46.4597
1514589495.457,46.4826
1514589496.456,46.4826
1514589497.456,46.4826
1514589498.455,46.4826
1514589499.455,46.4750
1514589500.454,46.4826
1514589501.454,46.4826
1514589502.453,46.4902
1514589503.457,46.4979
1514589504.452,46.4979
1514589505.456,46.5208
1514589506.455,46.5055
1514589507.455,46.5208
1514589508.454,46.5284
1514589509.454,46.5360
1514589510.453,46.5284
1514589511.453,46.5360
1514589512.452,46.5436
1514589513.452,46.5360
1514589514.451,46.5665
1514589515.451,46.5665
1514589516.450,46.5513
1514589517.454,46.5665
1514589518.453,46.5436
1514589519.453,46.5665
1514589520.452,46.5513
1514589521.452,46.5665
1514589522.451,46.5665
1514589523.451,46.5665
1514589524.450,46.5665
1514589525.450,46.5742
1514589526.449,46.5589
1514589527.449,46.5818
1514589528.449,46.5665
1514589529.448,46.5665
1514589530.448,46.5818
1514589531.447,46.5894
1514589532.451,46.5589
1514589533.450,46.5665
1514589534.450,46.5665
1514589535.449,46.5360
1514589536.449,46.5513
1514589537.448,46.5513
1514589538.448,46.5513
1514589539.447,46.5513
1514589540.447,46.5665
1514589541.446,46.5436
1514589542.446,46.5513
1514589543.445,46.5513
1514589544.449,46.5665
1514589545.444,46.5589
1514589546.448,46.5818
1514589547.447,46.5513
1514589548.447,46.5589
1514589549.446,46.5665
1514589550.446,46.5589
1514589551.445,46.5742
1514589552.445,46.5742
1514589553.444,46.5665
1514589554.444,46.5818
1514589555.443,46.5589
1514589556.443,46.5665
1514589557.442,46.5665
1514589558.446,46.5818
1514589559.445,46.5894
1514589560.445,46.5665
1514589561.444,46.6047
1514589562.444,46.5818
1514589563.443,46.6047
1514589564.443,46.6123
1514589565.442,46.5818
1514589566.442,46.5970
1514589567.441,46.6047
1514589568.441,46.6123
1514589569.440,46.6047
1514589570.440,46.6047
1514589571.443,46.6276
1514589572.439,46.6123
1514589573.442,46.6047
1514589574.442,46.6199
1514589575.441,46.6123
1514589576.441,46.6199
1514589577.440,46.6123
1514589578.440,46.6047
1514589579.439,46.6047
1514589580.439,46.6123
1514589581.439,46.6199
1514589582.438,46.6199
1514589583.438,46.6123
1514589584.437,46.6276
1514589585.441,46.6123
1514589586.440,46.6276
1514589587.440,46.6123
1514589588.439,46.6276
1514589589.439,46.6199
1514589590.438,46.6352
1514589591.438,46.6276
1514589592.437,46.6123
1514589593.437,46.6276
1514589594.436,46.6428
1514589595.436,46.6352
1514589596.435,46.6276
1514589597.439,46.6276
1514589598.434,46.6123
1514589599.438,46.6047
1514589600.437,46.6047
1514589601.437,46.5970
1514589602.436,46.5970
1514589603.436,46.5818
1514589604.435,46.5742
1514589605.435,46.5589
1514589606.434,46.5742
1514589607.434,46.5742
1514589608.433,46.5513
1514589609.433,46.5742
1514589610.432,46.5742
1514589611.432,46.5513
1514589612.435,46.5513
1514589613.435,46.5436
1514589614.434,46.5436
1514589615.434,46.5360
1514589616.433,46.5513
1514589617.433,46.5131
1514589618.432,46.5131
1514589619.432,46.4979
1514589620.431,46.5055
1514589621.431,46.5284
1514589622.430,46.5284
1514589623.430,46.5208
1514589624.429,46.5131
1514589625.429,46.5131
1514589626.432,46.5131
1514589627.432,46.5208
1514589628.431,46.5208
1514589629.431,46.5436
1514589630.431,46.5284
1514589631.430,46.5208
1514589632.430,46.5055
1514589633.429,46.4979
1514589634.429,46.4826
1514589635.428,46.4826
1514589636.428,46.4521
1514589637.596,46.4521
1514589638.438,46.4368
1514589639.426,46.4368
1514589640.430,46.4368
1514589641.429,46.4292
1514589642.429,46.4216
1514589643.428,46.4673
1514589644.428,46.4368
1514589645.427,46.4368
1514589646.427,46.4445
1514589647.426,46.4445
1514589648.426,46.4368
1514589649.425,46.4368
1514589650.425,46.4368
1514589651.424,46.4597
1514589652.424,46.4368
1514589653.427,46.4292
1514589654.427,46.4445
1514589655.426,46.4368
1514589656.426,46.4597
1514589657.425,46.4368
1514589658.425,46.4368
1514589659.424,46.4521
1514589660.424,46.4445
1514589661.424,46.4368
1514589662.426,46.4521
1514589663.423,46.4597
1514589664.422,46.4597
1514589665.425,46.4521
1514589666.421,46.4368
1514589667.424,46.4368
1514589668.424,46.4445
1514589669.423,46.4521
1514589670.423,46.4445
1514589671.422,46.4521
1514589672.422,46.4368
1514589673.421,46.4521
1514589674.421,46.4597
1514589675.421,46.4826
1514589676.420,46.4673
1514589677.420,46.4750
1514589678.419,46.4979
1514589679.423,46.4902
1514589680.422,46.4750
1514589681.421,46.4826
1514589682.421,46.4902
1514589683.421,46.5055
1514589684.420,46.4826
1514589685.420,46.4979
1514589686.419,46.5055
1514589687.419,46.4979
1514589688.418,46.4902
1514589689.418,46.5131
1514589690.417,46.5284
1514589691.417,46.5284
1514589692.416,46.5360
1514589693.420,46.5436
1514589694.419,46.5513
1514589695.419,46.5513
1514589696.418,46.5589
1514589697.418,46.5665
1514589698.417,46.5436
1514589699.417,46.5436
1514589700.416,46.5436
1514589701.416,46.5513
1514589702.415,46.5513
1514589703.415,46.5589
1514589704.414,46.5742
1514589705.414,46.5436
1514589706.417,46.5436
1514589707.413,46.5284
1514589708.416,46.5513
1514589709.416,46.5360
1514589710.416,46.5436
1514589711.415,46.5131
1514589712.414,46.5131
1514589713.414,46.5284
1514589714.413,46.5131
1514589715.413,46.4902
1514589716.413,46.4979
1514589717.412,46.4979
1514589718.412,46.5055
1514589719.411,46.4979
1514589720.414,46.5131
1514589721.414,46.5131
1514589722.414,46.5055
1514589723.413,46.5055
1514589724.413,46.5131
1514589725.412,46.5131
1514589726.412,46.5208
1514589727.411,46.5284
1514589728.411,46.5284
1514589729.410,46.5284
1514589730.410,46.5436
1514589731.409,46.5284
1514589732.409,46.5436
1514589733.408,46.5436
1514589734.412,46.5284
1514589735.411,46.5284
1514589736.411,46.5284
1514589737.410,46.5284
1514589738.410,46.5360
1514589739.409,46.5436
1514589740.409,46.5436
1514589741.408,46.5284
1514589742.408,46.5513
1514589743.407,46.5513
1514589744.407,46.5436
1514589745.406,46.5436
1514589746.406,46.5284
1514589747.409,46.5436
1514589748.405,46.5436
1514589749.408,46.5436
1514589750.408,46.5589
1514589751.407,46.5436
1514589752.407,46.5665
1514589753.407,46.5513
1514589754.406,46.5818
1514589755.406,46.5665
1514589756.405,46.5589
1514589757.404,46.5665
1514589758.404,46.5742
1514589759.408,46.5818
1514589760.403,46.5818
1514589761.407,46.5818
1514589762.406,46.5665
1514589763.405,46.5894
1514589764.405,46.5742
1514589765.405,46.5665
1514589766.404,46.5818
1514589767.404,46.5513
1514589768.403,46.5818
1514589769.403,46.5589
1514589770.402,46.5436
1514589771.402,46.5513
1514589772.401,46.5665
1514589773.405,46.5589
1514589774.404,46.5436
1514589775.404,46.5284
1514589776.403,46.5513
1514589777.403,46.5284
1514589778.402,46.5589
1514589779.402,46.5665
1514589780.401,46.5513
1514589781.401,46.5665
1514589782.400,46.5665
1514589783.400,46.5742
1514589784.399,46.5589
1514589785.399,46.5818
1514589786.398,46.5665
1514589787.398,46.5665
1514589788.401,46.5665
1514589789.401,46.5742
1514589790.400,46.5665
1514589791.400,46.5742
1514589792.399,46.5742
1514589793.399,46.5513
1514589794.398,46.5742
1514589795.398,46.5894
1514589796.397,46.5742
1514589797.397,46.5742
1514589798.397,46.5589
1514589799.396,46.5665
1514589800.399,46.5360
1514589801.395,46.5436
1514589802.398,46.5436
1514589803.398,46.5513
1514589804.398,46.5436
1514589805.397,46.5208
1514589806.397,46.5208
1514589807.396,46.5131
1514589808.395,46.4902
1514589809.395,46.4902
1514589810.395,46.4826
1514589811.394,46.4673
1514589812.394,46.4521
1514589813.393,46.4445
1514589814.397,46.4216
1514589815.396,46.4292
1514589816.396,46.4216
1514589817.395,46.4216
1514589818.395,46.4063
1514589819.394,46.3911
1514589820.394,46.3758
1514589821.393,46.3834
1514589822.393,46.3911
1514589823.392,46.3987
1514589824.392,46.3605
1514589825.391,46.3682
1514589826.391,46.3834
1514589827.390,46.4063
1514589828.390,46.3834
1514589829.393,46.4063
1514589830.393,46.4139
1514589831.392,46.4216
1514589832.392,46.4292
1514589833.391,46.4368
1514589834.391,46.4292
1514589835.390,46.4368
1514589836.390,46.4445
1514589837.389,46.4521
1514589838.389,46.4521
1514589839.389,46.4597
1514589840.388,46.4521
1514589841.391,46.4597
1514589842.387,46.4750
1514589843.390,46.4597
1514589844.390,46.4750
1514589845.390,46.4826
1514589846.389,46.4902
1514589847.388,46.4902
1514589848.388,46.4750
1514589849.388,46.4750
1514589850.387,46.4673
1514589851.386,46.4673
1514589852.386,46.4597
1514589853.386,46.4750
1514589854.385,46.4902
1514589855.389,46.4902
1514589856.388,46.4826
1514589857.388,46.4750
1514589858.387,46.4750
1514589859.387,46.4750
1514589860.386,46.4750
1514589861.386,46.4673
1514589862.385,46.4445
1514589863.385,46.4445
1514589864.384,46.4445
1514589865.384,46.4292
1514589866.383,46.4292
1514589867.383,46.4139
1514589868.382,46.4063
1514589869.386,46.4063
1514589870.385,46.4063
1514589871.385,46.3911
1514589872.384,46.3911
1514589873.384,46.3758
1514589874.383,46.3834
1514589875.383,46.3682
1514589876.382,46.3682
1514589877.382,46.3682
1514589878.381,46.3682
1514589879.381,46.3758
1514589880.380,46.3758
1514589881.380,46.3453
1514589882.383,46.3453
1514589883.379,46.3300
1514589884.382,46.3376
1514589885.382,46.3300
1514589886.381,46.3300
1514589887.381,46.3300
1514589888.380,46.3071
1514589889.380,46.3300
1514589890.380,46.3071
1514589891.379,46.3224
1514589892.379,46.3148
1514589893.378,46.3300
1514589894.382,46.3071
1514589895.377,46.3148
1514589896.381,46.2995
1514589897.380,46.2919
1514589898.380,46.2842
1514589899.379,46.2995
1514589900.379,46.2995
1514589901.378,46.2995
1514589902.378,46.2842
1514589903.377,46.2995
1514589904.377,46.2842
1514589905.376,46.2995
1514589906.376,46.2842
1514589907.375,46.2766
1514589908.375,46.2766
1514589909.378,46.2919
1514589910.378,46.2842
1514589911.377,46.2842
1514589912.377,46.2919
1514589913.376,46.2919
1514589914.376,46.2842
1514589915.375,46.2690
1514589916.375,46.2919
1514589917.374,46.2690
1514589918.374,46.2919
1514589919.373,46.2842
1514589920.373,46.2690
1514589921.372,46.2766
1514589922.372,46.2537
1514589923.375,46.2537
1514589924.375,46.2766
1514589925.374,46.2461
1514589926.374,46.2690
1514589927.373,46.2537
1514589928.373,46.2461
1514589929.372,46.2385
1514589930.372,46.2537
1514589931.371,46.2461
1514589932.371,46.2385
1514589933.370,46.2537
1514589934.370,46.2385
1514589935.374,46.2537
1514589936.369,46.2385
1514589937.372,46.2614
1514589938.372,46.2614
1514589939.372,46.2766
1514589940.371,46.2842
1514589941.371,46.2919
1514589942.370,46.2919
1514589943.370,46.2995
1514589944.369,46.3148
1514589945.369,46.3300
1514589946.368,46.3376
1514589947.368,46.3453
1514589948.367,46.3453
1514589949.371,46.3453
1514589950.370,46.3758
1514589951.370,46.3758
1514589952.369,46.3682
1514589953.369,46.3834
1514589954.368,46.3834
1514589955.368,46.3834
1514589956.367,46.3834
1514589957.367,46.3911
1514589958.366,46.4063
1514589959.366,46.3911
1514589960.365,46.4139
1514589961.365,46.4139
1514589962.364,46.4216
1514589963.364,46.4139
1514589964.367,46.4292
1514589965.367,46.4368
1514589966.366,46.4139
1514589967.366,46.4139
1514589968.365,46.4292
1514589969.365,46.4139
1514589970.364,46.4139
1514589971.364,46.4139
1514589972.363,46.4139
1514589973.363,46.4063
1514589974.363,46.3911
1514589975.362,46.4063
1514589976.365,46.3911
1514589977.361,46.3987
1514589978.365,46.4063
1514589979.364,46.3834
1514589980.363,46.3911
1514589981.363,46.3758
1514589982.363,46.3605
1514589983.362,46.3529
1514589984.362,46.3529
1514589985.361,46.3453
1514589986.361,46.3529
1514589987.360,46.3453
1514589988.360,46.3376
1514589989.359,46.3453
1514589990.363,46.3300
1514589991.362,46.3453
1514589992.362,46.3453
1514589993.361,46.3453
1514589994.361,46.3453
1514589995.360,46.3376
1514589996.359,46.3453
1514589997.359,46.3605
1514589998.359,46.3376
1514589999.358,46.3453
1514590000.358,46.3453
1514590001.357,46.3300
1514590002.357,46.3376
1514590003.360,46.3224
1514590004.356,46.3224
1514590005.359,46.3148
1514590006.359,46.3224
1514590007.358,46.3376
1514590008.358,46.3453
1514590009.357,46.3300
1514590010.357,46.3453
1514590011.356,46.3453
1514590012.356,46.3376
1514590013.355,46.3453
1514590014.355,46.3300
1514590015.354,46.3453
1514590016.354,46.3071
1514590017.357,46.3224
1514590018.357,46.2995
1514590019.356,46.3071
1514590020.356,46.2919
1514590021.356,46.2919
1514590022.355,46.2537
1514590023.355,46.2461
1514590024.354,46.2385
1514590025.353,46.2308
1514590026.353,46.2308
1514590027.352,46.2079
1514590028.352,46.1927
1514590029.356,46.1927
1514590030.351,46.1851
1514590031.355,46.1469
1514590032.354,46.1469
1514590033.354,46.1469
1514590034.353,46.1545
1514590035.353,46.1622
1514590036.352,46.1393
1514590037.352,46.1317
1514590038.351,46.1469
1514590039.351,46.1545
1514590040.350,46.1469
1514590041.350,46.1545
1514590042.349,46.1469
1514590043.349,46.1393
1514590044.352,46.1469
1514590045.352,46.1393
1514590046.351,46.1393
1514590047.351,46.1469
1514590048.350,46.1469
1514590049.350,46.1469
1514590050.349,46.1469
1514590051.349,46.1545
1514590052.348,46.1469
1514590053.348,46.1774
1514590054.347,46.1622
1514590055.347,46.1698
1514590056.346,46.1622
1514590057.346,46.1927
1514590058.349,46.1927
1514590059.349,46.2003
1514590060.348,46.2003
1514590061.348,46.2079
1514590062.347,46.1927
1514590063.347,46.2079
1514590064.346,46.2079
1514590065.346,46.2003
1514590066.346,46.1851
1514590067.345,46.1851
1514590068.344,46.1774
1514590069.344,46.1851
1514590070.348,46.1851
1514590071.343,46.1774
1514590072.346,46.1622
1514590073.346,46.1622
1514590074.346,46.1698
1514590075.345,46.1469
1514590076.345,46.1851
1514590077.344,46.1698
1514590078.344,46.1698
1514590079.343,46.1774
1514590080.343,46.1927
1514590081.342,46.1927
1514590082.342,46.1851
1514590083.341,46.1698
1514590084.341,46.1622
1514590085.344,46.1622
1514590086.344,46.1622
1514590087.343,46.1622
1514590088.343,46.1545
1514590089.342,46.1469
1514590090.342,46.1469
1514590091.341,46.1317
1514590092.341,46.1393
1514590093.340,46.1240
1514590094.340,46.1164
1514590095.339,46.1164
1514590096.339,46.1317
1514590097.338,46.1240
1514590098.338,46.1317
1514590099.341,46.1317
1514590100.341,46.1545
1514590101.340,46.1545
1514590102.340,46.1774
1514590103.339,46.1774
1514590104.339,46.1927
1514590105.338,46.2156
1514590106.338,46.2079
1514590107.338,46.2003
1514590108.337,46.2308
1514590109.336,46.2461
1514590110.336,46.2461
1514590111.339,46.2614
1514590112.335,46.2690
1514590113.338,46.2385
1514590114.338,46.2614
1514590115.338,46.2766
1514590116.337,46.2614
1514590117.337,46.2614
1514590118.336,46.2461
1514590119.336,46.2461
1514590120.335,46.2461
1514590121.335,46.2385
1514590122.334,46.2156
1514590123.334,46.2308
1514590124.333,46.2079
1514590125.337,46.2003
1514590126.336,46.1851
1514590127.336,46.1927
1514590128.335,46.1851
1514590129.335,46.2003
1514590130.334,46.2003
1514590131.334,46.1774
1514590132.333,46.1927
1514590133.333,46.1851
1514590134.332,46.1469
1514590135.332,46.1622
1514590136.331,46.1622
1514590137.331,46.1317
1514590138.334,46.1469
1514590139.330,46.1545
1514590140.333,46.1622
1514590141.333,46.1317
1514590142.332,46.1469
1514590143.332,46.1622
1514590144.331,46.1545
1514590145.331,46.1774
1514590146.330,46.1622
1514590147.330,46.1927
1514590148.329,46.1927
1514590149.329,46.2003
1514590150.329,46.1927
1514590151.328,46.2003
1514590152.331,46.1927
1514590153.331,46.2003
1514590154.331,46.1927
1514590155.330,46.2156
1514590156.330,46.2079
1514590157.329,46.1927
1514590158.329,46.1927
1514590159.328,46.2156
1514590160.328,46.2156
1514590161.327,46.2232
1514590162.327,46.2079
1514590163.326,46.2232
1514590164.326,46.2156
1514590165.325,46.2308
1514590166.329,46.2308
1514590167.328,46.2385
1514590168.328,46.2308
1514590169.327,46.2385
1514590170.327,46.2461
1514590171.326,46.2537
1514590172.326,46.2385
1514590173.325,46.2385
1514590174.325,46.2308
1514590175.324,46.2461
1514590176.324,46.2614
1514590177.323,46.2461
1514590178.323,46.2690
1514590179.326,46.2766
1514590180.322,46.2690
1514590181.325,46.2919
1514590182.325,46.2842
1514590183.324,46.2842
1514590184.324,46.2919
1514590185.323,46.2919
1514590186.323,46.2766
1514590187.322,46.2766
1514590188.322,46.2614
1514590189.321,46.2461
1514590190.321,46.2308
1514590191.320,46.2232
1514590192.320,46.2079
1514590193.323,46.1927
1514590194.323,46.1851
1514590195.322,46.1851
1514590196.322,46.1622
1514590197.322,46.1622
1514590198.321,46.1469
1514590199.320,46.1393
1514590200.320,46.1469
1514590201.320,46.1545
1514590202.319,46.1240
1514590203.319,46.1164
1514590204.318,46.1164
1514590205.322,46.1088
1514590206.317,46.0935
1514590207.320,46.1088
1514590208.320,46.1011
1514590209.320,46.1164
1514590210.319,46.0935
1514590211.319,46.0935
1514590212.318,46.0935
1514590213.318,46.1011
1514590214.317,46.0782
1514590215.317,46.0935
1514590216.316,46.1088
1514590217.316,46.1011
1514590218.315,46.1088
1514590219.315,46.1011
1514590220.318,46.1088
1514590221.318,46.1088
1514590222.317,46.1240
1514590223.317,46.1240
1514590224.316,46.1393
1514590225.316,46.1240
1514590226.315,46.1240
1514590227.315,46.1240
1514590228.314,46.1393
1514590229.314,46.1393
1514590230.313,46.1469
1514590231.313,46.1317
1514590232.316,46.1240
1514590233.312,46.1240
1514590234.315,46.1240
1514590235.315,46.1240
1514590236.314,46.1164
1514590237.314,46.1088
1514590238.313,46.1088
1514590239.313,46.1088
1514590240.313,46.1011
1514590241.312,46.0935
1514590242.312,46.1088
1514590243.311,46.1164
1514590244.311,46.1240
1514590245.310,46.1164
1514590246.314,46.1088
1514590247.313,46.1240
1514590248.313,46.1088
1514590249.312,46.1011
1514590250.312,46.0859
1514590251.311,46.1088
1514590252.311,46.0935
1514590253.310,46.1164
1514590254.310,46.1240
1514590255.309,46.1011
1514590256.309,46.1240
1514590257.308,46.1393
1514590258.308,46.1393
1514590259.307,46.1545
1514590260.307,46.1469
1514590261.310,46.1698
1514590262.310,46.1622
1514590263.309,46.1927
1514590264.309,46.1927
1514590265.308,46.2079
1514590266.308,46.2232
1514590267.307,46.2003
1514590268.307,46.2079
1514590269.306,46.2156
1514590270.306,46.2232
1514590271.305,46.2385
1514590272.305,46.2232
1514590273.308,46.2461
1514590274.304,46.2537
1514590275.307,46.2385
1514590276.307,46.2461
1514590277.306,46.2385
1514590278.306,46.2385
1514590279.305,46.2537
1514590280.305,46.2385
1514590281.304,46.2385
1514590282.304,46.2461
1514590283.304,46.2537
1514590284.303,46.2614
1514590285.302,46.2461
1514590286.302,46.2614
1514590287.306,46.2614
1514590288.305,46.2614
1514590289.305,46.2690
1514590290.304,46.2690
1514590291.304,46.2690
1514590292.303,46.2614
1514590293.303,46.2690
1514590294.302,46.2919
1514590295.302,46.2614
1514590296.301,46.2919
1514590297.301,46.2919
1514590298.300,46.2614
1514590299.300,46.2690
1514590300.299,46.2614
1514590301.303,46.2766
1514590302.302,46.2614
1514590303.302,46.2690
1514590304.301,46.2614
1514590305.301,46.2919
1514590306.300,46.2614
1514590307.300,46.2614
1514590308.299,46.2690
1514590309.299,46.2766
1514590310.298,46.2537
1514590311.298,46.2614
1514590312.297,46.2766
1514590313.297,46.2614
1514590314.300,46.2766
1514590315.296,46.2385
1514590316.299,46.2461
1514590317.299,46.2461
1514590318.298,46.2614
1514590319.298,46.2461
1514590320.297,46.2385
1514590321.297,46.2537
1514590322.296,46.2461
1514590323.296,46.2385
1514590324.295,46.2461
1514590325.295,46.2461
1514590326.298,46.2308
1514590327.294,46.2537
1514590328.297,46.2385
1514590329.297,46.2232
1514590330.297,46.2232
1514590331.296,46.2232
1514590332.296,46.2232
1514590333.295,46.2079
1514590334.295,46.2003
1514590335.294,46.2079
1514590336.294,46.2079
1514590337.293,46.1927
1514590338.293,46.1927
1514590339.292,46.1698
1514590340.292,46.1774
1514590341.295,46.1698
1514590342.295,46.1622
1514590343.294,46.1469
1514590344.294,46.1545
1514590345.293,46.1317
1514590346.293,46.1164
1514590347.292,46.1088
1514590348.292,46.1164
1514590349.291,46.1011
1514590350.291,46.1088
1514590351.290,46.0935
1514590352.290,46.0859
1514590353.289,46.0782
1514590354.289,46.0630
1514590355.292,46.0630
1514590356.292,46.0630
1514590357.291,46.0706
1514590358.291,46.0630
1514590359.290,46.0706
1514590360.290,46.0706
1514590361.289,46.0630
1514590362.289,46.0477
1514590363.288,46.0477
1514590364.288,46.0477
1514590365.288,46.0401
1514590366.287,46.0325
1514590367.290,46.0248
1514590368.286,46.0248
1514590369.289,46.0248
1514590370.289,46.0325
1514590371.288,46.0248
1514590372.288,46.0020
1514590373.288,46.0020
1514590374.287,46.0096
1514590375.287,45.9867
1514590376.286,45.9943
1514590377.286,45.9867
1514590378.285,46.0020
1514590379.285,45.9943
1514590380.284,45.9943
1514590381.288,46.0096
1514590382.287,46.0020
1514590383.287,46.0172
1514590384.372,46.0172
1514590385.286,46.0096
1514590386.285,46.0020
1514590387.285,46.0248
1514590388.284,46.0172
1514590389.284,46.0020
1514590390.283,46.0172
1514590391.283,46.0248
1514590392.282,46.0325
1514590393.282,46.0172
1514590394.285,46.0325
1514590395.281,46.0325
1514590396.284,46.0248
1514590397.284,46.0477
1514590398.283,46.0401
1514590399.283,46.0554
1514590400.282,46.0248
1514590401.282,46.0248
1514590402.281,46.0172
1514590403.281,46.0020
1514590404.280,46.0172
1514590405.280,46.0020
1514590406.279,46.0096
1514590407.279,46.0248
1514590408.282,46.0325
1514590409.282,46.0401
1514590410.281,46.0248
1514590411.281,46.0248
1514590412.280,46.0401
1514590413.280,46.0401
1514590414.279,46.0325
1514590415.279,46.0325
1514590416.278,46.0248
1514590417.278,46.0172
1514590418.278,46.0248
1514590419.277,45.9943
1514590420.277,46.0020
1514590421.276,46.0020
1514590422.280,45.9867
1514590423.279,45.9791
1514590424.279,45.9867
1514590425.278,45.9714
1514590426.278,45.9714
1514590427.277,45.9791
1514590428.277,45.9714
1514590429.276,45.9791
1514590430.276,45.9943
1514590431.275,46.0096
1514590432.275,46.0020
1514590433.274,46.0248
1514590434.274,46.0248
1514590435.277,46.0172
1514590436.273,46.0401
1514590437.276,46.0554
1514590438.276,46.0477
1514590439.275,46.0706
1514590440.275,46.0630
1514590441.274,46.0477
1514590442.274,46.0706
1514590443.273,46.0554
1514590444.273,46.0782
1514590445.272,46.0935
1514590446.272,46.0706
1514590447.275,46.0706
1514590448.271,46.0630
1514590449.274,46.0706
1514590450.274,46.0859
1514590451.273,46.0554
1514590452.273,46.0630
1514590453.272,46.0706
1514590454.272,46.0782
1514590455.271,46.0782
1514590456.271,46.0630
1514590457.271,46.0782
1514590458.270,46.0706
1514590459.270,46.0782
1514590460.269,46.0782
1514590461.273,46.0782
1514590462.272,46.0706
1514590463.272,46.0706
1514590464.271,46.0706
1514590465.271,46.0706
1514590466.270,46.0706
1514590467.270,46.0554
1514590468.269,46.0477
1514590469.269,46.0554
1514590470.268,46.0554
1514590471.268,46.0172
1514590472.267,46.0248
1514590473.267,46.0248
1514590474.266,46.0096
1514590475.266,45.9867
1514590476.269,45.9943
1514590477.269,45.9867
1514590478.268,45.9562
1514590479.268,45.9714
1514590480.267,45.9485
1514590481.267,45.9485
1514590482.266,45.9485
1514590483.266,45.9333
1514590484.265,45.9257
1514590485.265,45.9333
1514590486.264,45.9180
1514590487.264,45.9180
1514590488.267,45.9257
1514590489.263,45.9104
1514590490.266,45.9180
1514590491.266,45.9104
1514590492.265,45.9028
1514590493.265,45.9180
1514590494.264,45.9180
1514590495.264,45.9180
1514590496.263,45.9257
1514590497.263,45.9180
1514590498.262,45.9333
1514590499.262,45.9333
1514590500.261,45.9257
1514590501.261,45.9257
1514590502.264,45.9333
1514590503.264,45.9104
1514590504.263,45.9104
1514590505.263,45.9333
1514590506.263,45.9333
1514590507.262,45.9257
1514590508.261,45.9333
1514590509.261,45.9257
1514590510.261,45.9333
1514590511.260,45.9333
1514590512.260,45.9485
1514590513.259,45.9409
1514590514.259,45.9485
1514590515.262,45.9638
1514590516.258,45.9485
1514590517.261,45.9562
1514590518.261,45.9638
1514590519.260,45.9562
1514590520.260,45.9638
1514590521.259,45.9791
1514590522.259,45.9867
1514590523.258,46.0096
1514590524.258,46.0096
1514590525.257,46.0325
1514590526.257,46.0477
1514590527.256,46.0554
1514590528.256,46.0477
1514590529.259,46.0554
1514590530.259,46.0554
1514590531.258,46.0859
1514590532.258,46.0477
1514590533.257,46.0859
1514590534.257,46.0782
1514590535.256,46.0782
1514590536.256,46.0706
1514590537.255,46.0859
1514590538.255,46.0935
1514590539.254,46.0782
1514590540.254,46.0859
1514590541.257,46.0706
1514590542.253,46.0706
1514590543.257,46.0782
1514590544.256,46.0859
1514590545.256,46.0630
1514590546.255,46.0630
1514590547.255,46.0782
1514590548.254,46.0554
1514590549.254,46.0782
1514590550.253,46.0401
1514590551.253,46.0477
1514590552.252,46.0554
1514590553.252,46.0554
1514590554.251,46.0401
1514590555.251,46.0401
1514590556.254,46.0172
1514590557.254,46.0096
1514590558.253,45.9791
1514590559.253,45.9791
1514590560.252,45.9791
1514590561.252,45.9791
1514590562.251,45.9867
1514590563.251,45.9791
1514590564.250,45.9714
1514590565.250,45.9714
1514590566.249,45.9638
1514590567.249,45.9638
1514590568.252,45.9638
1514590569.248,45.9791
1514590570.251,45.9714
1514590571.251,45.9714
1514590572.250,45.9562
1514590573.250,45.9791
1514590574.249,45.9714
1514590575.249,45.9714
1514590576.248,45.9791
1514590577.248,45.9638
1514590578.247,45.9791
1514590579.247,45.9714
1514590580.246,45.9562
1514590581.246,45.9638
1514590582.249,45.9638
1514590583.249,45.9714
1514590584.248,45.9562
1514590585.248,45.9562
1514590586.248,45.9333
1514590587.247,45.9714
1514590588.246,45.9638
1514590589.246,45.9562
1514590590.246,45.9638
1514590591.245,45.9638
1514590592.245,45.9485
1514590593.244,45.9638
1514590594.244,45.9485
1514590595.243,45.9562
1514590596.243,45.9333
1514590597.246,45.9257
1514590598.246,45.9257
1514590599.245,45.9104
1514590600.245,45.9028
1514590601.244,45.8951
1514590602.244,45.8951
1514590603.243,45.8646
1514590604.243,45.8799
1514590605.242,45.8646
1514590606.242,45.8494
1514590607.241,45.8265
1514590608.241,45.8265
1514590609.244,45.8265
1514590610.244,45.8265
1514590611.243,45.8265
1514590612.243,45.7960
1514590613.242,45.7883
1514590614.242,45.7883
1514590615.241,45.7883
1514590616.241,45.7883
1514590617.240,45.7883
1514590618.240,45.7883
1514590619.239,45.7807
1514590620.239,45.7807
1514590621.242,45.7883
1514590622.238,45.7807
1514590623.241,45.7807
1514590624.241,45.7731
1514590625.240,45.7731
1514590626.240,45.7578
1514590627.240,45.7731
1514590628.239,45.7578
1514590629.238,45.7731
1514590630.238,45.7654
1514590631.238,45.7578
1514590632.237,45.7578
1514590633.236,45.7502
1514590634.236,45.7578
1514590635.236,45.7807
1514590636.239,45.7807
1514590637.239,45.7578
1514590638.238,45.7654
1514590639.238,45.7654
1514590640.237,45.7578
1514590641.237,45.7731
1514590642.236,45.7578
1514590643.236,45.7654
1514590644.235,45.7731
1514590645.235,45.7731
1514590646.234,45.7731
1514590647.234,45.7731
1514590648.233,45.7807
1514590649.233,45.8036
1514590650.236,45.7883
1514590651.236,45.8112
1514590652.235,45.8188
1514590653.235,45.8188
1514590654.234,45.8188
1514590655.234,45.8265
1514590656.233,45.8417
1514590657.233,45.8494
1514590658.232,45.8723
1514590659.232,45.8723
1514590660.231,45.8799
1514590661.231,45.8951
1514590662.234,45.9257
1514590663.234,45.9333
1514590664.233,45.9333
1514590665.233,45.9485
1514590666.232,45.9485
1514590667.232,45.9485
1514590668.231,45.9714
1514590669.231,45.9714
1514590670.230,45.9714
1514590671.230,45.9714
1514590672.230,45.9791
1514590673.229,45.9867
1514590674.229,46.0020
1514590675.228,45.9943
1514590676.228,46.0325
1514590677.231,46.0096
1514590678.231,46.0172
1514590679.230,46.0248
1514590680.230,46.0325
1514590681.229,46.0401
1514590682.229,46.0477
1514590683.228,46.0554
1514590684.228,46.0477
1514590685.227,46.0630
1514590686.227,46.0782
1514590687.226,46.0782
1514590688.226,46.0935
1514590689.229,46.0935
1514590690.225,46.0859
1514590691.228,46.0859
1514590692.228,46.0935
1514590693.227,46.1088
1514590694.227,46.0935
1514590695.226,46.0630
1514590696.226,46.0935
1514590697.225,46.1011
1514590698.225,46.0935
1514590699.224,46.0782
1514590700.224,46.0554
1514590701.227,46.0859
1514590702.223,46.0782
1514590703.226,46.0935
1514590704.226,46.0859
1514590705.225,46.0859
1514590706.225,46.0935
1514590707.224,46.0935
1514590708.224,46.0782
1514590709.224,46.0935
1514590710.223,46.1011
1514590711.223,46.0935
1514590712.222,46.0935
1514590713.222,46.1088
1514590714.221,46.1088
1514590715.221,46.1088
1514590716.224,46.1164
1514590717.224,46.1164
1514590718.223,46.1164
1514590719.223,46.1393
1514590720.222,46.1317
1514590721.222,46.1469
1514590722.221,46.1469
1514590723.221,46.1393
1514590724.220,46.1469
1514590725.220,46.1545
1514590726.219,46.1545
1514590727.219,46.1622
1514590728.537,46.1622
1514590729.218,46.1622
1514590730.221,46.1545
1514590731.221,46.1622
1514590732.220,46.1469
1514590733.220,46.1469
1514590734.219,46.1317
1514590735.219,46.1164
1514590736.218,46.1317
1514590737.218,46.1164
1514590738.217,46.1011
1514590739.217,46.0935
1514590740.216,46.0782
1514590741.216,46.0782
1514590742.219,46.0630
1514590743.219,46.0630
1514590744.218,46.0477
1514590745.218,46.0325
1514590746.217,46.0248
1514590747.217,46.0325
1514590748.216,46.0096
1514590749.216,46.0096
1514590750.215,45.9943
1514590751.215,46.0020
1514590752.214,45.9867
1514590753.214,45.9714
1514590754.213,45.9791
1514590755.213,45.9714
1514590756.212,45.9714
1514590757.216,45.9714
1514590758.215,45.9714
1514590759.215,45.9714
1514590760.215,45.9867
1514590761.214,45.9867
1514590762.213,45.9791
1514590763.213,45.9943
1514590764.213,45.9791
1514590765.212,46.0020
1514590766.212,46.0020
1514590767.211,45.9867
1514590768.211,46.0020
1514590769.214,45.9867
1514590770.210,45.9714
1514590771.213,45.9638
1514590772.213,45.9638
1514590773.212,45.9791
1514590774.212,45.9638
1514590775.211,45.9867
1514590776.211,45.9714
1514590777.210,45.9714
1514590778.210,45.9638
1514590779.209,45.9714
1514590780.209,45.9714
1514590781.212,45.9714
1514590782.208,45.9714
1514590783.211,45.9485
1514590784.211,45.9409
1514590785.210,45.9638
1514590786.210,45.9562
1514590787.209,45.9485
1514590788.209,45.9333
1514590789.208,45.9409
1514590790.208,45.9333
1514590791.207,45.9485
1514590792.207,45.9257
1514590793.206,45.9180
1514590794.206,45.9180
1514590795.205,45.9333
1514590796.209,45.9257
1514590797.208,45.9333
1514590798.208,45.9180
1514590799.207,45.9257
1514590800.207,45.9257
1514590801.206,45.9257
1514590802.206,45.9257
1514590803.206,45.9180
1514590804.205,45.9257
1514590805.205,45.9104
1514590806.204,45.9257
1514590807.204,45.9333
1514590808.203,45.9257
1514590809.203,45.9333
1514590810.206,45.9333
1514590811.206,45.9333
1514590812.205,45.9485
1514590813.205,45.9333
1514590814.204,45.9409
1514590815.204,45.9562
1514590816.203,45.9562
1514590817.203,45.9638
1514590818.202,45.9714
1514590819.202,45.9562
1514590820.201,45.9562
1514590821.201,45.9638
1514590822.204,45.9485
1514590823.200,45.9638
1514590824.203,45.9638
1514590825.203,45.9485
1514590826.202,45.9562
1514590827.202,45.9485
1514590828.201,45.9638
1514590829.201,45.9562
1514590830.200,45.9485
1514590831.200,45.9562
1514590832.199,45.9333
1514590833.199,45.9485
1514590834.261,45.9485
1514590835.198,45.9562
1514590836.197,45.9409
1514590837.201,45.9333
1514590838.200,45.9333
1514590839.200,45.9180
1514590840.200,45.9333
1514590841.199,45.9180
1514590842.198,45.9257
1514590843.198,45.9104
1514590844.197,45.9333
1514590845.197,45.9257
1514590846.197,45.9180
1514590847.196,45.9180
1514590848.196,45.9180
1514590849.199,45.9180
1514590850.195,45.9485
1514590851.198,45.9333
1514590852.198,45.9409
1514590853.197,45.9409
1514590854.197,45.9333
1514590855.196,45.9638
1514590856.196,45.9714
1514590857.195,45.9714
1514590858.195,45.9791
1514590859.194,45.9943
1514590860.194,46.0096
1514590861.197,45.9943
1514590862.193,46.0172
1514590863.196,46.0248
1514590864.196,46.0248
1514590865.195,46.0630
1514590866.195,46.0630
1514590867.194,46.0859
1514590868.194,46.0782
1514590869.193,46.1088
1514590870.193,46.1240
1514590871.192,46.1240
1514590872.192,46.1545
1514590873.191,46.1698
1514590874.191,46.1774
1514590875.190,46.1774
1514590876.194,46.2079
1514590877.193,46.2156
1514590878.193,46.2232
1514590879.192,46.2232
1514590880.192,46.2385
1514590881.191,46.2461
1514590882.191,46.2537
1514590883.191,46.2461
1514590884.190,46.2537
1514590885.190,46.2537
1514590886.189,46.2537
1514590887.188,46.2614
1514590888.188,46.2614
1514590889.188,46.2385
1514590890.191,46.2461
1514590891.190,46.2385
1514590892.190,46.2308
1514590893.190,46.2079
1514590894.189,46.2232
1514590895.189,46.2079
1514590896.188,46.1927
1514590897.188,46.1774
1514590898.187,46.1698
1514590899.187,46.1317
1514590900.186,46.1469
1514590901.186,46.1240
1514590902.189,46.1240
1514590903.189,46.1088
1514590904.188,46.1164
1514590905.424,46.1088
1514590906.187,46.0935
1514590907.187,46.1088
1514590908.186,46.1011
1514590909.186,46.0782
1514590910.185,46.0935
1514590911.185,46.1088
1514590912.184,46.0782
1514590913.184,46.0859
1514590914.183,46.0782
1514590915.183,46.0782
1514590916.182,46.0859
1514590917.186,46.0859
1514590918.185,46.0935
1514590919.185,46.0859
1514590920.184,46.1088
1514590921.184,46.1088
1514590922.183,46.1088
1514590923.183,46.1088
1514590924.182,46.1088
1514590925.182,46.1240
1514590926.181,46.1240
1514590927.181,46.1240
1514590928.181,46.1393
1514590929.184,46.1240
1514590930.179,46.1469
1514590931.183,46.1393
1514590932.183,46.1545
1514590933.182,46.1545
1514590934.182,46.1622
1514590935.181,46.1774
1514590936.181,46.1927
1514590937.180,46.1774
1514590938.180,46.1851
1514590939.179,46.2003
1514590940.179,46.1851
1514590941.182,46.2156
1514590942.178,46.2079
1514590943.181,46.2079
1514590944.181,46.2232
1514590945.180,46.2308
1514590946.180,46.2156
1514590947.179,46.2003
1514590948.179,46.2156
1514590949.178,46.2079
1514590950.178,46.2079
1514590951.177,46.1927
1514590952.177,46.1851
1514590953.176,46.1774
1514590954.176,46.1774
1514590955.175,46.1545
1514590956.179,46.1469
1514590957.178,46.1469
1514590958.178,46.1469
1514590959.177,46.1545
1514590960.177,46.1317
1514590961.176,46.1393
1514590962.176,46.1164
1514590963.176,46.1240
1514590964.175,46.1240
1514590965.175,46.1317
1514590966.174,46.1088
1514590967.174,46.1088
1514590968.173,46.0935
1514590969.172,46.0935
1514590970.176,46.1088
1514590971.176,46.1088
1514590972.175,46.1088
1514590973.175,46.0859
1514590974.174,46.0935
1514590975.174,46.0935
1514590976.173,46.0935
1514590977.173,46.1011
1514590978.172,46.0859
1514590979.172,46.0859
1514590980.171,46.0859
1514590981.171,46.0859
1514590982.174,46.0782
1514590983.174,46.0859
1514590984.173,46.0782
1514590985.173,46.0859
1514590986.172,46.0782
1514590987.172,46.0630
1514590988.171,46.0554
1514590989.171,46.0782
1514590990.170,46.0477
1514590991.170,46.0706
1514590992.169,46.0554
1514590993.169,46.0706
1514590994.168,46.0554
1514590995.168,46.0401
1514590996.167,46.0401
1514590997.171,46.0477
1514590998.170,46.0477
1514590999.170,46.0477
1514591000.169,46.0325
1514591001.169,46.0554
1514591002.168,46.0325
1514591003.168,46.0477
1514591004.167,46.0401
1514591005.167,46.0325
1514591006.166,46.0325
1514591007.166,46.0325
1514591008.166,46.0248
1514591009.169,46.0096
1514591010.164,46.0172
1514591011.168,46.0096
1514591012.167,46.0096
1514591013.167,46.0172
1514591014.167,46.0248
1514591015.166,46.0096
1514591016.166,46.0096
1514591017.165,46.0096
1514591018.165,46.0096
1514591019.164,46.0020
1514591020.164,45.9943
1514591021.167,45.9714
1514591022.163,45.9867
1514591023.166,46.0020
1514591024.166,45.9943
1514591025.165,45.9791
1514591026.165,45.9867
1514591027.164,45.9791
1514591028.164,45.9791
1514591029.163,45.9638
1514591030.163,45.9867
1514591031.162,45.9714
1514591032.162,45.9562
1514591033.161,45.9485
1514591034.161,45.9638
1514591035.160,45.9714
1514591036.164,45.9485
1514591037.163,45.9562
1514591038.163,45.9485
1514591039.162,45.9485
1514591040.162,45.9791
1514591041.161,45.9638
1514591042.161,45.9714
1514591043.160,45.9867
1514591044.160,46.0020
1514591045.159,46.0172
1514591046.159,46.0172
1514591047.158,46.0248
1514591048.158,46.0477
1514591049.157,46.0325
1514591050.161,46.0477
1514591051.160,46.0401
1514591052.160,46.0630
1514591053.159,46.0554
1514591054.159,46.0782
1514591055.159,46.0782
1514591056.158,46.0630
1514591057.158,46.0782
1514591058.157,46.0935
1514591059.156,46.0782
1514591060.156,46.0554
1514591061.156,46.0782
1514591062.159,46.0782
1514591063.159,46.0706
1514591064.158,46.0859
1514591065.158,46.0782
1514591066.157,46.0859
1514591067.157,46.0782
1514591068.156,46.0782
1514591069.156,46.0935
1514591070.155,46.0935
1514591071.155,46.0782
1514591072.154,46.0782
1514591073.154,46.0782
1514591074.153,46.0706
1514591075.153,46.0782
1514591076.228,46.0782
1514591077.156,46.0477
1514591078.155,46.0477
1514591079.155,46.0401
1514591080.154,46.0325
1514591081.154,46.0248
1514591082.153,46.0325
1514591083.153,46.0172
1514591084.152,46.0248
1514591085.152,46.0325
1514591086.151,46.0172
1514591087.151,46.0172
1514591088.150,45.9943
1514591089.154,45.9867
1514591090.149,45.9943
1514591091.153,45.9943
1514591092.152,45.9867
1514591093.152,46.0020
1514591094.151,45.9867
1514591095.151,45.9943
1514591096.150,45.9867
1514591097.150,46.0020
1514591098.149,45.9867
1514591099.149,46.0020
1514591100.149,45.9943
1514591101.152,46.0020
1514591102.148,45.9943
1514591103.151,45.9867
1514591104.150,45.9943
1514591105.150,46.0020
1514591106.150,46.0020
1514591107.149,45.9943
1514591108.149,46.0020
1514591109.148,45.9867
1514591110.148,46.0172
1514591111.147,46.0020
1514591112.147,45.9943
1514591113.146,45.9867
1514591114.146,45.9638
1514591115.145,45.9562
1514591116.149,45.9638
1514591117.148,45.9562
1514591118.148,45.9562
1514591119.147,45.9714
1514591120.147,45.9485
1514591121.146,45.9485
1514591122.146,45.9485
1514591123.145,45.9333
1514591124.145,45.9485
1514591125.144,45.9638
1514591126.144,45.9638
1514591127.143,45.9562
1514591128.147,45.9333
1514591129.142,45.9562
1514591130.146,45.9485
1514591131.145,45.9485
1514591132.145,45.9485
1514591133.144,45.9638
1514591134.144,45.9562
1514591135.143,45.9562
1514591136.143,45.9638
1514591137.143,45.9638
1514591138.142,45.9638
1514591139.141,45.9562
1514591140.141,45.9638
1514591141.141,45.9485
1514591142.144,45.9638
1514591143.144,45.9714
1514591144.143,45.9562
1514591145.142,45.9562
1514591146.142,45.9638
1514591147.142,45.9791
1514591148.141,45.9943
1514591149.141,45.9867
1514591150.140,46.0020
1514591151.140,46.0020
1514591152.139,46.0020
1514591153.139,46.0172
1514591154.138,46.0248
1514591155.138,46.0401
1514591156.137,46.0477
1514591157.141,46.0477
1514591158.140,46.0782
1514591159.140,46.0859
1514591160.139,46.0935
1514591161.139,46.1240
1514591162.138,46.1164
1514591163.138,46.1469
1514591164.137,46.1698
1514591165.137,46.1774
1514591166.136,46.1698
1514591167.136,46.1774
1514591168.135,46.1774
1514591169.139,46.1698
1514591170.138,46.1774
1514591171.138,46.1774
1514591172.137,46.1927
1514591173.137,46.1851
1514591174.136,46.2003
1514591175.136,46.2079
1514591176.135,46.2156
1514591177.135,46.2079
1514591178.134,46.2232
1514591179.134,46.2308
1514591180.134,46.2385
1514591181.137,46.2537
1514591182.133,46.2766
1514591183.136,46.2842
1514591184.135,46.2842
1514591185.135,46.2842
1514591186.135,46.3148
1514591187.134,46.3071
1514591188.133,46.3071
1514591189.133,46.3071
1514591190.133,46.2919
1514591191.132,46.2995
1514591192.132,46.2919
1514591193.131,46.2614
1514591194.131,46.2690
1514591195.130,46.2690
1514591196.134,46.2461
1514591197.133,46.2385
1514591198.133,46.2461
1514591199.132,46.2308
1514591200.132,46.2156
1514591201.131,46.2232
1514591202.131,46.2079
1514591203.130,46.2156
1514591204.130,46.1927
1514591205.129,46.1851
1514591206.129,46.1851
1514591207.128,46.1698
1514591208.132,46.1851
1514591209.127,46.1851
1514591210.131,46.1774
1514591211.130,46.1851
1514591212.130,46.2003
1514591213.129,46.1851
1514591214.129,46.1851
1514591215.128,46.1851
1514591216.128,46.1851
1514591217.127,46.2079
1514591218.127,46.2003
1514591219.126,46.2156
1514591220.126,46.1927
1514591221.126,46.2079
1514591222.129,46.1927
1514591223.128,46.1927
1514591224.128,46.2003
1514591225.128,46.1851
1514591226.127,46.1927
1514591227.126,46.1851
1514591228.126,46.1698
1514591229.126,46.1393
1514591230.125,46.1469
1514591231.125,46.1393
1514591232.124,46.1393
1514591233.124,46.1317
1514591234.123,46.1240
1514591235.123,46.1240
1514591236.122,46.1240
1514591237.126,46.1240
1514591238.125,46.1164
