timestamp,resistance,oven_c,ambient_c
1530991861.46,12177.0345,20.568145,21.274
1530991862.08,12179.2758,20.564066,21.274
1530991862.64,12180.3515,20.562108,21.274
1530991863.2,12180.5248,20.561793,21.274
1530991863.76,12184.0703,20.555342,21.269
1530991864.32,12185.9276,20.551964,21.269
1530991864.88,12187.9652,20.548258,21.269
1530991865.44,12189.6078,20.545272,21.269
1530991866.0,12192.1006,20.540740,21.269
1530991866.56,12196.4321,20.532868,21.269
1530991867.12,12197.2726,20.531341,21.272
1530991867.68,12194.0124,20.537265,21.272
1530991868.24,12191.7032,20.541462,21.272
1530991868.8,12189.801,20.544920,21.272
1530991869.36,12187.5671,20.548982,21.272
1530991869.92,12185.7349,20.552315,21.277
1530991870.48,12184.9048,20.553824,21.277
1530991871.04,12182.3836,20.558411,21.277
1530991871.6,12176.7774,20.568613,21.277
1530991872.16,12173.826,20.573987,21.277
1530991872.72,12171.8405,20.577603,21.277
1530991873.28,12170.4537,20.580128,21.277
1530991873.84,12170.6277,20.579811,21.277
1530991874.4,12170.4508,20.580134,21.277
1530991874.96,12170.7988,20.579500,21.277
1530991875.51,12173.1367,20.575242,21.277
1530991876.07,12176.6963,20.568761,21.277
1530991876.63,12178.2298,20.565970,21.277
1530991877.19,12178.4072,20.565647,21.277
1530991877.75,12176.2441,20.569584,21.277
1530991878.31,12174.0809,20.573523,21.277
1530991878.87,12172.2886,20.576786,21.277
1530991879.43,12171.2534,20.578672,21.278
1530991879.99,12172.2299,20.576893,21.278
1530991880.55,12174.4278,20.572891,21.278
1530991881.11,12176.672,20.568805,21.278
1530991881.67,12178.6266,20.565248,21.278
1530991882.23,12179.7082,20.563279,21.283
1530991882.79,12180.4845,20.561866,21.283
1530991883.35,12181.0028,20.560923,21.283
1530991883.91,12181.6803,20.559691,21.283
1530991884.47,12183.2972,20.556749,21.283
1530991885.03,12184.4577,20.554638,21.283
1530991885.59,12183.5855,20.556224,21.27
1530991886.15,12182.6687,20.557892,21.27
1530991886.71,12182.0833,20.558957,21.27
1530991887.27,12182.1563,20.558824,21.27
1530991887.83,12182.7048,20.557827,21.27
1530991888.39,12183.1324,20.557049,21.268
1530991888.95,12183.0705,20.557161,21.268
1530991889.51,12182.5033,20.558193,21.268
1530991890.07,12181.1556,20.560645,21.268
1530991890.63,12180.1964,20.562391,21.268
1530991891.18,12179.0875,20.564409,21.268
1530991891.74,12178.452,20.565565,21.266
1530991892.3,12178.156,20.566104,21.266
1530991892.86,12179.3099,20.564004,21.266
1530991893.42,12179.9624,20.562817,21.266
1530991893.98,12177.1121,20.568004,21.266
1530991894.54,12174.4667,20.572820,21.27
1530991895.1,12173.1588,20.575202,21.27
1530991895.66,12171.7344,20.577796,21.27
1530991896.22,12169.858,20.581213,21.27
1530991896.78,12168.8671,20.583018,21.27
1530991897.37,12168.0,20.584598,21.274
1530991897.93,12166.4569,20.587410,21.274
1530991898.49,12162.3685,20.594861,21.274
1530991899.05,12159.2078,20.600623,21.274
1530991899.61,12157.6418,20.603479,21.274
1530991900.17,12157.5651,20.603619,21.274
1530991900.73,12158.6172,20.601700,21.268
1530991901.29,12160.5718,20.598136,21.268
1530991901.85,12164.7348,20.590548,21.268
1530991902.41,12168.8355,20.583076,21.268
1530991902.97,12171.8517,20.577582,21.268
1530991903.53,12173.7982,20.574037,21.27
1530991904.09,12175.0737,20.571715,21.27
1530991904.65,12176.5351,20.569055,21.27
1530991905.21,12177.6978,20.566938,21.27
1530991905.77,12177.4921,20.567313,21.27
1530991906.33,12176.8344,20.568510,21.27
1530991906.89,12176.3478,20.569396,21.267
1530991907.45,12175.5803,20.570793,21.267
1530991908.01,12174.1869,20.573330,21.267
1530991908.57,12172.3754,20.576628,21.267
1530991909.13,12171.7966,20.577682,21.267
1530991909.68,12172.3098,20.576748,21.27
1530991910.24,12173.2844,20.574973,21.27
1530991910.8,12173.6683,20.574274,21.27
1530991911.36,12174.1121,20.573466,21.27
1530991911.92,12174.5501,20.572668,21.27
1530991912.48,12176.5842,20.568965,21.27
1530991913.04,12177.522,20.567258,21.273
1530991913.6,12176.8342,20.568510,21.273
1530991914.16,12175.178,20.571525,21.273
1530991914.72,12173.6658,20.574279,21.273
1530991915.28,12171.9679,20.577371,21.273
1530991915.84,12169.4678,20.581924,21.277
1530991916.4,12168.0426,20.584521,21.277
1530991916.96,12167.8589,20.584855,21.277
1530991917.52,12168.8454,20.583058,21.277
1530991918.08,12170.2676,20.580467,21.277
1530991918.64,12168.9287,20.582906,21.277
1530991919.2,12167.3104,20.585855,21.271
1530991919.76,12166.6631,20.587034,21.271
1530991920.32,12167.8821,20.584813,21.271
1530991920.88,12169.8329,20.581259,21.271
1530991921.44,12169.9811,20.580989,21.271
1530991922.0,12168.7462,20.583239,21.273
1530991922.56,12168.8959,20.582966,21.273
1530991923.12,12174.4926,20.572773,21.273
1530991923.68,12180.5007,20.561837,21.273
1530991924.24,12184.4105,20.554724,21.273
1530991924.8,12183.6725,20.556066,21.273
1530991925.35,12180.8229,20.561251,21.262
1530991925.91,12177.5486,20.567210,21.262
1530991926.47,12175.8074,20.570379,21.262
1530991927.03,12175.7521,20.570480,21.262
1530991927.59,12177.0335,20.568147,21.262
1530991928.15,12179.0013,20.564566,21.262
1530991928.71,12181.5242,20.559975,21.262
1530991929.27,12183.3901,20.556580,21.262
1530991929.83,12184.7733,20.554064,21.262
1530991930.39,12184.4526,20.554647,21.262
1530991930.95,12179.4177,20.563808,21.262
1530991931.51,12177.5221,20.567258,21.266
1530991932.07,12178.7947,20.564942,21.266
1530991932.63,12181.4314,20.560143,21.266
1530991933.19,12184.4019,20.554739,21.266
1530991933.75,12186.091,20.551667,21.266
1530991934.31,12185.5005,20.552741,21.259
1530991934.87,12183.2547,20.556826,21.259
1530991935.43,12181.8566,20.559370,21.259
1530991935.99,12181.729,20.559602,21.259
1530991936.55,12182.5032,20.558193,21.259
1530991937.14,12182.6145,20.557991,21.257
1530991937.7,12180.8421,20.561216,21.257
1530991938.26,12179.077,20.564428,21.257
1530991938.82,12178.1212,20.566167,21.257
1530991939.38,12178.1971,20.566029,21.257
1530991939.94,12180.3566,20.562099,21.257
1530991940.5,12184.1345,20.555226,21.247
1530991941.06,12187.9661,20.548257,21.247
1530991941.62,12191.7252,20.541422,21.247
1530991942.18,12193.3133,20.538536,21.247
1530991942.74,12194.1368,20.537039,21.247
1530991943.3,12195.385,20.534771,21.253
1530991943.85,12195.7662,20.534078,21.253
1530991944.41,12196.053,20.533557,21.253
1530991944.97,12196.159,20.533364,21.253
1530991945.53,12194.7737,20.535882,21.253
1530991946.09,12193.6065,20.538003,21.253
1530991946.65,12191.9735,20.540971,21.238
1530991947.21,12188.8931,20.546571,21.238
1530991947.77,12185.984,20.551861,21.238
1530991948.33,12183.4647,20.556444,21.238
1530991948.89,12181.9046,20.559282,21.238
1530991949.45,12181.3332,20.560322,21.231
1530991950.01,12181.4217,20.560161,21.231
1530991950.57,12179.0439,20.564488,21.231
1530991951.13,12172.3675,20.576643,21.231
1530991951.69,12169.1692,20.582468,21.231
1530991952.25,12165.6575,20.588866,21.231
1530991952.81,12160.4833,20.598298,21.231
1530991953.37,12155.598,20.607206,21.231
1530991953.93,12145.9595,20.624795,21.231
1530991954.49,12133.8769,20.646867,21.231
1530991955.05,12129.824,20.654276,21.231
1530991955.61,12121.9683,20.668645,21.228
1530991956.17,12120.6707,20.671020,21.228
1530991956.73,12117.9081,20.676076,21.228
1530991957.29,12117.7673,20.676334,21.228
1530991957.85,12126.5557,20.660253,21.228
1530991958.41,12133.9057,20.646814,21.228
1530991958.97,12142.8872,20.630405,21.227
1530991959.52,12149.9681,20.617478,21.227
1530991960.08,12148.5633,20.620042,21.227
1530991960.64,12148.9968,20.619251,21.227
1530991961.96,9.9e+37,-230.536087,21.227
1530991962.5,9.9e+37,-230.536087,21.227
1530991963.04,9.9e+37,-230.536087,21.227
1530991963.59,9.9e+37,-230.536087,21.227
1530991964.13,9.9e+37,-230.536087,21.227
1530991964.67,9.9e+37,-230.536087,21.227
1530991965.22,9.9e+37,-230.536087,21.227
1530991965.76,9.9e+37,-230.536087,21.227
1530991966.3,9.9e+37,-230.536087,21.227
1530991966.85,9.9e+37,-230.536087,21.227
1530991967.39,9.9e+37,-230.536087,21.227
1530991967.94,9.9e+37,-230.536087,21.233
1530991968.48,9.9e+37,-230.536087,21.233
1530991969.02,9.9e+37,-230.536087,21.233
1530991969.57,9.9e+37,-230.536087,21.233
1530991970.11,9.9e+37,-230.536087,21.233
1530991970.65,9.9e+37,-230.536087,21.233
1530991971.2,9.9e+37,-230.536087,21.23
1530991971.74,9.9e+37,-230.536087,21.23
1530991972.28,9.9e+37,-230.536087,21.23
1530991972.83,9.9e+37,-230.536087,21.23
1530991974.6,11411.7235,22.014040,21.23
1530991975.16,11410.2349,22.016961,21.231
1530991975.72,11407.4971,22.022332,21.231
1530991976.28,11407.1594,22.022995,21.231
1530991976.84,11408.4681,22.020427,21.231
1530991977.4,11410.3209,22.016792,21.229
1530991977.96,11411.3929,22.014689,21.229
1530991978.52,11412.6375,22.012248,21.229
1530991979.08,11413.5001,22.010556,21.229
1530991979.64,11413.1624,22.011218,21.229
1530991980.2,11411.4357,22.014605,21.231
1530991980.76,11409.2401,22.018912,21.231
1530991981.32,11407.2539,22.022810,21.231
1530991981.88,11405.106,22.027025,21.231
1530991982.44,11403.1699,22.030826,21.231
1530991983.03,11400.8327,22.035415,21.232
1530991983.59,11398.0878,22.040806,21.232
1530991984.15,11396.3205,22.044278,21.232
1530991984.71,11395.9498,22.045006,21.232
1530991985.27,11396.3095,22.044299,21.232
1530991985.83,11396.9716,22.042999,21.232
1530991986.39,11398.1181,22.040747,21.232
1530991986.95,11399.0154,22.038984,21.232
1530991987.51,11399.5418,22.037950,21.232
1530991988.07,11399.7814,22.037480,21.232
1530991988.63,11400.3801,22.036304,21.232
1530991989.19,11401.5877,22.033933,21.233
1530991989.75,11403.1818,22.030803,21.233
1530991990.31,11405.2557,22.026732,21.233
1530991990.87,11408.4469,22.020469,21.233
1530991991.42,11411.59,22.014302,21.233
1530991991.98,11414.2884,22.009010,21.233
1530991992.54,11417.2575,22.003188,21.231
1530991993.1,11419.6861,21.998427,21.231
1530991993.66,11421.432,21.995006,21.231
1530991994.22,11423.1424,21.991654,21.231
1530991994.78,11425.0918,21.987835,21.231
1530991995.34,11427.3987,21.983317,21.224
1530991995.9,11429.4617,21.979277,21.224
1530991996.46,11431.3373,21.975605,21.224
1530991997.02,11432.9175,21.972511,21.224
1530991997.58,11433.5648,21.971244,21.224
1530991998.14,11433.8458,21.970694,21.224
1530991998.7,11434.631,21.969158,21.224
1530991999.26,11436.0178,21.966444,21.224
1530991999.82,11437.3434,21.963850,21.224
1530992000.38,11438.2595,21.962058,21.224
1530992000.94,11439.2821,21.960057,21.224
1530992001.5,11440.5569,21.957564,21.228
1530992002.06,11441.7174,21.955294,21.228
1530992002.62,11442.4642,21.953834,21.228
1530992003.18,11442.7249,21.953324,21.228
1530992003.74,11442.8068,21.953164,21.228
1530992004.3,11442.217,21.954317,21.228
1530992004.86,11441.5306,21.955660,21.228
1530992005.42,11441.0911,21.956519,21.228
1530992005.98,11440.5787,21.957521,21.228
1530992006.54,11440.2125,21.958238,21.228
1530992007.09,11439.5459,21.959541,21.228
1530992007.65,11438.4997,21.961588,21.227
1530992008.21,11438.1459,21.962280,21.227
1530992008.77,11438.3412,21.961898,21.227
1530992009.33,11438.5486,21.961492,21.227
1530992009.89,11439.1915,21.960235,21.227
1530992010.45,11439.2917,21.960039,21.227
1530992011.01,11438.9489,21.960709,21.221
1530992011.57,11438.6009,21.961390,21.221
1530992012.13,11438.6112,21.961370,21.221
1530992012.69,11438.7363,21.961125,21.221
1530992013.25,11438.6928,21.961210,21.221
1530992013.81,11437.4416,21.963658,21.209
1530992014.37,11436.6158,21.965274,21.209
1530992014.93,11435.5549,21.967350,21.209
1530992015.49,11435.1738,21.968095,21.209
1530992016.05,11435.339,21.967772,21.209
1530992016.61,11435.2653,21.967916,21.209
1530992017.17,11435.6125,21.967237,21.193
1530992017.73,11436.2215,21.966045,21.193
1530992018.29,11437.2618,21.964010,21.193
1530992018.85,11437.4735,21.963596,21.193
1530992019.41,11437.458,21.963626,21.193
1530992019.97,11437.893,21.962775,21.187
1530992020.53,11437.8812,21.962798,21.187
1530992021.09,11438.0781,21.962413,21.187
1530992021.65,11438.62,21.961353,21.187
1530992022.2,11439.7458,21.959150,21.187
1530992022.81,11440.9844,21.956728,21.185
1530992023.37,11442.7952,21.953187,21.185
1530992023.93,11444.2417,21.950358,21.185
1530992024.49,11445.0564,21.948765,21.185
1530992025.05,11445.3309,21.948229,21.185
1530992025.61,11445.5337,21.947832,21.185
1530992026.17,11444.4211,21.950007,21.184
1530992026.73,11443.425,21.951955,21.184
1530992027.29,11442.283,21.954188,21.184
1530992027.85,11440.8136,21.957062,21.184
1530992028.41,11439.0257,21.960559,21.184
1530992028.97,11437.4037,21.963732,21.18
1530992029.53,11436.056,21.966369,21.18
1530992030.09,11435.6143,21.967233,21.18
1530992030.65,11435.402,21.967649,21.18
1530992031.21,11435.5917,21.967278,21.18
1530992031.77,11435.9979,21.966483,21.18
1530992032.33,11436.6305,21.965245,21.19
1530992032.89,11437.6981,21.963156,21.19
1530992033.45,11438.9736,21.960661,21.19
1530992034.01,11439.9644,21.958723,21.19
1530992034.56,11441.0106,21.956677,21.19
1530992035.12,11441.6506,21.955425,21.193
1530992035.68,11442.5169,21.953731,21.193
1530992036.24,11443.134,21.952524,21.193
1530992036.8,11444.2451,21.950352,21.193
1530992037.36,11445.5077,21.947883,21.193
1530992037.92,11446.3843,21.946170,21.193
1530992038.48,11446.9358,21.945092,21.195
1530992039.04,11447.9496,21.943110,21.195
1530992039.6,11449.141,21.940782,21.195
1530992040.16,11450.104,21.938900,21.195
1530992040.72,11449.7383,21.939615,21.195
1530992041.28,11449.52,21.940041,21.198
1530992041.84,11449.5716,21.939940,21.198
1530992042.4,11450.2492,21.938616,21.198
1530992042.96,11451.0263,21.937098,21.198
1530992043.52,11452.004,21.935188,21.198
1530992044.08,11452.8313,21.933572,21.198
1530992044.64,11453.4461,21.932371,21.205
1530992045.2,11454.4621,21.930386,21.205
1530992045.76,11455.1205,21.929100,21.205
1530992046.32,11455.4758,21.928406,21.205
1530992046.88,11455.8179,21.927738,21.205
1530992047.44,11456.2816,21.926833,21.206
1530992048.0,11456.4025,21.926597,21.206
1530992048.56,11456.3428,21.926713,21.206
1530992049.12,11455.9874,21.927407,21.206
1530992049.68,11454.7017,21.929918,21.206
1530992050.24,11452.6299,21.933965,21.206
1530992050.79,11451.7268,21.935729,21.205
1530992051.35,11452.1455,21.934911,21.205
1530992051.91,11453.062,21.933121,21.205
1530992052.47,11454.1477,21.931000,21.205
1530992053.03,11455.1453,21.929052,21.205
1530992053.59,11455.7366,21.927897,21.205
1530992054.15,11456.9066,21.925612,21.205
1530992054.71,11458.2477,21.922994,21.205
1530992055.27,11458.9917,21.921541,21.205
1530992055.83,11458.6972,21.922116,21.205
1530992056.39,11458.5594,21.922385,21.205
1530992056.95,11458.524,21.922454,21.202
1530992057.51,11458.148,21.923188,21.202
1530992058.07,11457.8486,21.923773,21.202
1530992058.63,11457.8403,21.923789,21.202
1530992059.19,11457.4636,21.924525,21.202
1530992059.75,11457.6339,21.924192,21.205
1530992060.31,11458.1522,21.923180,21.205
1530992060.87,11457.6958,21.924071,21.205
1530992061.43,11457.6118,21.924235,21.205
1530992061.99,11457.7113,21.924041,21.205
1530992062.58,11457.653,21.924155,21.21
1530992063.14,11457.9022,21.923668,21.21
1530992063.7,11458.8246,21.921867,21.21
1530992064.26,11459.8015,21.919960,21.21
1530992064.82,11459.3458,21.920850,21.21
1530992065.38,11459.4247,21.920696,21.21
1530992065.94,11459.2042,21.921126,21.212
1530992066.5,11458.8076,21.921901,21.212
1530992067.06,11458.3372,21.922819,21.212
1530992067.62,11457.4539,21.924544,21.212
1530992068.18,11456.3673,21.926665,21.212
1530992068.74,11455.3093,21.928731,21.215
1530992069.3,11454.0581,21.931175,21.215
1530992069.85,11452.3586,21.934495,21.215
1530992070.41,11450.7963,21.937547,21.215
1530992070.97,11449.5803,21.939923,21.215
1530992071.53,11448.728,21.941589,21.215
1530992072.09,11447.7681,21.943465,21.218
1530992072.65,11447.4253,21.944135,21.218
1530992073.21,11447.8123,21.943378,21.218
1530992073.77,11447.7865,21.943429,21.218
1530992074.33,11447.7238,21.943551,21.218
1530992074.89,11448.2244,21.942573,21.224
1530992075.45,11449.1415,21.940781,21.224
1530992076.01,11450.1044,21.938899,21.224
1530992076.57,11450.9582,21.937231,21.224
1530992077.13,11451.7346,21.935714,21.224
1530992077.69,11452.6223,21.933980,21.224
1530992078.25,11453.3338,21.932590,21.221
1530992078.81,11453.8735,21.931536,21.221
1530992079.37,11453.9207,21.931444,21.221
1530992079.93,11453.555,21.932158,21.221
1530992080.49,11453.1983,21.932855,21.221
1530992081.05,11453.2529,21.932748,21.221
1530992081.61,11453.4254,21.932411,21.221
1530992082.17,11453.915,21.931455,21.221
1530992082.73,11454.4355,21.930438,21.221
1530992083.29,11454.8887,21.929553,21.221
1530992083.85,11455.3288,21.928693,21.221
1530992084.41,11455.8398,21.927695,21.221
1530992084.97,11456.0963,21.927195,21.221
1530992085.52,11456.5431,21.926322,21.221
1530992086.08,11457.3505,21.924745,21.221
1530992086.64,11458.3283,21.922836,21.221
1530992087.2,11459.2094,21.921116,21.221
1530992087.76,11460.0794,21.919418,21.221
1530992088.32,11460.6508,21.918302,21.221
1530992088.88,11460.8837,21.917848,21.221
1530992089.44,11460.5654,21.918469,21.221
1530992090.0,11459.649,21.920258,21.221
1530992090.56,11459.1513,21.921230,21.215
1530992091.12,11458.9191,21.921683,21.215
1530992091.68,11458.942,21.921638,21.215
1530992092.24,11459.099,21.921332,21.215
1530992092.8,11459.1907,21.921153,21.215
1530992093.36,11459.2681,21.921002,21.222
1530992093.92,11458.3746,21.922746,21.222
1530992094.48,11458.2662,21.922958,21.222
1530992095.04,11458.4785,21.922543,21.222
1530992095.6,11458.15,21.923184,21.222
1530992096.16,11457.2343,21.924972,21.222
1530992096.72,11456.7632,21.925892,21.225
1530992097.28,11455.9795,21.927423,21.225
1530992097.84,11452.7495,21.933731,21.225
1530992098.4,11446.7052,21.945542,21.225
1530992099.71,9.9e+37,-230.536087,21.225
1530992100.25,9.9e+37,-230.536087,21.231
1530992100.8,9.9e+37,-230.536087,21.231
1530992101.34,9.9e+37,-230.536087,21.231
1530992103.86,9.9e+37,-230.536087,21.231
1530992104.41,9.9e+37,-230.536087,21.231
1530992104.95,9.9e+37,-230.536087,21.231
1530992105.5,9.9e+37,-230.536087,21.224
1530992106.04,9.9e+37,-230.536087,21.224
1530992106.58,9.9e+37,-230.536087,21.224
1530992107.13,9.9e+37,-230.536087,21.224
1530992107.67,9.9e+37,-230.536087,21.224
1530992108.21,9.9e+37,-230.536087,21.224
1530992108.76,9.9e+37,-230.536087,21.228
1530992109.3,9.9e+37,-230.536087,21.228
1530992109.85,9.9e+37,-230.536087,21.228
1530992110.39,9.9e+37,-230.536087,21.228
1530992110.93,9.9e+37,-230.536087,21.228
1530992111.51,9.9e+37,-230.536087,21.217
1530992112.05,9.9e+37,-230.536087,21.217
1530992112.6,9.9e+37,-230.536087,21.217
1530992113.14,9.9e+37,-230.536087,21.217
1530992113.68,9.9e+37,-230.536087,21.217
1530992114.23,9.9e+37,-230.536087,21.217
1530992114.77,9.9e+37,-230.536087,21.221
1530992116.78,51499075.8,-92.969536,21.221
1530992117.33,9.9e+37,-230.536087,21.221
1530992117.87,9.9e+37,-230.536087,21.213
1530992118.42,9.9e+37,-230.536087,21.213
1530992118.96,9.9e+37,-230.536087,21.213
1530992119.5,9.9e+37,-230.536087,21.213
1530992121.23,12086.7466,20.733203,21.213
1530992121.79,12087.8894,20.731105,21.213
1530992122.35,12088.7247,20.729572,21.213
1530992122.91,12089.9257,20.727367,21.213
1530992123.47,12083.1818,20.739749,21.213
1530992124.03,12076.3401,20.752319,21.207
1530992124.59,12066.4819,20.770445,21.207
1530992125.15,12055.0769,20.791436,21.207
1530992125.71,12041.0199,20.817340,21.207
1530992126.27,12027.0034,20.843203,21.207
1530992126.83,12013.5549,20.868052,21.209
1530992127.39,12009.0597,20.876365,21.209
1530992127.95,12014.0607,20.867117,21.209
1530992128.51,12025.246,20.846449,21.209
1530992129.07,12027.6171,20.842070,21.209
1530992129.62,12034.6161,20.829152,21.209
1530992130.18,12046.8538,20.806585,21.211
1530992130.74,12060.2768,20.781862,21.211
1530992131.3,12070.6983,20.762690,21.211
1530992131.86,12077.4945,20.750197,21.211
1530992132.42,12083.1244,20.739855,21.211
1530992132.98,12089.4717,20.728201,21.209
1530992133.54,12094.1121,20.719685,21.209
1530992134.1,12096.1249,20.715993,21.209
1530992134.66,12098.1251,20.712324,21.209
1530992135.22,12101.2004,20.706685,21.209
1530992135.78,12104.527,20.700586,21.209
1530992136.34,12106.5537,20.696872,21.212
1530992136.9,12106.7823,20.696453,21.212
1530992137.46,12106.7491,20.696514,21.212
1530992138.02,12108.5149,20.693278,21.212
1530992138.58,12108.6284,20.693071,21.212
1530992139.14,12109.4549,20.691556,21.215
1530992139.7,12110.7024,20.689271,21.215
1530992140.26,12111.7854,20.687287,21.215
1530992140.82,12111.2892,20.688196,21.215
1530992141.38,12110.5571,20.689537,21.215
1530992141.94,12109.0862,20.692232,21.215
1530992142.5,12107.5241,20.695094,21.221
1530992143.06,12109.9018,20.690738,21.221
1530992143.62,12113.4039,20.684323,21.221
1530992144.18,12115.9372,20.679684,21.221
1530992144.74,12118.0385,20.675837,21.221
1530992145.29,12119.3488,20.673439,21.212
1530992145.85,12118.1839,20.675571,21.212
1530992146.41,12114.4871,20.682339,21.212
1530992146.97,12112.6248,20.685750,21.212
1530992147.53,12112.5009,20.685977,21.212
1530992148.09,12110.609,20.689442,21.212
1530992148.65,12108.3065,20.693660,21.218
1530992149.21,12110.0856,20.690401,21.218
1530992149.77,12117.8226,20.676233,21.218
1530992150.33,12126.0972,20.661091,21.218
1530992150.89,12132.1193,20.650079,21.218
1530992151.45,12136.9389,20.641271,21.221
1530992152.01,12138.9495,20.637597,21.221
1530992152.57,12139.1574,20.637218,21.221
1530992153.13,12139.5983,20.636412,21.221
1530992153.69,12137.4616,20.640316,21.221
1530992154.25,12137.511,20.640226,21.221
1530992154.81,12135.8222,20.643311,21.221
1530992155.37,12134.6344,20.645482,21.221
1530992155.93,12134.9699,20.644869,21.221
1530992156.49,12135.0399,20.644741,21.221
1530992157.05,12133.8728,20.646874,21.221
1530992157.61,12133.3898,20.647757,21.23
1530992158.17,12132.2042,20.649924,21.23
1530992158.73,12129.4416,20.654975,21.23
1530992159.29,12128.3623,20.656949,21.23
1530992159.85,12128.0238,20.657568,21.23
1530992160.41,12126.7852,20.659833,21.23
1530992160.97,12124.3127,20.664356,21.23
1530992161.52,12122.5572,20.667568,21.23
1530992162.08,12120.3129,20.671675,21.23
1530992162.64,12120.9742,20.670464,21.23
1530992163.2,12125.9339,20.661390,21.23
1530992163.76,12130.8593,20.652383,21.234
1530992164.32,12133.4258,20.647691,21.234
1530992164.88,12135.5662,20.643779,21.234
1530992165.44,12137.3917,20.640443,21.234
1530992166.0,12139.2555,20.637038,21.234
1530992166.59,12146.3637,20.624057,21.233
1530992167.15,12154.2668,20.609635,21.233
1530992167.71,12162.1034,20.595344,21.233
1530992168.27,12168.4094,20.583852,21.233
1530992168.83,12173.0852,20.575336,21.233
1530992169.39,12171.3681,20.578463,21.233
1530992169.95,12168.6608,20.583394,21.234
1530992170.51,12169.4762,20.581909,21.234
1530992171.07,12168.559,20.583580,21.234
1530992171.63,12168.7758,20.583185,21.234
1530992172.19,12170.6721,20.579731,21.234
1530992172.75,12171.1263,20.578903,21.237
1530992173.31,12169.1585,20.582488,21.237
1530992173.87,12166.4623,20.587400,21.237
1530992174.43,12162.6638,20.594323,21.237
1530992174.99,12160.216,20.598785,21.237
1530992175.55,12160.3848,20.598477,21.237
1530992176.11,12162.9148,20.593865,21.234
1530992176.67,12166.0011,20.588240,21.234
1530992177.23,12169.1765,20.582455,21.234
1530992177.79,12172.8747,20.575719,21.234
1530992178.35,12175.9957,20.570037,21.234
1530992178.91,12177.1893,20.567864,21.244
1530992179.47,12177.7936,20.566764,21.244
1530992180.03,12178.6171,20.565265,21.244
1530992180.58,12178.5758,20.565340,21.244
1530992181.14,12177.9786,20.566427,21.244
1530992181.7,12177.8835,20.566600,21.244
1530992182.26,12178.2224,20.565983,21.244
1530992182.82,12179.2952,20.564031,21.244
1530992183.38,12180.1961,20.562391,21.244
1530992183.94,12179.5252,20.563612,21.244
1530992184.5,12178.7363,20.565048,21.244
1530992185.06,12180.1298,20.562512,21.247
1530992185.62,12180.5371,20.561771,21.247
1530992186.18,12179.0146,20.564541,21.247
1530992186.74,12178.8104,20.564913,21.247
1530992187.3,12179.3648,20.563904,21.247
1530992187.86,12178.0996,20.566207,21.247
1530992188.42,12174.5884,20.572599,21.237
1530992188.98,12167.5105,20.585490,21.237
1530992189.54,12160.364,20.598515,21.237
1530992190.1,12158.4884,20.601935,21.237
1530992190.66,12156.9276,20.604781,21.237
1530992191.22,12155.784,20.606867,21.241
1530992191.78,12154.5132,20.609185,21.241
1530992192.34,12152.6007,20.612674,21.241
1530992192.9,12154.3031,20.609568,21.241
1530992193.46,12156.6882,20.605218,21.241
1530992194.02,12160.2721,20.598683,21.241
1530992194.58,12164.6218,20.590754,21.244
1530992195.14,12168.8833,20.582989,21.244
1530992195.7,12170.9094,20.579298,21.244
1530992196.26,12170.7007,20.579678,21.244
1530992196.81,12171.3562,20.578485,21.244
1530992197.37,12171.6754,20.577903,21.247
1530992197.93,12171.9776,20.577353,21.247
1530992198.49,12171.94,20.577421,21.247
1530992199.05,12172.4767,20.576444,21.247
1530992199.61,12172.0624,20.577198,21.247
1530992200.17,12170.7795,20.579535,21.247
1530992200.73,12169.6011,20.581681,21.245
1530992201.29,12168.3381,20.583982,21.245
1530992201.85,12166.7353,20.586902,21.245
1530992202.41,12164.9953,20.590073,21.245
1530992202.97,12163.6283,20.592565,21.245
1530992203.53,12162.9707,20.593763,21.251
1530992204.09,12162.6356,20.594374,21.251
1530992204.65,12163.4525,20.592885,21.251
1530992205.21,12165.135,20.589819,21.251
1530992205.77,12163.3633,20.593048,21.251
1530992206.36,12160.9804,20.597391,21.255
1530992206.92,12161.0049,20.597347,21.255
1530992207.48,12163.6857,20.592460,21.255
1530992208.04,12168.5694,20.583561,21.255
1530992208.6,12174.4529,20.572845,21.255
1530992209.16,12180.725,20.561429,21.255
1530992209.72,12185.7621,20.552265,21.263
1530992210.28,12189.2445,20.545932,21.263
1530992210.84,12188.1069,20.548001,21.263
1530992211.4,12184.4301,20.554688,21.263
1530992211.96,12181.6439,20.559757,21.263
1530992212.52,12178.2612,20.565913,21.256
1530992213.08,12177.9052,20.566561,21.256
1530992213.64,12181.0925,20.560760,21.256
1530992214.2,12184.6123,20.554356,21.256
1530992214.76,12187.874,20.548424,21.256
1530992215.31,12189.1569,20.546092,21.256
1530992215.87,12187.7088,20.548725,21.251
1530992216.43,12185.5523,20.552647,21.251
1530992216.99,12185.744,20.552298,21.251
1530992217.55,12185.8516,20.552102,21.251
1530992218.11,12184.0895,20.555307,21.251
1530992218.67,12182.2743,20.558610,21.256
1530992219.23,12181.1738,20.560612,21.256
1530992219.79,12180.1851,20.562411,21.256
1530992220.35,12179.1293,20.564333,21.256
1530992220.91,12178.1634,20.566091,21.256
1530992221.47,12177.623,20.567074,21.256
1530992222.03,12176.8725,20.568440,21.26
1530992222.59,12176.8855,20.568417,21.26
1530992223.15,12177.2358,20.567779,21.26
1530992223.71,12177.4171,20.567449,21.26
1530992224.27,12176.9261,20.568343,21.26
1530992224.83,12174.5963,20.572584,21.249
1530992225.39,12172.0474,20.577226,21.249
1530992225.95,12170.3811,20.580261,21.249
1530992226.51,12170.401,20.580224,21.249
1530992227.07,12171.0041,20.579126,21.249
1530992227.63,12171.0749,20.578997,21.249
1530992228.19,12170.7239,20.579636,21.255
1530992228.75,12170.5488,20.579955,21.255
1530992229.31,12168.7019,20.583319,21.255
1530992229.87,12164.3188,20.591306,21.255
1530992230.43,12159.9489,20.599272,21.255
1530992230.99,12157.0986,20.604469,21.249
1530992231.54,12155.308,20.607735,21.249
1530992232.1,12153.5607,20.610923,21.249
1530992232.66,12151.1299,20.615358,21.249
1530992233.22,12148.2169,20.620674,21.249
1530992233.79,12147.2953,20.622356,21.249
1530992234.36,12148.8487,20.619521,21.244
1530992234.92,12150.0588,20.617313,21.244
1530992235.48,12151.4227,20.614824,21.244
1530992236.04,12152.1556,20.613486,21.244
1530992236.6,12153.2106,20.611561,21.244
1530992237.16,12154.029,20.610068,21.233
1530992237.72,12152.168,20.613464,21.233
1530992238.28,12149.8198,20.617749,21.233
1530992238.84,12150.0565,20.617317,21.233
1530992239.4,12140.1083,20.635480,21.233
1530992239.96,12121.9984,20.668590,21.233
1530992241.27,9.9e+37,-230.536087,21.231
1530992241.81,9.9e+37,-230.536087,21.231
1530992242.36,9.9e+37,-230.536087,21.231
1530992242.9,9.9e+37,-230.536087,21.231
1530992243.44,9.9e+37,-230.536087,21.235
1530992244.54,11354.7212,22.126177,21.235
1530992245.1,11353.4434,22.128698,21.235
1530992245.66,11356.7199,22.122234,21.235
1530992246.22,11361.37,22.113064,21.233
1530992246.78,11366.685,22.102588,21.233
1530992247.34,11373.0079,22.090132,21.233
1530992247.9,11379.8661,22.076631,21.233
1530992248.46,11386.1551,22.064259,21.233
1530992249.02,11391.2121,22.054317,21.233
1530992249.58,11394.9015,22.047066,21.234
1530992250.14,11397.9257,22.041125,21.234
1530992250.7,11399.0766,22.038864,21.234
1530992251.26,11399.5234,22.037986,21.234
1530992251.82,11398.6571,22.039688,21.234
1530992252.38,11396.9753,22.042991,21.238
1530992252.94,11397.341,22.042273,21.238
1530992253.5,11396.7809,22.043373,21.238
1530992254.06,11397.4371,22.042084,21.238
1530992254.62,11398.7716,22.039463,21.238
1530992255.18,11400.9465,22.035192,21.238
1530992255.74,11402.7927,22.031567,21.234
1530992256.3,11404.4858,22.028243,21.234
1530992256.86,11406.6041,22.024085,21.234
1530992257.42,11408.1671,22.021018,21.234
1530992257.98,11409.7154,22.017980,21.234
1530992258.54,11411.9125,22.013670,21.241
1530992259.1,11414.0757,22.009427,21.241
1530992259.65,11415.6199,22.006399,21.241
1530992260.21,11416.1832,22.005294,21.241
1530992260.77,11417.587,22.002542,21.241
1530992261.33,11419.8947,21.998019,21.241
1530992261.89,11422.7767,21.992371,21.241
1530992262.45,11426.0894,21.985881,21.241
1530992263.01,11429.4603,21.979280,21.241
1530992263.57,11430.5913,21.977065,21.241
1530992264.13,11431.6043,21.975082,21.241
1530992264.69,11432.5207,21.973288,21.243
1530992265.25,11433.9835,21.970425,21.243
1530992265.81,11435.3273,21.967795,21.243
1530992266.37,11436.8239,21.964867,21.243
1530992266.93,11438.1739,21.962225,21.243
1530992267.49,11439.1361,21.960343,21.243
1530992268.05,11438.892,21.960821,21.242
1530992268.61,11438.7223,21.961152,21.242
1530992269.17,11438.4303,21.961724,21.242
1530992269.73,11439.4286,21.959771,21.242
1530992270.29,11440.6643,21.957354,21.242
1530992270.85,11441.6781,21.955371,21.246
1530992271.41,11443.0944,21.952602,21.246
1530992271.97,11444.3056,21.950233,21.246
1530992272.53,11444.8755,21.949119,21.246
1530992273.09,11443.9045,21.951018,21.246
1530992273.68,11442.7898,21.953197,21.249
1530992274.24,11442.9284,21.952926,21.249
1530992274.8,11441.7251,21.955279,21.249
1530992275.36,11438.8195,21.960962,21.249
1530992275.92,11436.0915,21.966300,21.249
1530992276.48,11434.8462,21.968737,21.249
1530992277.04,11433.6342,21.971109,21.251
1530992277.6,11432.5238,21.973282,21.251
1530992278.16,11431.8649,21.974572,21.251
1530992278.71,11432.1377,21.974038,21.251
1530992279.27,11433.1242,21.972107,21.251
1530992279.83,11433.3557,21.971654,21.251
1530992280.39,11433.4634,21.971443,21.251
1530992280.95,11433.6614,21.971055,21.251
1530992281.51,11434.555,21.969306,21.251
1530992282.07,11434.3581,21.969692,21.251
1530992282.63,11432.9602,21.972428,21.251
1530992283.19,11431.3957,21.975490,21.249
1530992283.75,11431.0426,21.976182,21.249
1530992284.31,11430.8739,21.976512,21.249
1530992284.87,11430.9314,21.976399,21.249
1530992285.43,11431.4453,21.975393,21.249
1530992285.99,11432.2018,21.973912,21.251
1530992286.55,11432.9737,21.972401,21.251
1530992287.11,11432.1184,21.974076,21.251
1530992287.67,11430.0097,21.978204,21.251
1530992288.23,11429.5482,21.979107,21.251
1530992288.79,11429.7303,21.978751,21.251
1530992289.35,11430.3422,21.977553,21.247
1530992289.91,11431.154,21.975963,21.247
1530992290.47,11431.7124,21.974870,21.247
1530992291.03,11431.7175,21.974860,21.247
1530992291.59,11432.5433,21.973244,21.247
1530992292.15,11433.4656,21.971439,21.245
1530992292.71,11434.0097,21.970374,21.245
1530992293.27,11434.169,21.970062,21.245
1530992293.82,11434.0901,21.970216,21.245
1530992294.38,11433.6721,21.971034,21.245
1530992294.94,11432.7424,21.972854,21.245
1530992295.5,11431.4558,21.975373,21.243
1530992296.06,11430.6183,21.977012,21.243
1530992296.62,11430.1912,21.977848,21.243
1530992297.18,11429.942,21.978336,21.243
1530992297.74,11430.6004,21.977047,21.243
1530992298.3,11431.0671,21.976134,21.25
1530992298.86,11431.174,21.975924,21.25
1530992299.42,11431.0993,21.976071,21.25
1530992299.98,11430.6458,21.976958,21.25
1530992300.54,11430.3229,21.977591,21.25
1530992301.1,11430.3767,21.977485,21.25
1530992301.66,11430.48,21.977283,21.247
1530992302.22,11430.5382,21.977169,21.247
1530992302.78,11430.331,21.977575,21.247
1530992303.34,11430.4806,21.977282,21.247
1530992303.9,11430.9591,21.976345,21.247
1530992304.46,11430.0847,21.978057,21.255
1530992305.02,11429.1145,21.979957,21.255
1530992305.58,11428.9934,21.980194,21.255
1530992306.14,11428.2731,21.981604,21.255
1530992306.7,11427.2667,21.983575,21.255
1530992307.26,11427.7526,21.982624,21.255
1530992307.82,11428.4508,21.981256,21.255
1530992308.38,11429.4903,21.979221,21.255
1530992308.94,11429.5703,21.979064,21.255
1530992309.49,11429.6322,21.978943,21.255
1530992310.05,11429.9035,21.978412,21.255
1530992310.61,11430.1513,21.977927,21.255
1530992311.17,11430.2714,21.977691,21.255
1530992311.73,11430.9096,21.976442,21.255
1530992312.29,11431.4109,21.975461,21.255
1530992312.85,11432.0059,21.974296,21.255
1530992313.44,11432.7402,21.972858,21.255
1530992314.0,11433.1693,21.972018,21.255
1530992314.56,11433.3293,21.971705,21.255
1530992315.12,11433.0469,21.972258,21.255
1530992315.68,11432.4961,21.973336,21.255
1530992316.24,11432.0751,21.974160,21.255
1530992316.8,11432.8375,21.972668,21.254
1530992317.36,11434.1167,21.970164,21.254
1530992317.92,11434.5201,21.969375,21.254
1530992318.48,11433.667,21.971044,21.254
1530992319.04,11432.0023,21.974303,21.254
1530992319.6,11431.2709,21.975735,21.256
1530992320.16,11430.0426,21.978139,21.256
1530992320.72,11428.7029,21.980763,21.256
1530992321.28,11426.9543,21.984187,21.256
1530992321.84,11425.9826,21.986090,21.256
1530992322.4,11424.4446,21.989103,21.256
1530992322.96,11423.1426,21.991654,21.255
1530992323.52,11422.2173,21.993467,21.255
1530992324.08,11422.2859,21.993333,21.255
1530992324.64,11422.8654,21.992197,21.255
1530992325.2,11422.6177,21.992682,21.255
1530992325.76,11423.0844,21.991768,21.26
1530992326.32,11423.2179,21.991506,21.26
1530992326.88,11423.4169,21.991117,21.26
1530992327.44,11424.2739,21.989438,21.26
1530992327.99,11426.1709,21.985721,21.26
1530992328.55,11427.7782,21.982574,21.26
1530992329.11,11428.4756,21.981208,21.262
1530992329.67,11427.7185,21.982690,21.262
1530992330.23,11425.9067,21.986239,21.262
1530992330.79,11425.4916,21.987052,21.262
1530992331.35,11426.3425,21.985385,21.262
1530992331.91,11426.2437,21.985579,21.27
1530992332.47,11426.5769,21.984926,21.27
1530992333.03,11426.7878,21.984513,21.27
1530992333.59,11426.7261,21.984634,21.27
1530992334.15,11426.3597,21.985352,21.27
1530992334.71,11426.6413,21.984800,21.27
1530992335.27,11427.9065,21.982322,21.27
1530992335.83,11429.1894,21.979810,21.27
1530992336.39,11429.9279,21.978364,21.27
1530992336.95,11430.5708,21.977105,21.27
1530992337.51,11431.482,21.975321,21.27
1530992338.07,11432.1884,21.973939,21.277
1530992338.63,11432.4132,21.973498,21.277
1530992339.19,11432.6764,21.972983,21.277
1530992339.75,11433.8088,21.970767,21.277
1530992340.31,11434.8292,21.968770,21.277
1530992340.87,11435.7766,21.966916,21.277
1530992341.43,11436.9437,21.964632,21.279
1530992341.99,11438.0282,21.962510,21.279
1530992342.55,11438.016,21.962534,21.279
1530992343.11,11437.4417,21.963658,21.279
1530992343.67,11435.1274,21.968186,21.279
1530992344.23,11432.409,21.973507,21.278
1530992344.78,11430.5223,21.977200,21.278
1530992345.34,11425.7948,21.986458,21.278
1530992345.9,11417.5355,22.002643,21.278
1530992347.22,9.9e+37,-230.536087,21.278
1530992347.76,9.9e+37,-230.536087,21.282
1530992348.3,9.9e+37,-230.536087,21.282
1530992348.85,9.9e+37,-230.536087,21.282
1530992349.39,9.9e+37,-230.536087,21.282
1530992349.97,31496762.0,-88.772680,21.282
1530992351.07,11922.8222,21.036537,21.28
1530992351.63,11924.0158,21.034311,21.28
1530992352.19,11941.699,21.001363,21.28
1530992352.75,11963.3036,20.961184,21.28
1530992353.31,11983.1586,20.924332,21.287
1530992353.87,11999.9812,20.893164,21.287
1530992354.43,12014.6391,20.866047,21.287
1530992354.99,12027.2312,20.842783,21.287
1530992355.55,12037.318,20.824167,21.287
1530992356.11,12045.3153,20.809421,21.287
1530992356.67,12052.2008,20.796733,21.29
1530992357.22,12056.9857,20.787921,21.29
1530992357.78,12061.5163,20.779581,21.29
1530992358.34,12064.9467,20.773269,21.29
1530992358.9,12067.2809,20.768975,21.29
1530992359.46,12062.4702,20.777826,21.283
1530992360.02,12056.8506,20.788170,21.283
1530992360.58,12051.795,20.797481,21.283
1530992361.14,12050.086,20.800629,21.283
1530992361.7,12051.4035,20.798202,21.283
1530992362.26,12053.2172,20.794861,21.283
1530992362.82,12057.5864,20.786815,21.295
1530992363.38,12064.3701,20.774330,21.295
1530992363.94,12071.0432,20.762056,21.295
1530992364.5,12074.4605,20.755773,21.295
1530992365.06,12075.8164,20.753281,21.295
1530992365.62,12077.7982,20.749639,21.296
1530992366.18,12081.2067,20.743377,21.296
1530992366.74,12084.2192,20.737844,21.296
1530992367.3,12087.3605,20.732076,21.296
1530992367.86,12091.6537,20.724196,21.296
1530992368.42,12095.3489,20.717416,21.296
1530992368.98,12097.1995,20.714021,21.293
1530992369.54,12097.2828,20.713869,21.293
1530992370.1,12097.8151,20.712892,21.293
1530992370.66,12098.2349,20.712122,21.293
1530992371.22,12097.7578,20.712997,21.293
1530992371.78,12096.5162,20.715275,21.293
1530992372.33,12094.3118,20.719319,21.293
1530992372.89,12090.4934,20.726325,21.293
1530992373.45,12087.2267,20.732322,21.293
1530992374.01,12083.8854,20.738457,21.293
1530992374.57,12080.0766,20.745453,21.293
1530992375.13,12076.7064,20.751646,21.297
1530992375.69,12073.5052,20.757529,21.297
1530992376.25,12069.7332,20.764465,21.297
1530992376.81,12062.897,20.777040,21.297
1530992377.37,12057.7427,20.786527,21.297
1530992377.93,12057.1868,20.787551,21.297
1530992378.49,12057.9941,20.786065,21.297
1530992379.05,12057.0651,20.787775,21.297
1530992379.61,12056.4386,20.788928,21.297
1530992380.17,12054.1279,20.793184,21.297
1530992380.75,12051.1803,20.798613,21.305
1530992381.31,12052.8097,20.795611,21.305
1530992381.86,12057.1692,20.787583,21.305
1530992382.42,12060.5519,20.781356,21.305
1530992382.98,12063.6716,20.775615,21.305
1530992383.54,12065.6844,20.771912,21.305
1530992384.1,12068.074,20.767516,21.31
1530992384.66,12070.2467,20.763520,21.31
1530992385.22,12071.141,20.761876,21.31
1530992385.78,12071.4982,20.761219,21.31
1530992386.34,12071.9339,20.760418,21.31
1530992386.9,12073.202,20.758087,21.309
1530992387.46,12074.914,20.754940,21.309
1530992388.02,12075.6232,20.753636,21.309
1530992388.58,12076.0737,20.752808,21.309
1530992389.14,12077.0344,20.751043,21.309
1530992389.7,12078.5613,20.748237,21.309
1530992390.26,12078.0393,20.749196,21.313
1530992390.82,12076.0759,20.752804,21.313
1530992391.38,12074.7525,20.755237,21.313
1530992391.94,12074.6801,20.755370,21.313
1530992392.5,12075.2788,20.754269,21.313
1530992393.06,12074.4169,20.755854,21.315
1530992393.62,12073.9583,20.756697,21.315
1530992394.18,12073.892,20.756818,21.315
1530992394.74,12076.2977,20.752397,21.315
1530992395.3,12079.5341,20.746450,21.315
1530992395.86,12081.5034,20.742832,21.315
1530992396.42,12083.194,20.739727,21.316
1530992396.98,12085.1072,20.736213,21.316
1530992397.53,12085.5592,20.735383,21.316
1530992398.09,12085.5236,20.735449,21.316
1530992398.65,12084.7546,20.736861,21.316
1530992399.21,12083.4938,20.739176,21.323
1530992399.77,12082.0783,20.741776,21.323
1530992400.33,12083.2351,20.739651,21.323
1530992400.89,12085.685,20.735152,21.323
1530992401.45,12087.2553,20.732269,21.323
1530992402.01,12086.9604,20.732811,21.323
1530992402.57,12085.7638,20.735008,21.321
1530992403.13,12085.738,20.735055,21.321
1530992403.69,12085.9901,20.734592,21.321
1530992404.25,12086.2641,20.734089,21.321
1530992404.81,12085.748,20.735037,21.321
1530992405.37,12084.9362,20.736527,21.326
1530992405.93,12083.8045,20.738606,21.326
1530992406.49,12082.1471,20.741650,21.326
1530992407.05,12080.7322,20.744249,21.326
1530992407.61,12080.1977,20.745231,21.326
1530992408.17,12080.0333,20.745533,21.326
1530992408.73,12080.0245,20.745549,21.324
1530992409.29,12079.3513,20.746786,21.324
1530992409.85,12080.5538,20.744576,21.324
1530992410.41,12082.4498,20.741094,21.324
1530992410.97,12084.8335,20.736716,21.324
1530992411.53,12087.1684,20.732429,21.329
1530992412.09,12089.0323,20.729007,21.329
1530992412.64,12090.0608,20.727119,21.329
1530992413.2,12090.223,20.726822,21.329
1530992413.76,12090.0786,20.727087,21.329
1530992414.32,12090.2681,20.726739,21.329
1530992414.88,12090.2356,20.726799,21.333
1530992415.44,12090.49,20.726332,21.333
1530992416.0,12091.0503,20.725303,21.333
1530992416.56,12092.3325,20.722950,21.333
1530992417.12,12093.4178,20.720959,21.333
1530992417.68,12095.3886,20.717343,21.333
1530992418.24,12097.8828,20.712768,21.333
1530992418.8,12100.2325,20.708459,21.333
1530992419.36,12102.0529,20.705122,21.333
1530992419.92,12102.4709,20.704355,21.333
1530992420.53,12103.3903,20.702670,21.336
1530992421.09,12104.5449,20.700554,21.336
1530992421.65,12105.6685,20.698494,21.336
1530992422.21,12106.0615,20.697774,21.336
1530992422.77,12105.1717,20.699405,21.336
1530992423.33,12103.2098,20.703001,21.336
1530992423.89,12100.5401,20.707895,21.34
1530992424.45,12097.0409,20.714312,21.34
1530992425.01,12093.5691,20.720681,21.34
1530992425.56,12090.4245,20.726452,21.34
1530992426.12,12086.0073,20.734561,21.34
1530992426.68,12082.3039,20.741362,21.342
1530992427.24,12078.5209,20.748311,21.342
1530992427.8,12075.6138,20.753654,21.342
1530992428.36,12072.181,20.759964,21.342
1530992428.92,12068.8273,20.766131,21.342
1530992429.48,12065.9755,20.771376,21.342
1530992430.04,12064.8932,20.773367,21.337
1530992430.6,12064.2083,20.774627,21.337
1530992431.16,12064.0085,20.774995,21.337
1530992431.72,12063.7777,20.775420,21.337
1530992432.28,12063.0126,20.776828,21.337
1530992432.84,12062.9212,20.776996,21.336
1530992433.4,12064.3191,20.774424,21.336
1530992433.96,12065.9293,20.771461,21.336
1530992434.52,12066.9571,20.769571,21.336
1530992435.08,12067.4989,20.768574,21.336
1530992435.64,12067.1811,20.769159,21.336
1530992436.2,12066.1165,20.771117,21.336
1530992436.76,12065.1521,20.772891,21.336
1530992437.32,12063.0214,20.776811,21.336
1530992437.88,12060.6672,20.781144,21.336
1530992438.44,12059.2917,20.783676,21.336
1530992439.0,12059.1634,20.783912,21.336
1530992439.56,12059.2408,20.783769,21.336
1530992440.12,12059.3167,20.783630,21.336
1530992440.68,12059.4546,20.783376,21.336
1530992441.24,12059.5778,20.783149,21.336
1530992441.79,12058.6908,20.784782,21.336
1530992442.35,12057.419,20.787123,21.337
1530992442.91,12055.5765,20.790516,21.337
1530992443.47,12041.6611,20.816157,21.337
1530992444.03,12030.0997,20.837487,21.337
1530992444.59,12013.058,20.868971,21.337
1530992445.15,12004.3212,20.885131,21.341
1530992445.71,12003.4047,20.886827,21.341
1530992446.27,12004.2135,20.885330,21.341
1530992446.83,12006.7608,20.880617,21.341
1530992447.39,12009.2844,20.875949,21.341
1530992447.95,12012.8757,20.869308,21.341
1530992448.51,12017.1733,20.861363,21.342
1530992449.07,12021.0308,20.854235,21.342
1530992449.63,12009.8057,20.874985,21.342
1530992450.19,11985.2541,20.920447,21.342
1530992451.5,9.9e+37,-230.536087,21.342
1530992452.04,9.9e+37,-230.536087,21.349
1530992452.59,9.9e+37,-230.536087,21.349
1530992453.69,11295.5476,22.243273,21.349
1530992454.25,11283.8992,22.266407,21.351
1530992454.81,11274.476,22.285141,21.351
1530992455.37,11266.8289,22.300358,21.351
1530992455.93,11258.589,22.316768,21.351
1530992456.49,11250.3978,22.333094,21.351
1530992457.05,11240.8956,22.352050,21.351
1530992457.61,11232.0209,22.369772,21.35
1530992458.17,11230.9769,22.371858,21.35
1530992458.73,11235.523,22.362777,21.35
1530992459.29,11241.8474,22.350151,21.35
1530992459.85,11247.8461,22.338183,21.35
1530992460.41,11253.6743,22.326562,21.352
1530992460.97,11258.6886,22.316569,21.352
1530992461.53,11263.3276,22.307329,21.352
1530992462.09,11267.5264,22.298969,21.352
1530992462.65,11271.4207,22.291219,21.352
1530992463.21,11273.3649,22.287351,21.352
1530992463.76,11274.9818,22.284135,21.354
1530992464.33,11275.9535,22.282202,21.354
1530992464.88,11277.2674,22.279590,21.354
1530992465.44,11279.0575,22.276030,21.354
1530992466.0,11280.8165,22.272533,21.354
1530992466.56,11282.7342,22.268722,21.356
1530992467.12,11283.8822,22.266440,21.356
1530992467.68,11285.005,22.264209,21.356
1530992468.24,11285.9436,22.262344,21.356
1530992468.8,11287.0997,22.260048,21.356
1530992469.36,11287.9636,22.258332,21.356
1530992469.92,11289.1189,22.256037,21.355
1530992470.48,11289.3231,22.255631,21.355
1530992471.04,11290.0553,22.254177,21.355
1530992471.6,11291.1464,22.252010,21.355
1530992472.16,11292.3199,22.249680,21.355
1530992472.72,11293.4288,22.247479,21.358
1530992473.28,11294.2678,22.245813,21.358
1530992473.84,11294.6402,22.245074,21.358
1530992474.4,11294.9837,22.244392,21.358
1530992474.96,11294.8695,22.244619,21.358
1530992475.52,11294.9681,22.244423,21.358
1530992476.08,11295.6419,22.243086,21.361
1530992476.64,11296.2546,22.241870,21.361
1530992477.2,11297.1829,22.240027,21.361
1530992477.76,11298.3057,22.237799,21.361
1530992478.32,11299.0051,22.236412,21.361
1530992478.88,11299.2432,22.235939,21.365
1530992479.44,11299.056,22.236311,21.365
1530992479.99,11299.2219,22.235981,21.365
1530992480.55,11299.4924,22.235445,21.365
1530992481.11,11299.7564,22.234921,21.365
1530992481.71,11299.9411,22.234554,21.366
1530992482.27,11300.2353,22.233971,21.366
1530992482.83,11300.6651,22.233118,21.366
1530992483.38,11301.0448,22.232365,21.366
1530992483.94,11301.4098,22.231641,21.366
1530992484.5,11302.1057,22.230261,21.366
1530992485.06,11302.4065,22.229664,21.365
1530992485.62,11302.6513,22.229178,21.365
1530992486.18,11302.287,22.229901,21.365
1530992486.74,11301.754,22.230958,21.365
1530992487.3,11301.7282,22.231009,21.365
1530992487.86,11302.42,22.229637,21.367
1530992488.42,11303.1654,22.228159,21.367
1530992488.98,11302.3308,22.229814,21.367
1530992489.54,11300.4316,22.233581,21.367
1530992490.1,11298.6053,22.237205,21.367
1530992490.66,11298.722,22.236973,21.367
1530992491.22,11298.691,22.237035,21.373
1530992491.78,11298.3025,22.237806,21.373
1530992492.34,11298.0452,22.238316,21.373
1530992492.9,11298.0636,22.238280,21.373
1530992493.46,11298.1631,22.238082,21.373
1530992494.02,11297.9752,22.238455,21.379
1530992494.58,11297.6006,22.239198,21.379
1530992495.14,11297.6869,22.239027,21.379
1530992495.7,11297.1273,22.240138,21.379
1530992496.26,11296.5972,22.241190,21.379
1530992496.82,11296.7131,22.240960,21.379
1530992497.38,11296.7566,22.240873,21.374
1530992497.94,11297.3347,22.239726,21.374
1530992498.49,11298.0609,22.238285,21.374
1530992499.05,11298.4288,22.237555,21.374
1530992499.61,11298.8704,22.236679,21.374
1530992500.17,11299.3006,22.235825,21.382
1530992500.73,11299.4775,22.235474,21.382
1530992501.29,11298.7734,22.236871,21.382
1530992501.85,11298.5508,22.237313,21.382
1530992502.41,11298.1755,22.238058,21.382
1530992502.97,11297.5566,22.239286,21.382
1530992503.53,11296.5215,22.241340,21.387
1530992504.09,11295.7179,22.242935,21.387
1530992504.65,11294.7188,22.244918,21.387
1530992505.21,11293.377,22.247582,21.387
1530992505.77,11292.1686,22.249981,21.387
1530992506.33,11291.5744,22.251161,21.384
1530992506.89,11291.1976,22.251909,21.384
1530992507.45,11290.9101,22.252480,21.384
1530992508.01,11291.8148,22.250683,21.384
1530992508.57,11292.7975,22.248732,21.384
1530992509.13,11293.8631,22.246617,21.384
1530992509.69,11294.5908,22.245172,21.4
1530992510.25,11294.8445,22.244668,21.4
1530992510.81,11295.0701,22.244221,21.4
1530992511.37,11295.3325,22.243700,21.4
1530992511.93,11295.4888,22.243390,21.4
1530992512.49,11296.0049,22.242365,21.397
1530992513.05,11295.7726,22.242826,21.397
1530992513.61,11295.4224,22.243521,21.397
1530992514.16,11294.5333,22.245286,21.397
1530992514.72,11293.5151,22.247307,21.397
1530992515.28,11292.117,22.250083,21.397
1530992515.84,11291.6185,22.251073,21.402
1530992516.4,11291.9304,22.250454,21.402
1530992516.96,11292.7879,22.248751,21.402
1530992517.52,11293.913,22.246517,21.402
1530992518.08,11295.2209,22.243921,21.402
1530992518.64,11296.2082,22.241962,21.402
1530992519.2,11296.6808,22.241024,21.402
1530992519.76,11296.3851,22.241611,21.402
1530992520.32,11296.2517,22.241875,21.402
1530992520.88,11295.0706,22.244220,21.402
1530992521.49,11293.2713,22.247791,21.408
1530992522.05,11292.1528,22.250012,21.408
1530992522.61,11291.4355,22.251436,21.408
1530992523.17,11290.1024,22.254084,21.408
1530992523.73,11288.4384,22.257388,21.408
1530992524.29,11287.6805,22.258894,21.408
1530992524.85,11287.572,22.259109,21.402
1530992525.41,11287.7504,22.258755,21.402
1530992525.97,11287.6214,22.259011,21.402
1530992526.53,11287.4305,22.259390,21.402
1530992527.08,11286.2714,22.261693,21.402
1530992527.64,11281.6708,22.270835,21.401
1530992528.2,11277.8952,22.278341,21.401
1530992528.76,11274.7986,22.284499,21.401
1530992529.32,11272.5551,22.288962,21.401
1530992529.88,11270.6455,22.292762,21.401
1530992530.44,11267.4708,22.299080,21.401
1530992531.0,11265.6959,22.302613,21.407
1530992531.56,11264.716,22.304564,21.407
1530992532.12,11265.2675,22.303466,21.407
1530992532.68,11265.6642,22.302677,21.407
1530992533.24,11265.4998,22.303004,21.407
1530992533.8,11264.9751,22.304048,21.414
1530992534.36,11264.8283,22.304341,21.414
1530992534.92,11265.2523,22.303497,21.414
1530992535.48,11265.7536,22.302499,21.414
1530992536.04,11266.5005,22.301012,21.414
1530992536.6,11266.6222,22.300769,21.414
1530992537.16,11266.0818,22.301845,21.412
1530992537.72,11266.0434,22.301922,21.412
1530992538.28,11265.7397,22.302526,21.412
1530992538.84,11265.795,22.302416,21.412
1530992539.4,11265.7566,22.302493,21.412
1530992539.96,11266.0419,22.301925,21.408
1530992540.52,11266.4902,22.301032,21.408
1530992541.08,11266.8485,22.300319,21.408
1530992541.64,11267.2835,22.299453,21.408
1530992542.2,11267.7826,22.298459,21.408
1530992542.76,11268.5487,22.296935,21.408
1530992543.32,11269.1718,22.295695,21.417
1530992543.87,11269.2994,22.295441,21.417
1530992544.43,11268.753,22.296528,21.417
1530992544.99,11268.6823,22.296669,21.417
1530992545.55,11268.6793,22.296675,21.417
1530992546.11,11267.9966,22.298034,21.412
1530992546.67,11268.29,22.297450,21.412
1530992547.23,11268.8142,22.296406,21.412
1530992547.79,11268.9462,22.296144,21.412
1530992548.35,11269.3525,22.295335,21.412
1530992548.91,11269.8206,22.294403,21.412
1530992549.47,11270.257,22.293535,21.413
1530992550.03,11270.7783,22.292498,21.413
1530992550.59,11271.2996,22.291460,21.413
1530992551.15,11272.7225,22.288629,21.413
1530992551.71,11273.8697,22.286347,21.413
1530992552.27,11274.754,22.284588,21.414
1530992552.83,11275.3128,22.283477,21.414
1530992553.39,11274.8196,22.284458,21.414
1530992553.95,11274.4089,22.285275,21.414
1530992554.51,11274.4546,22.285184,21.414
1530992555.07,11275.287,22.283528,21.414
1530992555.63,11275.8307,22.282447,21.42
1530992556.19,11274.8339,22.284429,21.42
1530992556.75,11273.2038,22.287672,21.42
1530992557.31,11271.6754,22.290713,21.42
1530992557.87,11270.7442,22.292565,21.42
1530992558.43,11270.0405,22.293966,21.424
1530992558.99,11269.2722,22.295495,21.424
1530992559.54,11268.4236,22.297184,21.424
1530992560.1,11267.7999,22.298425,21.424
1530992560.66,11267.4076,22.299206,21.424
1530992561.26,11267.5219,22.298978,21.424
1530992561.82,11267.7125,22.298599,21.424
1530992562.38,11267.7988,22.298427,21.424
1530992562.93,11267.5562,22.298910,21.424
1530992563.49,11267.0232,22.299971,21.424
1530992564.05,11266.7393,22.300536,21.424
1530992564.61,11266.5076,22.300997,21.422
1530992565.17,11266.1928,22.301624,21.422
1530992565.73,11265.9428,22.302122,21.422
1530992566.3,11265.7998,22.302407,21.422
1530992566.85,11265.3655,22.303271,21.422
1530992567.41,11264.0598,22.305871,21.423
1530992567.97,11263.3731,22.307238,21.423
1530992568.53,11261.493,22.310983,21.423
1530992569.09,11251.55,22.330797,21.423
1530992569.65,110885.599,-21.399420,21.423
1530992570.96,9.9e+37,-230.536087,21.423
1530992571.5,9.9e+37,-230.536087,21.415
1530992572.05,9.9e+37,-230.536087,21.415
1530992572.59,9.9e+37,-230.536087,21.415
1530992573.14,9.9e+37,-230.536087,21.415
1530992574.24,11815.9799,21.236839,21.417
1530992574.8,11802.0608,21.263087,21.417
1530992575.36,11786.9856,21.291556,21.417
1530992575.92,11783.106,21.298889,21.417
1530992576.48,11784.0644,21.297077,21.417
1530992577.04,11790.6921,21.284553,21.424
1530992577.6,11804.6179,21.258263,21.424
1530992578.16,11820.3781,21.228553,21.424
1530992578.72,11834.3872,21.202182,21.424
1530992579.28,11846.183,21.180005,21.424
1530992579.84,11856.8028,21.160061,21.42
1530992580.4,11866.2258,21.142382,21.42
1530992580.96,11874.6566,21.126578,21.42
1530992581.51,11881.6416,21.113494,21.42
1530992582.07,11887.3644,21.102781,21.42
1530992582.67,11892.6507,21.092891,21.424
1530992583.23,11896.5487,21.085601,21.424
1530992583.79,11899.1387,21.080759,21.424
1530992584.35,11901.0498,21.077187,21.424
1530992584.9,11904.518,21.070706,21.424
1530992585.46,11908.0761,21.064059,21.424
1530992586.02,11911.3961,21.057859,21.43
1530992586.58,11914.305,21.052429,21.43
1530992587.14,11916.6887,21.047980,21.43
1530992587.7,11918.7147,21.044199,21.43
1530992588.26,11920.4982,21.040872,21.43
1530992588.82,11922.7182,21.036731,21.428
1530992589.38,11924.7019,21.033031,21.428
1530992589.94,11927.3377,21.028117,21.428
1530992590.5,11930.8177,21.021631,21.428
1530992591.06,11934.7592,21.014286,21.428
1530992591.62,11938.5164,21.007288,21.428
1530992592.18,11941.3608,21.001992,21.43
1530992592.74,11943.928,20.997213,21.43
1530992593.3,11945.2617,20.994731,21.43
1530992593.86,11946.5217,20.992386,21.43
1530992594.42,11947.4116,20.990730,21.43
1530992594.98,11947.45,20.990659,21.439
1530992595.54,11946.9118,20.991660,21.439
1530992596.1,11947.4227,20.990710,21.439
1530992596.66,11947.9838,20.989666,21.439
1530992597.22,11948.0892,20.989470,21.439
1530992597.78,11947.0821,20.991344,21.439
1530992598.34,11946.3485,20.992709,21.436
1530992598.9,11944.4259,20.996287,21.436
1530992599.46,11942.1337,21.000553,21.436
1530992600.01,11940.7645,21.003102,21.436
1530992600.57,11938.9501,21.006481,21.436
1530992601.13,11935.9928,21.011989,21.44
1530992601.69,11934.9124,21.014001,21.44
1530992602.25,11934.9375,21.013954,21.44
1530992602.81,11936.0117,21.011953,21.44
1530992603.37,11937.8055,21.008612,21.44
1530992603.93,11939.6236,21.005227,21.44
1530992604.49,11940.7863,21.003062,21.443
1530992605.05,11941.8329,21.001113,21.443
1530992605.61,11942.6174,20.999653,21.443
1530992606.17,11942.9344,20.999063,21.443
1530992606.73,11943.2485,20.998478,21.443
1530992607.29,11943.8745,20.997313,21.445
1530992607.85,11945.0494,20.995126,21.445
1530992608.41,11946.3639,20.992680,21.445
1530992608.97,11946.7127,20.992031,21.445
1530992609.53,11946.5682,20.992300,21.445
1530992610.09,11946.5335,20.992364,21.445
1530992610.65,11945.6178,20.994068,21.453
1530992611.21,11945.2791,20.994699,21.453
1530992611.77,11942.961,20.999013,21.453
1530992612.33,11942.6352,20.999620,21.453
1530992612.89,11943.295,20.998392,21.453
1530992613.45,11943.2478,20.998479,21.456
1530992614.01,11943.6573,20.997717,21.456
1530992614.57,11944.0355,20.997013,21.456
1530992615.13,11944.9822,20.995251,21.456
1530992615.68,11945.586,20.994128,21.456
1530992616.24,11946.038,20.993286,21.456
1530992616.8,11946.6345,20.992176,21.455
1530992617.36,11946.172,20.993037,21.455
1530992617.92,11945.0889,20.995053,21.455
1530992618.48,11944.3347,20.996456,21.455
1530992619.04,11944.2337,20.996644,21.455
1530992619.6,11944.2882,20.996543,21.456
1530992620.16,11944.6564,20.995858,21.456
1530992620.72,11945.2558,20.994742,21.456
1530992621.28,11945.9621,20.993428,21.456
1530992621.84,11946.9471,20.991595,21.456
1530992622.45,11948.2167,20.989233,21.457
1530992623.01,11949.0727,20.987640,21.457
1530992623.57,11949.3153,20.987189,21.457
1530992624.13,11947.1565,20.991205,21.457
1530992624.69,11944.2516,20.996611,21.457
1530992625.25,11943.4288,20.998142,21.457
1530992625.81,11943.2717,20.998435,21.461
1530992626.37,11943.6392,20.997751,21.461
1530992626.93,11943.1275,20.998703,21.461
1530992627.49,11941.5018,21.001730,21.461
1530992628.04,11940.6148,21.003381,21.461
1530992628.6,11939.7758,21.004943,21.458
1530992629.16,11938.863,21.006643,21.458
1530992629.72,11938.3158,21.007662,21.458
1530992630.28,11938.0312,21.008192,21.458
1530992630.84,11937.779,21.008662,21.458
1530992631.4,11937.6419,21.008917,21.458
1530992631.96,11938.3143,21.007665,21.463
1530992632.52,11938.9593,21.006464,21.463
1530992633.08,11939.3795,21.005681,21.463
1530992633.64,11940.2473,21.004065,21.463
1530992634.2,11940.9072,21.002837,21.463
1530992634.76,11941.4402,21.001844,21.46
1530992635.32,11941.9047,21.000980,21.46
1530992635.88,11942.3103,21.000225,21.46
1530992636.44,11942.5698,20.999741,21.46
1530992637.0,11942.6833,20.999530,21.46
1530992637.56,11943.021,20.998902,21.46
1530992638.12,11942.3361,21.000176,21.46
1530992638.68,11939.7963,21.004905,21.46
1530992639.24,11938.2679,21.007751,21.46
1530992639.8,11937.2814,21.009588,21.46
1530992640.36,11936.6525,21.010760,21.46
1530992640.92,11933.7078,21.016245,21.461
1530992641.48,11930.8088,21.021647,21.461
1530992642.04,11928.7638,21.025459,21.461
1530992642.6,11927.6247,21.027582,21.461
1530992643.16,11927.2796,21.028225,21.461
1530992643.72,11927.8038,21.027248,21.461
1530992644.27,11928.2646,21.026389,21.465
1530992644.83,11928.111,21.026675,21.465
1530992645.39,11927.9665,21.026945,21.465
1530992645.95,11927.4903,21.027833,21.465
1530992646.51,11926.7508,21.029211,21.465
1530992647.07,11926.2693,21.030109,21.463
1530992647.63,11926.5524,21.029581,21.463
1530992648.19,11927.9388,21.026996,21.463
1530992648.75,11928.6311,21.025706,21.463
1530992649.31,11929.2475,21.024557,21.463
1530992649.87,11929.3846,21.024302,21.463
1530992650.43,11929.4207,21.024234,21.47
1530992650.99,11929.5984,21.023903,21.47
1530992651.55,11930.0872,21.022992,21.47
1530992652.11,11930.0289,21.023101,21.47
1530992652.67,11928.4069,21.026124,21.47
1530992653.23,11927.4831,21.027846,21.467
1530992653.79,11927.1749,21.028421,21.467
1530992654.35,11926.934,21.028870,21.467
1530992654.91,11926.3803,21.029902,21.467
1530992655.47,11925.2375,21.032033,21.467
1530992656.03,11923.0419,21.036127,21.467
1530992656.59,11920.3626,21.041125,21.468
1530992657.15,11917.9536,21.045619,21.468
1530992657.71,11915.208,21.050743,21.468
1530992658.27,11913.7334,21.053496,21.468
1530992658.83,11913.4031,21.054112,21.468
1530992659.39,11912.991,21.054881,21.477
1530992659.95,11912.2234,21.056314,21.477
1530992660.5,11912.499,21.055800,21.477
1530992661.06,11913.6212,21.053705,21.477
1530992661.62,11915.5919,21.050027,21.477
1530992662.22,11918.3943,21.044797,21.475
1530992662.78,11920.9446,21.040039,21.475
1530992663.33,11922.1709,21.037752,21.475
1530992663.89,11922.6228,21.036909,21.475
1530992664.45,11922.7187,21.036730,21.475
1530992665.01,11922.0669,21.037946,21.475
1530992665.57,11921.9689,21.038128,21.483
1530992666.13,11921.6975,21.038635,21.483
1530992666.69,11921.4191,21.039154,21.483
1530992667.25,11921.4117,21.039168,21.483
1530992667.81,11921.8128,21.038420,21.483
1530992668.37,11922.8052,21.036569,21.485
1530992668.93,11923.7438,21.034818,21.485
1530992669.49,11923.9529,21.034428,21.485
1530992670.05,11922.3139,21.037485,21.485
1530992670.61,11921.9858,21.038097,21.485
1530992671.17,11922.7769,21.036621,21.485
1530992671.73,11922.103,21.037878,21.481
1530992672.29,11921.3805,21.039226,21.481
1530992672.85,11921.0885,21.039771,21.481
1530992673.41,11920.9978,21.039940,21.481
1530992673.97,11921.2293,21.039508,21.481
1530992674.53,11921.71,21.038611,21.493
1530992675.09,11922.0418,21.037992,21.493
1530992675.65,11921.8231,21.038400,21.493
1530992676.21,11920.9538,21.040022,21.493
1530992676.77,11919.9755,21.041847,21.493
1530992677.33,11918.5289,21.044546,21.493
1530992677.89,11917.6906,21.046110,21.49
1530992678.45,11915.8651,21.049517,21.49
1530992679.01,11912.9883,21.054886,21.49
1530992679.56,11911.8927,21.056932,21.49
1530992680.12,11910.6776,21.059201,21.49
1530992680.68,11910.1601,21.060167,21.488
1530992681.24,11910.1984,21.060095,21.488
1530992681.8,11909.3498,21.061680,21.488
1530992682.36,11908.8153,21.062678,21.488
1530992682.92,11908.9502,21.062426,21.488
1530992683.48,11909.0291,21.062279,21.488
1530992684.04,11909.0099,21.062315,21.49
1530992684.6,11909.3594,21.061662,21.49
1530992685.16,11910.0442,21.060383,21.49
1530992685.72,11910.6156,21.059316,21.49
1530992686.28,11910.9267,21.058736,21.49
1530992686.84,11910.9105,21.058766,21.496
1530992687.4,11910.867,21.058847,21.496
1530992687.96,11910.5079,21.059518,21.496
1530992688.52,11910.4069,21.059706,21.496
1530992689.08,11911.5703,21.057534,21.496
1530992689.64,11913.6612,21.053630,21.496
1530992690.2,11915.7809,21.049674,21.488
1530992690.76,11916.5263,21.048283,21.488
1530992691.32,11916.5955,21.048154,21.488
1530992691.88,11917.9027,21.045714,21.488
1530992692.44,11918.9305,21.043797,21.488
1530992693.0,11919.4613,21.042806,21.496
1530992693.56,11920.1205,21.041576,21.496
1530992694.12,11921.439,21.039117,21.496
1530992694.68,11921.9573,21.038150,21.496
1530992695.23,11921.0217,21.039895,21.496
1530992695.79,11919.3465,21.043020,21.496
1530992696.35,11917.9826,21.045565,21.49
1530992696.91,11915.7257,21.049777,21.49
1530992697.47,11914.1023,21.052807,21.49
1530992698.03,11910.9003,21.058785,21.49
1530992698.59,11889.8324,21.098163,21.49
1530992699.15,11864.5075,21.145605,21.491
1530992700.46,9.9e+37,-230.536087,21.491
1530992701.01,9.9e+37,-230.536087,21.491
1530992702.11,11130.108,22.574440,21.491
1530992702.67,11115.8578,22.603230,21.488
1530992703.23,11114.4828,22.606010,21.488
1530992703.79,11117.5916,22.599725,21.488
1530992704.35,11122.3471,22.590114,21.488
1530992704.91,11127.8944,22.578909,21.488
1530992705.47,11133.0466,22.568508,21.49
1530992706.03,11137.1982,22.560131,21.49
1530992706.59,11140.94,22.552584,21.49
1530992707.15,11144.3861,22.545636,21.49
1530992707.71,11147.4532,22.539454,21.49
1530992708.27,11150.6847,22.532943,21.49
1530992708.83,11153.8447,22.526578,21.49
1530992709.39,11156.8034,22.520620,21.49
1530992709.95,11158.9176,22.516364,21.49
1530992710.51,11160.9791,22.512215,21.49
1530992711.06,11162.8393,22.508472,21.49
1530992711.62,11164.6766,22.504776,21.5
1530992712.18,11166.1452,22.501822,21.5
1530992712.74,11166.7402,22.500625,21.5
1530992713.3,11167.4752,22.499147,21.5
1530992713.86,11167.9169,22.498259,21.5
1530992714.42,11168.8517,22.496379,21.496
1530992714.98,11169.752,22.494569,21.496
1530992715.54,11169.8766,22.494318,21.496
1530992716.1,11169.2011,22.495676,21.496
1530992716.66,11168.376,22.497336,21.496
1530992717.22,11167.8762,22.498341,21.496
1530992717.78,11167.2996,22.499500,21.492
1530992718.34,11166.6936,22.500719,21.492
1530992718.9,11166.0928,22.501927,21.492
1530992719.46,11165.753,22.502611,21.492
1530992720.02,11166.1297,22.501853,21.492
1530992720.58,11166.1039,22.501905,21.5
1530992721.14,11165.5937,22.502931,21.5
1530992721.7,11164.748,22.504632,21.5
1530992722.26,11164.1969,22.505741,21.5
1530992722.82,11163.5547,22.507033,21.5
1530992723.41,11162.7666,22.508619,21.5
1530992723.97,11161.8243,22.510515,21.5
1530992724.53,11160.9027,22.512369,21.5
1530992725.09,11160.1399,22.513904,21.5
1530992725.65,11159.7904,22.514608,21.5
1530992726.21,11159.1962,22.515804,21.5
1530992726.77,11158.8873,22.516425,21.506
1530992727.33,11158.4884,22.517228,21.506
1530992727.89,11158.0261,22.518159,21.506
1530992728.45,11156.5966,22.521037,21.506
1530992729.01,11156.1904,22.521855,21.506
1530992729.57,11155.6956,22.522851,21.509
1530992730.12,11154.617,22.525023,21.509
1530992730.68,11154.1083,22.526047,21.509
1530992731.24,11154.4614,22.525336,21.509
1530992731.8,11154.8042,22.524646,21.509
1530992732.36,11155.7524,22.522737,21.509
1530992732.92,11156.9261,22.520373,21.509
1530992733.48,11157.5867,22.519044,21.509
1530992734.04,11157.151,22.519921,21.509
1530992734.6,11155.3048,22.523638,21.509
1530992735.16,11154.333,22.525595,21.509
1530992735.72,11153.3443,22.527586,21.513
1530992736.28,11152.6587,22.528967,21.513
1530992736.84,11151.7319,22.530833,21.513
1530992737.4,11150.3767,22.533563,21.513
1530992737.96,11149.36,22.535612,21.513
1530992738.52,11149.2538,22.535826,21.513
1530992739.08,11149.5369,22.535255,21.52
1530992739.64,11149.2973,22.535738,21.52
1530992740.2,11149.5244,22.535281,21.52
1530992740.76,11150.2416,22.533836,21.52
1530992741.32,11150.9103,22.532489,21.52
1530992741.88,11151.4957,22.531309,21.519
1530992742.44,11152.6968,22.528890,21.519
1530992743.0,11154.0467,22.526171,21.519
1530992743.56,11154.8269,22.524600,21.519
1530992744.12,11155.6128,22.523018,21.519
1530992744.68,11156.6605,22.520908,21.519
1530992745.24,11157.7945,22.518625,21.526
1530992745.8,11158.5716,22.517061,21.526
1530992746.35,11159.4814,22.515230,21.526
1530992746.91,11160.1905,22.513802,21.526
1530992747.47,11161.0672,22.512038,21.526
1530992748.03,11161.6828,22.510799,21.526
1530992748.59,11161.7941,22.510575,21.526
1530992749.15,11161.761,22.510642,21.526
1530992749.71,11162.2191,22.509720,21.526
1530992750.27,11162.702,22.508749,21.526
1530992750.83,11162.4639,22.509228,21.526
1530992751.39,11162.6858,22.508781,21.531
1530992751.95,11162.733,22.508686,21.531
1530992752.51,11162.3607,22.509435,21.531
1530992753.07,11162.2353,22.509688,21.531
1530992753.63,11161.7067,22.510751,21.531
1530992754.19,11162.0797,22.510001,21.529
1530992754.75,11163.0456,22.508057,21.529
1530992755.31,11164.2474,22.505639,21.529
1530992755.87,11165.3739,22.503373,21.529
1530992756.43,11166.5698,22.500968,21.529
1530992756.99,11167.6226,22.498851,21.529
1530992757.55,11168.5899,22.496905,21.533
1530992758.11,11169.4186,22.495239,21.533
1530992758.67,11170.5688,22.492927,21.533
1530992759.23,11172.0232,22.490003,21.533
1530992759.79,11173.2508,22.487535,21.533
1530992760.35,11173.8812,22.486268,21.541
1530992760.91,11174.0264,22.485977,21.541
1530992761.47,11174.5727,22.484879,21.541
1530992762.03,11175.2614,22.483495,21.541
1530992762.58,11175.7554,22.482502,21.541
1530992763.18,11175.9117,22.482188,21.537
1530992763.74,11175.6234,22.482767,21.537
1530992764.3,11174.9945,22.484031,21.537
1530992764.86,11174.7586,22.484505,21.537
1530992765.41,11174.4036,22.485219,21.537
1530992765.97,11173.7799,22.486472,21.537
1530992766.53,11173.3552,22.487326,21.542
1530992767.09,11173.075,22.487889,21.542
1530992767.65,11173.4282,22.487179,21.542
1530992768.21,11174.1784,22.485671,21.542
1530992768.77,11174.5345,22.484955,21.542
1530992769.33,11174.718,22.484587,21.537
1530992769.89,11174.7733,22.484476,21.537
1530992770.45,11174.6672,22.484689,21.537
1530992771.01,11174.3007,22.485425,21.537
1530992771.57,11174.9616,22.484097,21.537
1530992772.13,11175.8036,22.482405,21.537
1530992772.69,11176.4745,22.481057,21.536
1530992773.25,11176.2703,22.481468,21.536
1530992773.81,11175.8883,22.482235,21.536
1530992774.37,11175.9522,22.482107,21.536
1530992774.93,11176.3289,22.481350,21.536
1530992775.49,11176.6703,22.480664,21.539
1530992776.05,11177.207,22.479586,21.539
1530992776.61,11177.7991,22.478396,21.539
1530992777.17,11178.8903,22.476204,21.539
1530992777.73,11179.6838,22.474610,21.539
1530992778.29,11179.8018,22.474373,21.539
1530992778.85,11180.152,22.473670,21.541
1530992779.41,11180.3083,22.473356,21.541
1530992779.97,11180.0561,22.473862,21.541
1530992780.53,11180.3003,22.473372,21.541
1530992781.08,11179.8712,22.474234,21.541
1530992781.64,11179.6618,22.474654,21.54
1530992782.2,11179.6382,22.474702,21.54
1530992782.76,11179.5232,22.474933,21.54
1530992783.32,11180.1558,22.473662,21.54
1530992783.88,11180.648,22.472674,21.54
1530992784.44,11181.2791,22.471406,21.54
1530992785.0,11182.0466,22.469865,21.538
1530992785.56,11183.0618,22.467827,21.538
1530992786.12,11184.4059,22.465128,21.538
1530992786.68,11185.8009,22.462328,21.538
1530992787.24,11186.9842,22.459953,21.538
1530992787.8,11188.5318,22.456847,21.541
1530992788.36,11190.0277,22.453845,21.541
1530992788.92,11190.4052,22.453088,21.541
1530992789.48,11190.1508,22.453598,21.541
1530992790.04,11189.8162,22.454270,21.541
1530992790.6,11188.4426,22.457026,21.541
1530992791.16,11185.826,22.462277,21.547
1530992791.72,11184.187,22.465567,21.547
1530992792.28,11182.503,22.468949,21.547
1530992792.84,11181.8356,22.470289,21.547
1530992793.4,11181.554,22.470854,21.547
1530992793.96,11181.1168,22.471732,21.543
1530992794.52,11180.9804,22.472006,21.543
1530992795.08,11180.9582,22.472051,21.543
1530992795.64,11181.5024,22.470958,21.543
1530992796.2,11181.6112,22.470739,21.543
1530992796.76,11181.7999,22.470360,21.543
1530992797.31,11181.4483,22.471066,21.543
1530992797.87,11180.8828,22.472202,21.543
1530992798.43,11180.8186,22.472331,21.543
1530992798.99,11181.7671,22.470426,21.543
1530992799.55,11182.5774,22.468799,21.543
1530992800.11,11183.8079,22.466329,21.552
1530992800.67,11184.8129,22.464311,21.552
1530992801.23,11185.7013,22.462528,21.552
1530992801.79,11186.0345,22.461859,21.552
1530992802.35,11187.0919,22.459736,21.552
1530992802.94,11188.7891,22.456330,21.559
1530992803.5,11190.1044,22.453691,21.559
1530992804.06,11191.046,22.451802,21.559
1530992804.62,11191.8599,22.450169,21.559
1530992805.18,11192.5682,22.448749,21.559
1530992805.74,11193.245,22.447391,21.559
1530992806.3,11194.0597,22.445757,21.555
1530992806.86,11194.814,22.444244,21.555
1530992807.42,11195.1391,22.443592,21.555
1530992807.98,11195.1339,22.443603,21.555
1530992808.54,11195.0334,22.443804,21.555
1530992809.1,11195.0091,22.443853,21.561
1530992809.66,11194.9022,22.444067,21.561
1530992810.22,11194.625,22.444623,21.561
1530992810.78,11194.3772,22.445120,21.561
1530992811.34,11193.9538,22.445969,21.561
